week,mon_feb,mon_mar,mon_apr,mon_may,mon_jun,mon_jul,mon_aug,mon_sep,mon_oct,mon_nov,mon_dec,s_40010,s_40020,s_40030,s_40040,s_40050,s_40060,s_40070,s_40080,s_40090,s_40100,s_40120,s_40130,s_40140,s_40150,s_40160,s_40170,s_40180,s_40190,s_40210,s_40220,s_40230,s_40240,s_40250,s_40270,s_40280,s_40300,s_40310,s_40320,s_40330,s_40350,s_40360,s_40370,s_40380,s_40390,s_40400,s_40420,s_40430,s_40440,s_40450,s_40460,s_40470,s_40480,s_40490,s_40510,s_40520,s_40530,s_40540,s_40550,s_40560,s_40570,s_40580,s_40590,s_40600,s_40610,s_40630,s_40650,s_40660,s_40670,s_40680,s_40690,s_40700,s_40710,s_40720,s_40730,s_40740,s_40750,s_40760,s_40780,s_40790,s_40800,s_40810,s_40820,s_40830,s_40840,s_40850,s_40870,s_40880,s_40890,s_40900,s_40910,s_40920,s_40930,s_40960,s_40970,s_40980,s_40990,s_41000,s_41010,s_41020,s_41030,s_41040,s_41050,s_41060,s_41070,s_41080,s_41090,s_41120,s_41130,s_41140,s_41150,s_41160,s_41170,s_41180,s_41190,s_41200,s_41210,s_41220,s_41230,s_41240,s_41250,s_41260,s_41270,s_41280,s_41290,s_41300,s_41310,s_41320,s_41330,s_41340,s_41350,s_41360,s_41380,s_41400,s_41410,s_41420,s_41430,s_41440,s_41450,s_41460,s_41480,s_41490,s_41500,s_41510,s_41660,s_41670,s_41680,s_41690,s_41700
2021-01-10,0,0,0,0,0,0,0,0,0,0,0,0.046052507444985125,0.015656772521932538,-0.01921261936634089,0.03935540235814461,0.0015238927516367795,-0.008075788808375783,0.00856137743759433,-0.022233694963973427,0.0065930042967634606,0.004676077605608064,-0.024009504033329243,0.06294211995679788,0.0018001805041478747,0.010957012468848504,0.03812518471213178,0.032165732019500126,0.07704579048996507,0.004798173386123317,0.05182923322090094,0.018653390591133245,0.010184375127209044,-0.01931195015188969,-0.05686029412138005,-0.02758795651882906,0.0066803394647481085,-0.11572676799101611,0.005335070450755985,0.054938225593262224,0.020317643240868932,0.11190752023900608,0.050583679070632215,-0.010399983295896753,0.006300927562216785,0.006371835651063584,0.041086860102521605,-0.029639369434626417,0.0266967269682441,-0.00136939425713134,-0.007543789547316493,0.05884833636868869,-0.02020270731751861,0.007971056697732237,0.03644486126677826,0.0035650661644961446,-0.012202037140206734,0.01828908423059694,-0.01774803500995592,0.005823374593176389,0.001388166108739597,0.005632548404859605,-0.013298068304631094,0.03460991142324499,0.028882874148785653,0.08334718493863402,0.01644912668105558,0.01065680281268655,0.018821480042654493,-0.0035335725813112617,-0.004102386918163781,0.014340186692271217,-0.04762804898925399,0.025610162905243428,-0.0021881846805538174,0.071582039709499945,0.006664223109128287,5.148005261697008e-4,0.045260249935096475,0.027912845743487402,0.01837020660174904,0.076293006564355,0.02286902903845789,-0.00982448193462826,0.017939218596869644,-9.128252573598061e-4,0.06132189087431872,0.03460552917747606,-0.031225216993288285,-0.09677147136064779,-0.027863704486935426,0,-0.02136181320952879,-0.024819337051241952,-0.01104653716853754,-0.0025974040576848267,0.02853391926511062,3.1157501420508993e-4,-6.329781833880332e-4,0.011264199200796021,0.018920663399526028,0.08913657555095433,0.02022127724723255,0,-0.0068578822389664396,-0.030428745750084474,0.0015224565234550624,-0.04047936656047746,0.03801627378884298,0.047012960373447044,-0.13164519275691067,0.0032431538198460785,0.045991191641016727,-0.06398311984587135,0.012502166368715706,0.019001986741001176,-0.004062294008878808,0.0611726478824659,0.026414410656983023,-0.015943978834616068,0.009414998934602181,0.024815169119723812,-0.014805945978081603,0.016776906379642575,0.01691005058012962,0.04313630996936535,0.06966854718833293,0.06269658590315874,0.03175297034920099,-0.008394592843026238,0.03862713935307038,0.008091750152629196,0.045768418455581106,-0.02796940622963895,0.021550410480727145,-0.005059032712394718,-0.06518668917271597,-0.004811963191604818,0.008879661374632697,0.032091673508073626,-0.020790769669073228,0.0324374275101178,0.08847179561610652,-0.003274665226751239,0.030313856368882952,0.03246073605418154,-0.05576357451845393,-0.054481557302721306,-0.040969042531695976,-0.018845293478672254
2021-01-17,0,0,0,0,0,0,0,0,0,0,0,-0.04391255370730729,-0.0421544397540341,-0.02533943404802308,-0.004152614324491211,-0.01600735857021629,-0.013370123873167827,-0.032011771247088205,0.0036443888039032757,0.01724511025917863,0.01122346236984928,-0.039601134157107865,-0.06526500137293745,-0.06742036751245983,-0.07620578700079594,-0.09196649386126143,-0.04864509423887675,-0.12389276378675351,-0.014675315784214327,-0.013798760239874142,-0.0644563889868941,-0.016786673226779847,-0.03748564824124312,-0.07422589899990495,-0.03776722452529757,-0.0797742729149915,-0.06869279646594517,-0.07202644494942767,0.0027821266423764257,-0.012722817927968144,0.019301590345845554,0.042623838432176875,-0.07131506134231103,-0.07704070727377221,-0.06283376670080543,0.17274191993714005,0.005173317280220857,-0.07095173597228488,-0.00687524193245892,-0.03765295892716303,-0.024343565678801582,-0.0058479698824234205,-0.04805063256584585,-0.0034806857278022463,-0.09709112417531962,-0.01122346236984928,0.003998101470426896,0.010516938093087624,-0.03412404583612716,-0.01414500140446684,-0.028716649649874526,0.0033411324098349127,0.029431922073650973,-0.04923510299768452,-0.033000982618950125,-0.023597730076330592,-0.035878287664901976,0.031045819052295087,0.024044874254003368,0.027152584877265795,-0.0025157245972478037,0.03571808260207909,0.03178980387137198,0.007637789448118326,-0.10404002455403294,-0.044904733311637024,-0.04392553601231519,0.04216443559523775,0.005148016517400933,-0.04324244134870625,-0.010931984620495605,-0.0509710615591521,-0.011068749968112357,0.002680068605866559,-0.0887563606057915,0.02387624899113039,-0.025259666759238186,-0.004322956509749787,0.007302012642750988,-0.017733327702695867,-0.04950912555204923,-0.0876284704988759,-0.053657920696264405,-0.012841025452273946,-0.07071272223741776,-0.004547529437629372,-0.04600588188947352,-0.0159560879104097,0.006821731880925164,-0.03059596043477164,-0.06540379764738535,0.014902059468965945,0.1363682739597225,-0.043144572842212625,-0.041765288135896306,-0.03824755599270713,-0.015228720701824017,0.12271267909735517,-0.045996527963390044,0.012980711472721396,-0.05517553802126507,-0.04382961284746134,0.021785758646033493,0.011088344244400972,-0.006428306587972443,-0.014349409178999295,0.03933741364161136,0.0713752556292766,-0.019436407687379642,-0.02370581716997755,0,-0.0611880185306104,-0.04186234536091149,-0.02403344440953603,-0.019702037933877037,0.05384323202082353,0.004768401405739198,-0.08142869397480368,0.0015793633185561262,-0.029734598942878776,-0.043932939981258023,-0.05360436544160052,0.007545993902660086,-0.0059329016497375875,-0.00877322734899355,-0.04911166529014821,-0.11759265012510856,0.027694077581837284,-0.016765217704626245,0.00670019256981913,-0.026991120552971815,0.022717641054266657,0.027099737240093624,0.015363813867569576,-0.048544717683117966,0.020497367206486317,0.0164862736170468,-0.06111302231454374,-0.0215863059844974
2021-01-24,0,0,0,0,0,0,0,0,0,0,0,0.022824321324193875,0.036069980825917725,0.07550755250814589,0.07126164394634582,0.019698601497687207,0.05914001392221202,0.05907009478918113,0.06270599875126504,0.07992579646746378,0.040679127172344565,0.036956329653230924,0.009835196433606086,-0.003855426462428646,-0.011036769500753607,0.11984734762406912,0.05469376488290667,0.04837136383588447,0.04602070697495719,0.07970674261074251,0.023377688009062148,0.01991807407534285,0.014259950375159036,0.013122112836907007,0.095508219214814,0.013860235742110483,-9.004953332505394e-4,0.03155373909293324,0.03514520702534352,0.06271081301830783,0.023992983491299746,0.04371293726940184,0.06621371929573172,0.09676072438857553,0.012061441327382738,0.10241500542807014,-0.0010325246141897892,0.03846628082779624,0.04880659005992083,0.011828907369349828,0.08504424295491475,-0.032183945797489066,0.004533441840607111,0.1204140052154905,0.056099652491706564,0.03982827295151292,0.05866676543465488,0.0441566733451868,0.0013342230131367927,0.029801235176733165,0.08187295704498876,0.01105716705430293,0.05600523715858596,-0.017916556579000265,0.01864666916726687,0.04695796545284381,0.04301137689452972,0.04267036497543142,0.035642296319360334,0.05020555742560173,0.010856056513466328,0.016971132821336,0.06826581504195595,0.018843087801479363,0.12771692770359344,-0.004642174680764555,0.011230064545266316,0.056516372758841804,-0.029088224063409385,0.059268063629532186,0.043798792700847855,0.047904659816873973,-0.0018376024465807106,0.08032575688739119,0.14814465576704716,0.08757296846819873,0.06744128079553313,0.060564657195542715,-0.012033391698818896,0.004606534057638001,-0.0015818616533458396,-0.018692133012153,0.03564113288867965,0.0446037960184853,-0.016180444455957677,-0.023053118644482673,0.001086720385147899,0.06154508968081274,0.057639001539287804,0.05649750804453202,0.0852708665654136,-0.017179446014644384,-0.10441667415311962,0.0384416326801027,-0.03650208891428708,0.01516368924449285,0.021255860996348908,-0.01577521522369718,0.024750427277795417,0.04082199452025481,0.011459391290825849,0.07510997624557358,0.025566780972007486,0.020889302055192793,0.0666523676139521,0.039802893169195386,-0.0016220603718686277,0.05105250282097096,0.0058896341996916846,0.04293080437237684,0.06899287148695166,0.02994040758608474,0.022059718064731726,0.013921766361328913,0.04424222311750636,0.07229287646966487,0.020182319749857847,-0.021271991607710206,-0.022879423114645192,0.09219576856661504,0.039220713153280684,0.03991459545242915,0.03659040520917678,0.05234648037220868,0.07156677805198619,0.008861784502228964,0.0431721718652085,0.06273492294586447,0.011373700910638718,0.06503401605584713,0.03750933205405449,0.10975086395911937,0.05662621584973948,0.07876437729209496,0.05206895040564685,0.05207332562834921,0.024650631943442747,0.06386658073172669,0.009254014263543553
2021-01-31,0,0,0,0,0,0,0,0,0,0,0,-0.0075503714396312205,-0.022276658693582085,-0.04540019468920509,0.06719906207084048,0.02757468714388267,0.04171902796286364,0.024938948347251966,0.07448039489636127,0.05891064838675231,0.08959174740224451,0.028200302145824807,0.043374864433977756,0.020077156220471792,0.014167887518730993,0.036548918530113106,0.029197268417644473,0.015117445875913127,0.003020846119603071,0.10466379206388421,0.051699715852198125,0.037758142656794114,0.013539496954610541,0.037056085653876636,0.08838556986769408,0.04923796041870343,0.10021215040453146,0.0356238196791514,0.11634771344115435,0.1118008668006425,0.012033236197968478,0.14517245623681685,0.0577213533284926,0.03570490650352198,0.0047058910374122576,0.008012863385356894,0.037842353183160427,0.0014503265776459884,0.06054732115547523,-0.024595487178726394,0.0629553752184071,0.08473744286343088,0.02970883179032846,-0.004958175636192941,0.03589462069063032,-0.044353167549802563,0.05575385626873519,0.15529659040425603,0.07649797097272515,0.07290010255437718,0.10006316902536572,0.02454777329468083,0.11211729812070637,0.003798675033215737,0.023810648693718406,0.08712205060898359,0.0900026159200582,0.10645517864915455,0.08602089078849051,-0.016176455468847273,0.02542162319331176,-0.053132772760472236,0.05154451910938462,0.026317308317374,0.017774484027578197,0.04806980284938778,0.025723203067282263,0.07597281028723746,0.008335209477118077,0.07690298766886894,0.061454478600609264,0.021038644146708307,0.025760289681675097,0.08291221815025551,-0.0025850940721054982,-0.025744234234240437,0.0888665391696204,0.08370777306005284,0.06784817080521499,0.05332111058947131,0.02792653948655488,-0.071077866416557,0.028822624688616294,-0.023094355802641076,0.012685159527315193,-0.005143803719342088,0.021383719217147323,-0.023256862164267034,0.05117660146484404,0.10005000825910493,0.08044700364977686,0.018523231211258206,0.05108362880338735,-0.02160185650378832,-4.7069899668805704e-4,0.054531429462329584,0.08215902914372109,0.03047209953740282,0.013779745598017534,-0.011494379425735168,0.06279006451212421,0.05148105843128814,-0.015655897072552882,0.09359768236864507,0.08143401224579438,0.17675790138939007,0.13353139262452274,0.06366854715272563,0.028386593211228828,0.050258616154050806,0.075507552508145,0.057318708782986505,0.007847912298301729,0.01670639908945315,0.07421419579708033,0.12249544908941967,0.10245920803514608,0.056697654802652764,0.003224075871751886,0.03142754583321139,0.04550735732050715,-0.014330742343004133,0.05051427090417526,0.0167414298844335,0.13472147540960933,0.0771131439579289,-0.012660138819769351,0.05364207777794583,0.08313053659782454,0.12276776672515943,0.03297106659323301,0.0911156165316962,0.1051342457168225,0.05412019578954386,0.0841948226062943,0.012513965291473639,-0.00420698979762868,0.03157682286656538,-0.026927522881041277
2021-02-07,1,0,0,0,0,0,0,0,0,0,0,-0.0536228755620094,-0.03342929664919403,-0.047559807770166884,-0.01805144412156512,-0.054371810019247846,-0.013410903767325344,-0.01954228117509782,-0.0183615029699844,-0.11332868530700324,-0.03672090103341752,-0.04907341746414584,-0.0917333428639191,-0.06400230272612273,-0.03378028320735549,-0.004905978768854347,0.005586606708639863,-0.08449119719988119,-0.0632925653082923,-0.061264476529329315,-0.07946722653851257,-0.07699809601440766,-0.02193432787737226,-0.02089194061286559,-0.07787989215347935,-0.03308104961791436,-0.07091578091610096,-0.04134870482151509,-0.005086785355110202,0.0625262818890544,0.007695209873445741,-0.03167966784746312,-0.026414448703448556,-0.03750901133022122,-0.05591643479394204,0.015835643661338494,-0.0937861427999307,-0.022349345693190692,-0.020619287202735315,-0.021628556630523654,-6.857926888965693e-4,0.014364887895103706,-0.0673476832902633,0.043167796426297755,-0.04868797215053977,0.03454382458817751,-0.035884478106086526,-0.11803399364154288,-0.057676216732136965,-0.009567925008012956,-0.0577254937340177,-0.057183660308600004,-0.01890415463915307,-0.07272358634480369,0.09780261477808416,0.03731364687886618,-0.00815307118963382,-0.04616023869271402,-0.05725966428300566,-0.007424941299737142,-0.060068096543413496,-0.021525494786273747,-0.02119772206838544,-0.04244669024725756,-0.037611270745784076,-0.01077476521038001,-0.09024399857980381,0.012692826798418544,-0.03421795731034116,0.021334142474991324,-0.05302207907601186,-0.09023402677246395,-0.03453531423689071,-0.03293191873797241,-0.07152287808161706,7.309051366926056e-4,-0.10807151900567114,-0.018030538545414032,-0.0038558206327286015,-0.045500374494766405,-0.08028506797895663,-0.06682474212673561,-0.043942121856498595,-0.017867001828424378,-0.02123222010577397,0.007473178171159667,-0.04969425123609206,0.028887281221256167,-0.07299993879936029,-0.059306690618565305,-0.037950982909791264,-0.0013437851966138226,-0.03961919891268817,-0.009032319470837713,-0.0349736242894485,-0.08669871646940663,0.040969585104243755,-0.04781106881691333,-0.06703974586606876,0.004805391274938842,-0.049350428093474896,2.3778385559669601e-4,-0.01827608998121466,-0.0680099324202379,-0.05979944967780071,-0.05740838802869863,-0.02794363006195688,-0.015007343803841167,-0.08248538661594118,-0.07822315478141384,-0.09397773457054637,-0.08429028687526863,-0.06650477445459124,-0.06404641581710369,-0.028857584468138242,-0.04025369487281871,-0.020957486856485907,0.004634601731217991,-0.03493805136128003,-0.024479264084780183,-0.02414472917914523,-0.04521065134801194,-0.052366409109209755,0.012760260503530851,-0.004636076917478249,0.022006459102747122,-0.021274420280227524,-0.11284253604960881,0.0029690555098547122,-0.05583672473245205,-0.04133768802222626,0.03584613177313578,-0.07249039764045939,0.01959227074104497,0.009755193768747894,-0.0712422381665423,-0.07074096560581822,-0.07131095835766121,-0.0011737549764951893
2021-02-14,1,0,0,0,0,0,0,0,0,0,0,-0.014768672996419596,0.007838259287143323,-0.12651381996587574,-0.06108587643715868,0,0.03005149099004445,-0.015549038636172519,0.0486120423822376,0.11266709084026427,0.022246964143582737,-0.01718302197945043,0.016776906379642575,-0.21472800205597942,-0.0036444664756434264,-0.011956440106076549,-0.04771452105265528,-0.05797507374650479,0.01319448807953183,0.08861883594370035,-0.01954749046667459,0.03683205428907321,0.0029575723981736246,-8.020318569208484e-4,-0.025133598118493694,-0.09786422867989941,-0.05576984615560221,-0.06038191233321655,0.06306563556403333,0.08406830487542027,-0.0609183098445758,0.06829840509330865,0.0243936247499148,-0.010361219560036439,-0.08164722135851843,-0.06910509863481629,0.035066204595215034,-0.013803614062947389,0.02709180170835257,-0.05968918707613291,0.04581294909959155,0.09316355990507041,-0.04359818639068713,0.041666624331176294,-0.008079763858411582,-0.026638645081064283,0.03384885399348825,-0.011446671358919858,0.048369495299734666,-0.0360531666311763,0.08021548299536807,0.022023362030080484,0.07049532770717537,-0.04269258430131373,-0.08223809823697259,0.0500566256526076,0.02167768952521154,0.040879546820923984,0.10742399882006559,-0.034637735123769886,-0.048446285211435125,-0.09254881004079607,-0.01969230624899243,-0.03755272831997569,-0.10749209286255113,0.0014930947156059915,0.007628233063211809,0.012048338516174262,0.03246894068607986,-0.05678837283279581,0.015652932568047895,-0.0027886949242619252,-0.007683390534269918,0.048160639439797315,-0.08709563363542205,-0.03343136644762712,0.08848766439559963,0.0096122345102847,0.1079268755556706,0.019940465068790658,-0.03777597415890721,-0.16649936911959173,-0.03578910785158573,-0.03373962485058257,-0.07229383790504951,-0.15143991644327048,-0.033631890484071114,0.042400855744181065,0.12326720811180536,0.08379155996643384,0.011794304261063537,-8.968610466633109e-4,-0.13753644136603782,-0.06561925181662787,-0.08439965819026973,-0.008611463334919023,-0.03682688642923271,-0.045167525286297305,0.01727158650866034,-0.031161235980301072,-0.05896825677425355,-0.0028571448007799205,-0.020851387425413925,0.0680099324202379,0.040851514379742326,-0.002546773832218463,0.08374379867201043,0.04351160561532197,0.016066992461205132,0.06881279675545127,0.03339099082460706,-0.03349274878111519,-0.031997506111840934,0.030256633449686987,0.03450303836046675,0.005868860938178955,0.05493918760949423,0.07034461447543716,0.008298802814694639,0.03086000179150794,-0.02949275422461195,-0.09497988985393313,0.008460938098433068,-0.01931842219388713,0.04564306820081754,0.0576787052148493,-0.06035057534174193,0.06818609451701096,0.062380407311153796,0.10015312554879063,0.09267785045280963,-0.014677367201974434,0.1179452285040341,0.08359663958174579,0.01952393416887155,-0.0968431688429714,-0.1919606238775211,-0.041875641129268004,-0.0479527447808028
2021-02-21,1,0,0,0,0,0,0,0,0,0,0,0.14574237726526906,0.111307817209366,0.24924027664282722,0.14825095770007035,0.13319740987719353,0.08439394593727556,0.13305296186824744,0.05712242578797788,0.10572444677960746,0.052035232469758164,0.1830090783060827,0.12127597096372611,0.236191266706685,0.1083175996184833,0.10949959441471346,0.18717915080140024,0.2638271279506528,0.1515498981272012,0.054084128155604816,0.16998315169640144,0.14765490686562543,0.1448258429335505,0.19806573482851597,0.16679643902754648,0.19604326291087304,0.21776370344388685,0.1739156231786776,0.05440069911376355,-0.014285957247476055,0.176170395044001,0.08309863344991442,0.15150867036441973,0.15236799315140015,0.2165223528797391,0.1570325262021468,0.13957847296816794,0.11250995375822459,0.08703697830041879,0.1784362640681456,0.10954571663991786,0.03390155167568132,0.21641614879863091,0.057935002120797385,0.1153162012776745,0.20015926497997594,0.07094940983099285,0.13202529373984007,0.08967003897990633,0.132222396728209,0.09108648999248814,0.1255814490817544,0.12034868076222782,0.18143463877572685,0.10613241843640875,0.05476247147548019,0.07133996291099454,0.08067998862978332,0.08654139873642386,0.19486746102741037,0.18637470352712082,0.22085351198015957,0.10450970242544244,0.15696045970336137,0.18086559924483847,0.11408770873334895,0.16610102288027928,0.09385257164277938,0.11520251471225507,0.12976490982904565,0.12133938525929366,0.18109375757538082,0.1452799176186108,0.09497936153505027,0.1542951154453327,0.16811893408760614,0.10210980170221529,0.05917097139250416,-0.033664217570652966,0.0990452165533533,0.16794211846680795,0.18754047266974627,0.16539434617791926,0.18799850753666547,0.19309250952666268,0.1565455204789714,0.14586260692297248,0.16183639795226057,0.0731661928748304,0.07845757322591407,0.07337345437750376,0.1431307519716407,0.3085682560153922,0.1903629556689479,0.23233197736861566,0.15723472236421987,0.13219073013654636,0.19173124832041477,0.18914752186435457,0.1262098981088995,0.21720083045547778,0.09500666992708418,0.16070860267804488,0.08918658747436137,0.03924796148091669,0.07844200664768142,0.034590907423961426,0.10192278168623847,0.1534758021232232,0.13124387437204454,0.05755184005078551,0.16998418303411444,0.20776377641503974,0.09482745008547777,0.07853119931293584,0.10313185416036497,0.024678440355197395,0.07034707228700832,0.1439452987419818,0.13282442900370217,0.16977147763966638,0.199726720312996,0.10130819845287853,0.11634572357054296,0.0655091930573688,0.10002772599893639,0.182321556793954,0.09898429851855006,0.04411401483257116,0.050962332941537625,0.042366660215135354,0.06695366541259062,0.0512122012520404,0.10210862034148871,0.08581656527582204,0.13536873440052055,0.18469447020089902,0.23863702746883142,0.2350000421745424
2021-02-28,1,0,0,0,0,0,0,0,0,0,0,0.03710504063835085,0.01056152118607212,0.054790933810482834,0.01967002108669913,0.009695635386528068,0.021193301384599295,0.02286624897913203,-0.012621377334371076,-0.010775321257698423,-0.006057565216594618,0.01703618715256816,0.07011504862813833,0.11288767096688979,0.020180865069514553,-0.05423245590383097,-0.036106624233995355,-0.02217087789415384,-0.012615580057869558,0.041138438664419574,0.023935323648462514,0.019973895784420215,0.015794420176081125,-0.01659146565019043,0.02131320160154626,0.010381772634969977,0.030771658666753687,0.057267274694948966,-9.340183479746855e-4,0.018666756165985454,0.016175216049162167,-0.04266575087499902,0.006103782938017055,0.045929368324681086,0.021106131355836943,0.012866510593250169,0.03485929880178151,0.045283327054055356,0.02365492235428146,0.025636941869684016,0.032360296684775136,0.02386748140664352,0.05726816525310863,0.017619249172409646,0.031778818342894866,-0.052942419270198826,0.006149983903241285,0.02042909678382987,0.013303338003093579,0.02273479214482954,0.021952723665568108,0.043914639236963815,0.0430671786290997,0.07682957894775111,-0.0013898542890542487,-0.009960079072899752,0.03329314997405319,-0.005536641060012393,0.021452967951312907,0.012048338516174262,-0.03895108658444357,0.04139599243135539,0.02846547116532072,0.07324867363211673,0.028251819133562783,0.003985392189752801,0.0279722080477951,-0.027182079747333,0.03788476777337202,-0.0016995566360815673,0.05230232585847361,0.024480770623686254,0.03505298553990421,-0.059781887172303705,0.03491201729756632,0.0019138761822841133,-0.06283057879241483,-0.026345267050285948,0.027761697140044284,-0.00787505657542642,0.06306265634386499,0.05768309248632164,0.019117791995854283,0.044316271925127104,0.07095607784245761,0.08175065001869175,0.059984072685279166,0.10423187505908249,-0.06476719336959214,0.015701767580117654,-0.018072781059694343,0.017344817172635807,0.04608323903917366,-0.00372546640942506,0.04963085358422514,0.07644769410226804,0.01992362356911581,0.05402746853230056,0.01714247402092539,0.017286515157184823,0.008213291896200126,0.010353845730741718,0.019030219650807645,0.003591589289232644,0.06844776381469142,-0.01682556152513115,-0.02336984392088759,-0.031165876174154228,0.013245226750020045,0.013997758400042137,-0.04857742084345151,0.009722695978521934,0.018692133012153,0.03863408818534353,-0.015091730353586463,-0.021104679417536687,0.012394524869707269,-0.0019804957711331284,0.06197081901323198,0.007705385635247808,0.04215291098372287,0.00550965581096996,-0.004300485229465245,0.016450275858537644,0.007456538276664482,-3.5304501690625045e-4,0.04588802852689167,-0.02198838319106322,-5.639435180606611e-4,-0.030978047888072346,0.008837583012465622,0.052744188784376256,-0.018663061131927172,0.010813003597313298,0.021695917271216558,0.05692743058520744,0.2236903480105994,0.02284707315483825,0.04370892016189565
2021-03-07,0,1,0,0,0,0,0,0,0,0,0,0.0555089547598584,0.05381982079313197,0.05380855598171497,0.0022767266380068207,0.0345188832795138,0.030806007465064233,0.06707855724622114,0.038589020015942666,0.05759300023754843,0.032871485474622375,0.055630720984698456,0.06045142665391978,0.05283599441802789,0.018381570925322777,0.03698418427952266,0.070954864222732,0.09703793538653649,0.07409482973591075,0.05511192869360748,0.06370668967410698,0.07139569086370745,-0.008353618272022523,-0.006714438833737013,-0.037313542947987166,4.049402768426802e-4,-0.013803343025898585,0.024744690046921036,0.05518372777457348,0.16328360007547182,0.060369500249625396,0.06147339821482323,0.08920639686630771,0.10153125936941976,0.04177021738120157,-0.10236626552853334,0.021619305358688834,-0.014867759326515184,0.04988966950284901,0.024354677029748473,0.13175289771056597,0.13894126116372973,0.0052721474265755575,0.0645550597676765,0.037567404362778944,0.1058458347646587,0.045483334921899043,0.0022610802518245876,0.021006545547614053,0.055077560493391076,0.07816350727085641,0.07323651240358142,0.0998807481216053,-0.041952460700971805,0.05874115076052,0.08354569130876843,0.021522737015738258,0.04997917057465884,0.07150400167307058,0.0018517204920742714,0.07571993437153246,0.023815149336186003,-0.0020639842208511894,0.014203523289712194,0.03616527646806933,0.05513080075104515,0.05370114885706556,0.07226784607298153,0.010831104950685955,0.050310010139202,0.0981965708590975,0.061912608482781906,0.06030313009207777,0.08292757451111754,0.06087071508702557,0.09149814504014753,0.06831004455704015,0.03905509539867946,0.10096904890355951,0.014181042915359043,0.022808933825310795,0.04831342677769079,0.095447888184097,0.051206344886523425,0.05820762866455276,0.006802747322753433,0.055076572699296555,0.16999569584448615,0.02681955486310894,0.05202118475087936,0.015532243191707096,0.06830482436680718,0.031201217364974276,0.05746142723067482,0.09752679075206316,-0.011187724264477339,0.05637635581816447,0.017730960971231724,0.152676840208958,0.03618400630423135,0.04236749800805484,0.015121148511457072,0.02856459564464764,0.01751536083797589,-0.0221909733084793,0.029082384037656617,0.03754351245740395,0.10668461484948555,0.018155309697427846,0.07354323693136688,0.03880336624602432,0.049413326875700214,0.004223871116185052,0.05440174258626307,0.025949052006822626,0.08488990485093595,8.395131317184834e-4,0.059641744310609646,0.060466339704620786,0.045025612384733016,-0.0313049598999644,0.04180207199102437,0.028776992575742177,0.09687100481094024,0.024259675102801914,0.16148850236819534,0.032824545648042935,0.08998573443651292,0.04751951596797621,0.06801931956842111,0.018109146789845987,0.0612674358210592,0.01712104078011123,0.04469388220416182,0.0886333183168233,0.03369922250924162,0.007985523378928328,0.0011478861027018894,0.04283153616916113
2021-03-14,0,1,0,0,0,0,0,0,0,0,0,-0.09066733330790111,-0.08813139807731929,-0.1418479349390971,0.0333431985959205,0.013149555153741055,-0.021104859752691496,-0.008050983983569182,0.010083122201268502,-0.06302451630635542,-0.001961746583039492,-0.018057240420274567,-0.049229059546131104,-0.03664662310977462,-0.02338873446262202,0.021699317548567798,0.01036936600455629,-0.07752840304189679,-0.0589388745139896,-0.06450166904344634,-0.03924845278906197,-0.04682739917059564,-0.0526015540752951,-0.08527758495706017,0.0028760445478930308,-0.06567276739058325,-0.009555383251729666,-0.03994865475005582,-0.004558123870531006,0.03141619623337899,-0.011290276965592483,0.0015957450194683531,0.04343247828313501,-0.0061020585974267405,-0.06269559862357799,0.04160846723086831,-0.08627596696541495,0.0652302388629531,-0.08801087732271373,-0.062158221560903115,-0.02149537002608337,0.056656554669344494,-0.10011601805947556,0.0398788557841403,0.014285957247476944,-0.08661447283677148,-0.009963850547983988,-0.004073632670123395,-0.011491992170811649,0.013374547365235578,0.01391273020958117,-0.09198528619286073,0.005328719468319143,-0.007741974153614883,-0.05457736958874104,-0.036742277579695504,0.006173193373518515,0.01831589896003738,-0.029304996483654477,0.02195725088260403,-0.018215439891341667,-0.05253268350777063,0.01390652754367494,-0.011970881147736812,0.047140786652406064,-0.03934619153979391,-0.034644206625356944,-0.05040414198753673,-0.07719881085727476,-0.013206885764461163,-0.0713953406323542,-0.02299403655896981,-0.045483739315514526,-0.009997583896956819,-0.06422361009733724,-0.03974818842071581,-0.05764069019364104,-0.004773278752657539,0.01747741458535046,0.01579943059471134,-0.06032598063159611,-0.03637406642784846,-0.020636818466158502,-0.03788103975770429,-0.06829673501609612,-0.06386078475107393,-0.11866245017887156,-0.05807258093289924,0.02214484051157317,0.0051309572749165255,-0.01842395816619291,-0.08526091461520835,-0.07815820045274524,-0.036156829370895593,-0.10636929209765533,-0.05149828476510887,0.025647150886043413,-0.014159528603634897,-0.1284532500552933,-0.09168041175374686,-0.0385082086699855,-0.0042363969311072225,-0.029032067410074802,-0.05375971389466461,0.020599376601335706,0.01086870387287231,-0.016252131222929123,-0.038157312423298784,-0.03647668947930871,-0.028771571039697186,-0.03371105734231161,-0.04912879137797699,-0.020224212462626845,-0.058403217853219225,-0.042188447531354534,-0.030717833008048423,0.00918842605440684,0.004292094463946405,-0.04887459154083551,0.0223489203114271,0.08174483574406644,-0.02795085368966177,-0.028637978187529,-0.05738166762870289,0.020927520105956,-0.007539618525881586,-0.06948902629742726,-0.04982655761333632,0.04498954155663615,-0.02516241990224266,-0.037241947708388956,0.026381400096822993,-0.038702329019037585,0.03020940585529086,0.004587348594249363,-0.10394242907022111,-0.058052011907964385,0.07689022211410901,-0.0010129600151120854
2021-03-21,0,1,0,0,0,0,0,0,0,0,0,0.07383010947167001,0.053344122761794566,0.031169982460486523,0.006775633733759001,0.029549870520089172,0.041665823398750135,0.018637697319744184,0.01740446126429518,0.039162524564046564,-0.005908436686166141,0.05383885862941096,0.030580500468058602,0.056941376400137855,0.047269433242179915,-0.0022230464879466894,0.12510122153227066,0.013236460625830837,0.07806121029746294,0.07193664753096485,0.046503623670233196,0.05363786817312288,0.00887075076603594,0.025116026806120573,0.01482353255150759,0.06466010907619779,-0.020142419140012358,0.05620245610241614,0.0454003304149202,0.010119523247586137,-0.017493157447517227,-0.015263383748131965,0.0031531261754453865,0.028879042140403044,0.04072800853855707,-0.0510947043759753,0.09290136927964632,0.08449142605511639,0.10049153854632298,0.018984701767896794,-0.02998157025771686,0.0331901531008123,0.06517934140942039,0.033058924218176244,0.1449903104285939,0.02909637448763913,0.009963850547983988,0.03666186780725322,0.04333102919107201,0.0018582431681153366,0.023666153073490293,0.04431045447322912,0.05938063697666607,0.040614719154190126,0.058504076204912714,0.026806286246357836,0.02062369405186093,0.0017933650318067151,0.04454022592834761,0.0655994922865002,0.041762728361975476,-0.011084832424493207,0.015835021200008015,0.03549112913830399,0.01366239702726002,0.05675956686499184,0.03046148176003971,0.02789927537986081,0.05465841253786419,0.037706602193744665,0.02310133127339853,0.07559791531487559,0.05453771309467381,0.0587759054079493,-0.00673970537691293,0.060470342035681135,0.06490025020644552,0.03636021450197813,0.0068317143720992846,0.005922531089752603,0.054184099291497034,0.01923478713673976,0.04340202923917147,0.03693652965206873,0.042335909112319214,0.11224731622077755,0.048995377054658285,0.1162453511058752,0.010398707220898196,0.026929154339527805,0.0365146057406891,0.09237332013101529,0.056089466651044084,0.04961960675133348,0.06107573000694977,0.03227532499825703,0.025360210768341496,0.009932681873720206,0.024977799140784462,0.049480057263370014,0.015289918567978233,0.09625529565135871,0.041370472507628264,0.04567477849556756,-0.019624242443128992,0.03994973755337927,0.01394650704285283,0.016458857947483807,0.06183129757154937,0.02801159633560868,0.04165973875264051,0.00510784311437984,0.045713238664952804,0.0497988471059827,0.04719847805089117,0.007079675588061107,0.024368077754116868,0.04716531572181548,0.05518641556729076,0.025504357746979345,-0.0036697288889619983,0.02876122650548485,0.050813613053597884,0.0629198025146751,0.0015766656793942957,0.046240185641255316,0.09452033491135836,0.018668868271030092,0.014757333106844683,0.021519428623741454,0.051922623741533336,0.016880551764014484,0.05432046917600264,0.0666856264307416,0.018890621600268886,0.15014859120934876,0.02272825107755594,0.042293998409443034,0.0727614460722581
2021-03-28,0,1,0,0,0,0,0,0,0,0,0,0.03723174224172965,0.00864286271364989,0.019828124816546833,-0.0035813806684101834,0.009776986599892012,-0.006589987658242258,0.0027371622649896565,0.002172497052599809,0.010707669951216303,0.020165669594594426,0.04599666091929677,0.03332099102609298,0.06084165925624507,-0.0017114500155539503,-0.017586982760128045,-0.10117912394085238,0.027239038162184315,0.0116648548130458,-0.050066698757735395,-0.03609994238905845,0.047496502928211726,-0.004630268384161695,-0.010067199117723469,-0.009096140033844513,0.014084739881738528,0.02603345237724941,0.02256090286314638,-0.008158340531871033,0.12994620639460575,0.04437868719355009,0.04278444972787998,0.05226023017805215,0.024797355426661838,0.045454662014320135,0.11043103832626322,0.023550528057084463,-0.04971573956471964,-0.01588781954522389,0.027934250042500608,-0.004031203425988394,-0.016648133276538246,0.023739047984464356,0.04883409221529966,-0.10076984194922733,0.011039670537330792,0.01668443290790389,0.02262344326469279,-0.017216296112100515,0.059586617500976935,0.043851882528850084,0.02117151365946146,0.01525688401383185,-0.06155789299943404,-0.022458011238055242,0.05530611796884788,0.031748698314579826,0.019322367712505617,0.011904902506318926,0.038618786971383656,0.020245019539411047,-0.020917898661680923,0.0315850358975478,0.010704448177578207,-0.018452303855592156,-0.011471215542148805,0.033408746981856474,0.015012076905291494,0.03655759573379758,0.020826854832951547,0.037740327982846544,-0.051050781957600044,0.04825244115320526,-0.004748347003320497,0.08503704268591239,0.00492518517859164,-0.01732829496107069,-0.002209058032588196,0.061008585311709496,-0.004438606662461098,-0.035483153571419734,0.014361017389450836,0.046676356444581124,1.1811256140870086e-4,0.01165282476691587,-0.028251623060648434,-0.029344089657369565,0.11285958713961186,-0.04380262265839274,0.02095177801729875,-0.008115131218990435,0.006006024060211779,-0.05871528872871146,0.014602675517846109,-0.004949562741167313,0.05367246456299313,0.08878160227046106,0.01992028127596157,-5.306447458028885e-4,-0.03509131981127034,0.06194543336399949,-0.03173004142412328,-0.026518714371603025,0.0075815374523982015,0.06508661651988579,0.044784845478248236,-0.00901719365018927,0.05914028642736735,-0.0017556464488768242,0.04823489696300687,-0.06803630808517269,0.02460286240649623,-0.018663061131926284,0.011148214863300865,4.996252914324373e-4,-9.925559127514916e-4,-0.024645278033092133,0.02301028801418603,-0.061857554384313396,0.0470031872846608,-0.013217215937845417,-0.03001253010983973,0.033007154375913395,0.03451347781274805,-0.004935356972715077,0.31942550169958395,-0.055108763851208664,0.021952101019881987,0.06314693697067142,-0.03245532889397751,0.008316395261311449,0.02623802250348195,0.003942385697528472,0.026646313361477603,0.05681910910492505,0.02923235105109878,0.022955469296385367,0.018830415170831394,0.051373668097629555
2021-04-04,0,0,1,0,0,0,0,0,0,0,0,0.010387905045340595,0.004695159205377664,0.006860654530357557,0.04023980395204596,0.006699601927832255,0.0029222381312647983,-0.0171217183197081,0.027539730047309696,0.0031613763935745,0.02035998472494427,-0.004525339744382961,-0.02302127450582958,0.06280090123903026,-0.018672741705274554,0.06397210934106301,0.10284965797203771,-0.014175495101360625,0.1251923788732583,-0.012188194988697276,0.05417991637379238,-0.06864619094959146,0.013625020130827004,0.026858417792641198,0.023703141319280974,-0.0036028862031978193,0.0014673516939502917,-0.005626270702232539,0.004391857736393945,-0.05654298349678655,0.006609938938601623,0.04152495317801996,-0.037998926380978126,-0.011180542619229072,0.009735247252955936,-0.03252906971914449,0.059072826209943585,0.007046417881364064,0.04892767362342365,0.008018025482734004,0.08012376137165589,0.003047621406475187,0.012125129118540023,-0.049987894120155474,-0.001697793277094739,0.08838280577600877,-0.011590025725790376,-0.0014971663581535566,0.009451866207972337,-0.010802768037548205,-0.01459879942115272,0.06666249488334675,-0.031223412447118015,0.09016630091691002,-0.007375159141924215,-8.658633919997882e-4,-0.02931907687960411,0.06812026540018046,0.0029542118974310583,-0.008819510361349536,-0.011118947075033248,0.04840294248017951,0.012764989634376,0.019401705169930672,0.039931156986778404,0.020981948376197046,0.002557001180109708,-0.016020940578091114,0.04861572020911176,0.010932804487849168,0.05607543737193765,0.0539957500348649,-0.023879635260179555,0.031161007809696883,-0.02197890671877545,0.011274076573217329,0.08082083525497641,0.01615350709122154,0.04771783180671996,-0.004706668199117026,0.010839375250694339,0.0031250025431353023,0.008598383050773428,0.03219149621409656,-0.015089254265497232,0.025826399559898405,0.03922071315328157,-0.13935356326802228,0.05116461909946235,-0.01949979684538139,0.02631730831737311,-0.0483499651923891,0.04624111450353574,0.02009200008268852,0.04551326336711714,0.014938037108866986,-0.06174663019374638,0.03401688527825453,0.024122826762623006,0.03163708494318307,8.22481197839231e-4,0.037113634507596416,-0.0030759790478942506,-0.013178092380555562,-0.01781373886674853,-0.04053711162554574,0.01004257184820645,-0.0054413468967817735,0.012225285229372496,0.0093739419732346,0.07168372854221605,0.024820584140449853,-0.023829562832983875,0.005527845170236745,0.0014973798655040227,-0.005976113403341365,0.04869774699825502,-0.00971342694968591,-0.0017865123107974057,-0.057975304673360206,0.06490434032720405,0.05323214815285393,-0.007312881393468196,-0.018533591592873933,-0.0011881189516458335,0.15530007652060096,0.01948918946541056,0.0060132472234517564,-0.06323907314800614,0.052627622123689655,-0.011925323062818016,0.006691545855819214,-0.04868423757646134,-0.024980756680642813,-0.00578586507404566,0.07342180300898438,0.0962414643790499,-0.03009525523397194,-0.059611497161506044
2021-04-11,0,0,1,0,0,0,0,0,0,0,0,0.01402451582413633,0.04013653480701418,-0.01994951070900086,0.07628005964527595,0.041644007655519566,0.033894346779232976,0.07755168140190971,0.0627335856912552,-0.027048326282830715,0.03985887526811105,0.04152377936921514,0.04552447430654816,-0.03090753746307673,-0.009468771428852385,0.02275610185310306,-0.011377535769382163,0.01864406302223731,0.2943111260481688,0.0718112804666502,0.02041228643609383,0.026789860897641127,0.0227645613213614,-0.02229165105283304,0.08905427861942972,0.0229940755178486,0.09504354868689369,0.06122500418322829,0.07626198483363034,0.02489129137709778,0.016434386319680527,0.07820952659187519,0.06186376521766945,0.028116560136613344,-0.013056957664780988,0.04735461482537051,-0.07689760143554203,-0.0017569550639660036,0.02029270326776267,0.0026737983844018487,0.04516334340226891,0.08456766832022833,0.013810254782719689,0.05611885267211569,0.03629178257273846,0.15987725238445982,0.06970003930941093,0.0157851446048225,0.030572089166013505,0.0590930571653292,0.07420156957050139,-0.05970377289614692,0.0998185601327064,-0.031099069229927778,0.09494305014224391,0.04309184841585356,0.08044842340220892,0.056560318603333215,0.05564957372032531,-0.0036767077868686826,0.07340891585122478,3.872216892526481e-4,0.03467223451392698,-0.04092642770921717,0.017186840238703205,-0.012907370343919311,0.027289686770726185,0.03471832929333818,-0.04495940900600104,0.05904435284190512,0.038638324430951165,0.03165679921972142,0.007082809600796658,4.612546207232171e-4,0.032789822822991255,0.05117183708664985,0.00887017431459558,0.024041028856911062,0.0030905470640156807,0.05827515472738565,0.006600684031352166,0.009660244177011279,0.01739540251822813,0.032627486358175695,0.006576149503248807,0.027934777331553917,-0.02014099487434251,0.0376868177088614,0.07078425703236935,0.15306930237303185,0.02197890671877545,0.034160298234871433,0.0616578068238427,0.012323647621983014,-0.012108018037164214,-0.014102266061470914,0.04022397715992998,0.06129329452607024,0.04160924932069854,-0.0866968621262103,0.04945548716914239,0.028357287629925843,0.022541313835997556,0.052669897455021264,0.060132329822646824,0.030391385584991326,0.03177271801073278,0.09550480012267304,0.014102396047769972,0.0227067466261337,0.035760663879098153,-0.03286166448400074,0.07483500836536283,0.019786113395603877,0.04914635295325098,0.04333631348696798,-0.006623418040819118,0.08273634218164805,0.06741212641824301,0.10056828746228152,-0.011537624850736172,0.020756570527469265,0.03130999148645852,0.03742825425037921,0.0792040820554547,-0.06627812146829548,0.029846082376281835,0.07170701061618345,0.05716609217896895,0.017725722599108096,0.039789415579274845,0.1347454038901592,0.0936622328595389,0.07946648269936851,0.030018109915987523,-0.07694914352695292,-0.006671138817022637,0.029428810690811602,0.017507372373319008
2021-04-18,0,0,1,0,0,0,0,0,0,0,0,-0.06707797470615873,-0.019604652551453938,0.03801775631962556,0.01775870845973504,0.020189223323020755,0.013489879776898306,-0.009661910911736626,0.026222884069156294,0.034196319548117415,-0.024097551579060905,-0.001325130340617875,-0.04226941446899524,0.059128735224852846,0.0024634888404433397,-0.033078314877036163,0.0653471417803626,0.09124867146514504,-0.1399307651633679,-0.012028575865606683,-0.030947643014952675,-0.0495778759076817,-0.03775551528019161,0.009071439624698918,-0.011804088817566338,-0.05250074356596812,-0.07042246429654586,-0.01502256131791846,-0.024548815124624035,0.0622155494874832,-0.04109206240714247,0.003891500847815088,-0.0013380369348192644,0.001213880608218254,0.0034875066486304007,0.10058388392898276,-0.01727655985896348,-0.0011730206623639106,-0.031606463168035503,-0.03104648810516153,0.010634299184189011,0.07278388227193222,-0.09588943928303006,0.03264193601950538,-0.021114425467403386,0.08611875888162501,0.008466980973356186,0.08472630454290098,0.023445618574680083,-0.06479252164693783,-0.006782445967590256,-0.02575558844438497,-0.004723572926586428,0.025442488490654114,-0.03297343821047605,0.026877470563620776,-0.003413139009971644,0.005672554961602572,0.003064496060326327,-0.01781299101722489,-0.02033523663982617,-0.030662779576875465,-0.006818208231776701,-0.034531983542375855,0.015679644974433415,-0.0068280836359191355,-0.021137126787607485,-0.01912319242617322,-0.002923978691435458,-0.0035296041777401754,0.036355110565144955,-5.343307634477767e-4,-0.005218710707626251,4.6104196298468736e-4,0.0552791957247738,-0.028267252486374517,0.019984012253268624,-0.013415190980684777,0.002124425433988719,-0.043405297664046216,-0.012935197294739353,-0.10393092284823169,0.02003302460986678,-0.015281095969782221,-0.022187914975361878,0.010180197550976544,-0.03682843663489166,-0.052239584847211695,-0.017000179691192052,-0.09979331320148432,-0.027187251825913528,-0.018388836173214074,0.1603135095742525,0.00534420409234837,-0.044921687391512144,-0.09272371972490223,-0.01940292805900956,-0.029366936408643518,-0.00999009307508647,-0.03162697717755414,-0.039909526230392345,-0.003921939848317457,-0.008013953829786757,0.004587717813509862,-0.02332209026524268,-0.0514664395702189,0.02814329874797128,0.0266963300789822,-0.03418595281198389,0.01922468009345657,-0.005872007477222496,-0.0064237059319305345,-0.0943161439371849,0.012235306321402462,-0.007147993265287589,-0.04856697479231986,0.016607736399660844,0.0011225810779391665,-0.030118925650535644,-0.002048656286298467,-0.005058179727353007,-0.07315434232820373,-0.05304856310828576,-0.002227610172292671,-0.009194621598739516,0.3162331205000415,-0.06544719907378926,-0.03559633676665097,0.004861331679775205,0.0519226716907335,0.012087110503324006,0.03195683651909853,-0.018102684129774005,9.218006490794295e-4,0.03631574384025882,0.05803250078697353,-6.695681535724418e-4,-0.010723963362975653,-0.012823523060892406
2021-04-25,0,0,1,0,0,0,0,0,0,0,0,0.07418580628921845,0.06558687662606566,0.03758373038768248,0.08994074086058923,-0.010961744042144339,0.024737862482910877,0.05156674257082372,0.054622795660391965,0.16507975035944877,0.057151930500510595,0.06259497806412018,0.05903944561197161,-0.06663064587664724,0.06167854778786985,0.04477837952204666,-0.028336565818474213,0.029220067975335162,0.302972319994236,0.08737801310739446,0.030284952467174442,0.09161398124101527,0.04992207038110852,0.059505677982556904,0.06544157222132352,0.06670469868273265,0.12869137242052187,0.04881459642489716,0.12715345020654922,0.05122620544947054,0.03360139067798418,0.0743853578766629,0.05930988565792017,0.055251902675469644,0.009569451016150587,-0.014682676792484806,0.05509089573954373,0.11934675763256664,0.06366899023420114,0.04221723101134778,0.048184065926452746,-0.001951854881220072,0.024193392100506195,0.07957127410036158,0.05296553557991235,-0.11655589106748909,0.042087261458671144,-0.05062110761654104,0.028616410500464262,0.08015017730125784,0.08439919365099158,0.0668620375249418,0.07661823136827284,0.038160433015281825,0.09294985517148735,0.040043607250813906,0.06330448856623594,0.07525819926681887,0.08014968814970125,0.05716559710294611,0.06042969384170416,0.07088064274990025,0.05092523661387727,0.07043327504892005,0.001757113380379316,0.0671433473679075,0.0841342866889816,0.08735439973303549,0.06962712613705246,0.05609531099853626,0.020432799287648074,-0.028919420016137565,0.045083917701163934,0.06188462238958525,0.010842173430154034,0.03991581342665995,0.07157266818079489,0.0880058585147303,0.05086460730798059,0.04246787083186376,0.08650753030338976,0.07466563975748652,0.06401868866531046,0.05605881233465748,0.013889112160667239,0.009691876601024774,0.06450100542786341,0.11078190377261787,0.04396810611869917,0.08465033309892078,0.0056411518656798165,0.043090162639124685,-0.05936870839309627,0.03467113702557878,0.05812319925004772,0.1475820802769494,0.057752514748261596,0.037824308667339324,0.07772305921981904,0.10175128382197762,0.06336723284131107,0.07061331434699003,0.03827434637139149,0.001925391689872491,-0.015350188537635034,0.1362549530915631,0.05241476954624247,0.04890366807889013,0.06889626401911908,0.05185519201083011,0.002352942262026758,0.07630704942785638,0.12178231384630145,0.027931917510386484,0.03535514160118236,0.06365244468864883,0.06894058253820923,0.04688358589885144,0.1003090186133031,0.04216433849503343,0.07425284719924896,0.12009710157539555,0.06495789627477233,0.02819638424264781,0.07609854724333154,-0.36740845160773894,0.056552169504921146,0.13536086692035632,0.048965408352032114,0.04458471477471271,0.04753370046573924,0.04617538147530453,0.08983100838290792,0.0755438484766442,0.019635001359931792,-0.003948372631368713,0.025786552761346115,0.07024994267700269,0.08281179820763107
2021-05-02,0,0,0,1,0,0,0,0,0,0,0,0.0013481633319338826,-0.02122062628780874,-0.004320698032318937,0.07411934968877887,0.08940219295150609,0.03623835333095027,0.03909583023085883,-0.02343760916629556,0.057265761808491966,-0.01309093467481759,0.007092228309492299,0.01131430694607527,0.07783916952474002,0.02416049612493687,0.06393964187939272,0.012574263035404876,0.006191970247921397,-0.4005272822512147,0.020948396963810012,0.03068125773857666,0.03809312624248484,-0.024749502577343208,-0.034859435752260026,0.019157674032933336,-0.028215037800459974,0.021158225507345918,0.018877617704542438,0.03834335519764753,0.08445402599045071,0.03633231085402677,0.07692176460973954,0.06231350676188274,0.05628182913514479,0.009316076203066181,0.07791330879528147,0.00657536615638854,0.06429435070539746,0.025993736077047913,-0.03837790884058556,0.052227846600659156,0.019987770511369796,-0.0052528026228593205,0.07479066589457783,0.05256233009085509,0.17444168346729416,0.04331028232766965,0.09824915660579503,0.03334047703803744,0.012813221312375944,0.03912929425981915,0,0.05318027997854902,-0.03654099946297862,0.02222947048856483,0.060715911280172286,0.03345215674628044,0.08163127035867479,0.015413336156602675,0.030190518319814785,0.00807708647148786,-0.027140753738719603,0.034374299729476476,-0.004628663849839398,0.08773135182161251,-0.02178478850017118,-0.018842559434653516,-0.03306304864583165,-0.03650674821460065,0.03757710632465905,0.10666934047044663,0.027849901197611437,0.0475945329276648,0.04262279844228534,-0.043341340823108254,0.03024511192356627,0.010307401811519235,-0.023393940188238815,0.052575790470317685,0.0223356400643846,-0.038248904062844424,0.016480036370598583,0.01522678829359947,0.013615704565783204,-0.016222835506887634,-0.010081512296583384,0.030572688196157216,0.02024207231635433,0.04169079660329089,0.045103174706209614,-0.012043967686219403,-0.01864609870343159,0.16063237154951793,0.02134449210489553,-0.006212334980277845,-0.03664593662874882,0.05107007891460302,-0.056791522142261464,-0.0025578435059525617,0.011368727606759776,0.019302939590592594,0.007123651009190546,0.026814349792626757,0.02352490571051291,-0.01282068842906181,-0.11348584483028645,0.032220879011163106,0.04389740726045588,0.004348810932648384,0.08052849016979291,0.026668247082160867,0.029921679865048567,-0.046543053659153344,0.03228260897495083,0.015800649311199955,-0.06376403315051782,0.039239483859716984,0.05364576626415918,-0.00351219873235209,0.06378559583367593,-0.014224990931347214,-0.030794772839209728,-0.01691372244206235,0.04110253162312638,0.03151326570607704,0.4045210120099867,-0.02622872881186389,0.047346120597198116,0.05494786007225727,0.0497899048263486,0.032929001334053076,0.06123142619498889,0.03285063606987215,0.05942615872267343,0.05024499519979031,-0.15222516618445336,0.0601637569185014,-0.005669306523316209,0.002557153748579566
2021-05-09,0,0,0,1,0,0,0,0,0,0,0,0.037677953122390306,0.0012534471433038874,-0.03975008105226241,0.07437205712723749,0.03230691908391403,0.016064988855919005,0.04374017534829022,0.059243385831649675,0.02009777480499597,0.024161360662305675,0.032162702708939506,-8.658009198851957e-4,-0.03041252775967962,-0.03746741237410234,-0.026009268475117864,0.04587880526752208,0.040148367010780284,0.4684833470097258,0.01809782826262296,0.004490065272864108,0.056514111803494416,-0.016056238255356625,0.04621433900676131,0.016467085812323923,0.008114839186413647,-0.03000225030379866,-0.03389328444574069,0.05794724404571827,0.013206354813609877,0.0028579613622801148,0.04774222066247269,0.03874179835260616,0.06289771547637812,-0.022040365867440848,0.0645013401965171,-0.04982838726206218,0.037152265631291925,-0.0473349128818068,0.01227182337685484,0.08004270767353638,0.032964843285388845,0.0019730358258582825,0.06535296396798529,0.013091640130581617,0.024421238076802965,0.04987731774633897,-0.06507186542394194,0.04687353684576845,0.050332184521247214,0.04458250784523177,-0.016864966926584124,0.08406939806432945,-0.07822397422282634,0.08168908385236051,0.012458582675494156,-0.0012422361845905172,-0.03564615711685093,0.058428691963015034,0.010841492001238073,0.008626054719766962,-0.02124042007346638,0.017175094262519508,-0.005498004968089276,0.06326977996074135,0.028170876966695957,0.06426604494658861,-0.038795900884337264,-0.020029281875572735,0.009612657765330823,0.05140504496038911,0.06657630433451267,0.01308992792178909,-0.0014542435304143453,0.05690813227187963,0.02438529978920556,0.01470337516022635,0.037278107685866146,0.13552276711969746,-0.01579203176560373,-0.01983807320572506,-0.006629472989291507,0.04620228133537907,0.0024082520408406083,0.011903174362370983,-0.007432070196125018,-0.03104175335790771,0.12381330012555747,0.03510598697662015,0.022275296950573065,-0.02408330920229229,-0.024444063935693094,-0.04522294251430914,-0.031446832549670845,0.07687957805922263,-0.04745799201975931,-0.005062276680940059,0.033439246083456275,0.004645769099172803,-0.01577596259416758,0.0014983146766072153,0.0407111850570141,-0.01000723147624516,0.009815456228229102,0.0388661660834444,0.11830948999862922,0.010147892070348163,0.023235092508988586,0,-0.025235364355074452,0.02708969264666461,-0.018307147444355465,-0.003045687633556504,0.02243717057448169,0.006792735277492135,0.048891125695205595,0.07740413603084484,0.006463976071993116,-0.0015649455463035977,0.003912097959126726,-0.0023906298739166942,-0.004204095624515958,0.005253952541158569,-0.006138754698325144,0.04206872863667499,-0.36942039519188796,0.013084298814440842,-0.006120167275247113,0.0127963280081822,0.023006766195907247,7.195797964669737e-4,-0.005811435794841557,0.07116235209662047,0.0591318071892335,0.03151386185667171,0.04740551998744991,-0.05300925485587715,0.03841860331846014,0.007987222275571249
2021-05-16,0,0,0,1,0,0,0,0,0,0,0,-0.011745648900441275,0.0646324663675708,0.0300811635695295,0.07050209863766188,0.07531127822361405,0.0666298055367971,0.04545440432991654,0.0779321327323741,0.07367672079937826,0.03985357284091595,0.06170088036316912,0.009911738115887303,0.17179356062040796,-0.009083325698926004,0.004600731085936616,-0.023810648693719294,0.09702397628205972,-0.3868378112227244,0.09825828217497001,0.0617345938048377,0.029169741975966446,0.045281762706780526,0.03352512484750392,0.09518290746255431,0.027798466039799408,0.013236877797187852,0.0811867416617158,0.03987118672451473,0.18337659469734024,0.02238829283141719,0.10595947498393521,0.09309733544469889,0.10368447073057752,0.005638489233644961,0.03183583896836506,0.07650382049794313,0.010765374270238937,0.060653134996655034,0.029877702867237232,0.10246370908951796,0.04616900788805811,0.021128691077176853,0.07543970760157581,0.01621856412917566,0.09651572545967291,0.09933005454440735,0.2840477678899864,0.043353901302741527,0.0836765247251261,0.08804627617933392,0.06987180941650539,0.07117428865243358,0.09108588786523342,0.08415014470859727,0.09810381301463877,0.06346696258374429,0.10292816420017292,0.06273350688613277,0.11793929786468649,0.11354776735410521,0.06899287148695166,0.07174606399976202,0.07553068432480359,0.05884713526069074,0.020619287202736203,0.03451451873396394,0.044561151149560274,0.028491955794306634,0.10620086401716566,0.0760169768696457,-0.02569010641787628,0.03865593561150327,0.036337943700120334,0.07050473041614147,0.04768986681985421,0.14469637648813105,0.053015339188860366,0.057677081803083396,0.02907848922204792,0.05424164033630685,0.02523466082032577,0.06910108423331618,0.09148091078211618,0.048171543673365846,0.004309507159331538,0.023004446414773838,0.07010315560661073,0.09736146257488265,0.07533105912427018,0.10347448519171198,0.11438084525442793,0.2611936468330809,0.054927100158512765,-0.011264840063140547,0.04786808019446287,0.12519896662987762,-0.03542206233123579,0.033947900543618736,-0.003539826705123872,0.058162969062379055,0.06888204974361134,0.043026459452681465,0.06744128079553313,0.061597587352917316,0.3608766307924318,0.0859682519122007,0.11731124338139676,0.026723373656728278,0.0888817070731891,0.09449997113128195,0.06746917254208729,0.06161100679575515,0.026608959343477068,0.05893075884015264,0.04437783293333286,0.06107160627520347,0.11035786998931485,0.10296924851941469,0.0407301207547448,0.14832095925996036,0.029807903896755583,0.09116162158550889,0.0794741489545352,0.05115808562899815,0.42100600505737695,0.02113078163007298,0.0871998352668708,0.07265930723319158,0.08298598062668461,0.07868060384339959,0.028300387578653385,0.07839833926354789,0.086800571077851,0.08808972329598674,0.08824976724077604,0.09513341287106591,0.0723913454460634,0.11458563145546474
2021-05-23,0,0,0,1,0,0,0,0,0,0,0,0.018534102317400603,-0.007780305662150155,-0.024589387410622443,0.020893447588277603,-0.020225097215198495,-0.003308744355526194,-0.018446453415900343,0.013510067685956528,-0.005414423889616771,0.01960338666932948,-0.033031125860557786,-0.02915150955324819,0.04233279704361248,0.04751801204817063,0.124391389105166,-0.06622785832900924,0.029406794792886437,0.5586152694014892,-0.05462879270837373,-0.011193582311119776,0.05995169943880452,-0.029492137797000773,-0.06775499222840597,0.01891209970379748,-0.032738699385440384,0.06367716091830733,-0.016717977421386365,0.028548348577541738,0.09135376377131621,0.00741430643922758,-0.004726544923561171,0.027578959445127893,0.02227580259644668,0.01688980052735012,0.04489795526302398,0.002920485283011587,0.04705948411287064,-0.04621592562190724,-0.007191983296475968,0.04263181606358124,-0.044934439830017325,0.01627089652220448,-0.008688151957637835,0.03095999614591438,-0.01712276023253434,-3.2799431770502707e-4,-0.035670456772155745,0.034076495366127446,0.03168226731975121,0.016508576777377826,-0.015165394604062854,0.03044302350522976,-0.04994898230474387,-0.03647377311764455,0.03863795155964311,0.009124150889609162,0.009136219546331148,0.048843487549080855,0.034703313512078005,0.017372858218871023,-0.049664863547309146,0.025620383469930452,-0.06246961809631024,0.03855097013685427,0.01519016549397545,0.021838417817167333,-0.0013377928416602458,0.015677032444268768,0.02025745034463977,-0.010947810986271733,-0.08948911370053914,0.019534691797789883,0.008782491580348939,-0.024081431256975705,-0.028763933693428,-0.03997229085384557,0.009178203770850324,0.07045376503459622,-0.008787269632709815,-0.02338781352609587,-0.04592688375941645,0.027230638189063683,-0.030229001961317614,-0.0501937890541333,-0.008637666581671866,0.004574573393837156,0.04352642851107014,0.03944996579069038,0.031058636401859907,-0.003241493924170946,-0.032995404918596094,0.0471853073898556,-0.011315537992575564,0.0088859094594822,0.01828204483744944,0.0279071448572763,0.08645989624990502,0.037159381355501786,0.06270839002197892,-0.01398789995222316,0.0590444025405068,0.01502555245528292,0.010380716054560146,-0.0044555907740768674,0.05068514304398075,0.024471528540685128,-0.0076766483297614485,-0.04499492764675139,0.055386358369130306,0.004044494896506379,0.005978733581068596,0.02501900617730346,0.0216999572147758,0.015201390581297325,-0.020748484664291134,0.04708629597735392,0.005245862327598161,0.03437241689921322,-0.0444116711624174,0.015154908109882292,-0.007088259485923842,0.03876064588771477,0.01807266788150308,0.04578472401054512,-0.007202294702137735,-0.052011255409176727,0.004137121740071414,0.04658678647495229,0.015577693941869697,0.021574106944561855,0.027659257285727712,0.0013455933853574464,0.00693323784940425,0.032285707350233395,-0.004651892401959401,-0.004725348426426024,0.04424276973115049,-0.024563842245326484
2021-05-30,0,0,0,1,0,0,0,0,0,0,0,-0.00808673337860899,0.013751171612824464,0.04787696000485209,0.036421348421578514,0.083588696367066,-0.008365238796746333,0.06378189333323547,0.046358972072260585,0.04810383258466722,0.04124918345927231,0.0023248100806263494,0.023992426743220996,0.1974243249797114,0.031406229108279504,-0.06860002947675081,0.008175445015242033,0.08902834391888437,0.0828165104541485,0.009467799622886908,0.022858138076050416,0.0073031101849760915,0.006908949291881683,0.0257816179335979,0.010766149539460201,0.008285705323519466,-0.027398974188114877,0.030909053969106814,0.018391519630674757,0.1348481238867585,0.038936561698645455,0.12814465977209366,0.08073877773264648,0.07619547230210522,-0.024026168047210916,0.09079209982953618,-0.012270092591814219,0.049392755329576765,-4.778972611862997e-4,-0.014633734059792403,0.03342171407304484,0.00154106980722446,-0.007942853513936754,0.07132765499549709,0.01930900783894174,0.16168292554773345,0.07090829486755457,0.04707163191946506,-0.006893287808028781,0.07798115488921464,0.0365267728859866,0.007203698473341014,0.07111515996328954,0.016653174197792886,0.19593167095419517,0.10420132025082385,0.06551339877480089,0.0640123884551409,0.022669535287724862,0.0370357836428985,0.06712532317803266,-0.024807473704267835,0.013154755848918676,0.037383691833218435,-0.030482013480079395,-0.045111845359024905,-0.007580468208138846,-8.035355996831584e-4,0.0652296061685318,0.051408244990848395,0.12125475057942392,-0.06857837479364726,0.041288577411148,0.012638398871723133,0.11197367154954385,0.040730695928146154,0.03640375503122062,0.03989132902730219,0.042274917933955436,0.046167190435362215,0.046101634762741206,0.04267874003690064,0.037455153706060784,0.023814120467905653,0.0240011520995429,0.020683664194421247,-0.013972099712582065,0.1461385643126194,0.056063417861659914,0.020950644267776042,-0.08421128673627631,0.0251752282127633,0.2415942592273259,-0.04237409139794934,-0.02480320053554763,0.01597478060773394,0.08214412523007564,0.016549196707948077,0.003447536273935903,0.02872581593765311,-0.01043988602446877,0.004523904103572285,0.037388775876693536,0.0017196908795265031,0.028612680929190226,0.026450585838246887,0.03248545514448775,0.0789353148695362,0.049210969364605006,0.032645931719529564,-0.004044494896506379,4.7675805432234597e-4,-0.05411902266374469,0.007581930498314904,-0.013925744612627966,0.06246059831198458,0.03429126329401999,0.11171256055553513,0.04144978376746522,0.06059750133368791,0.0355397754497071,-0.031567557489169396,0.045722861433029394,0.029100301271309803,0.016039295585526858,0.3670162623214832,0.037820126889643646,0.046104390817449215,0.0728589451201529,0.04703918680506991,0.03503746709842659,0.12701738699036813,0.04277436798989953,0.06659478880293879,0.08705815164338837,0.08716678922088494,0.018187652999698045,-0.02992673575794491,0.09844586144149226
2021-06-06,0,0,0,0,1,0,0,0,0,0,0,0.07083160436128644,0.08413771382161084,0.017641290152746514,0.1509002187890811,0.05740151582242614,0.08953731428214251,0.10095124578014225,0.0780460925738593,0.13390445735557943,0.042925044717033956,0.09592821282092867,0.064673210342435,-0.1204632838435824,0.045483194180651054,0.1910687183031099,0.09658787743283792,0.042541506185886924,-0.10133283667750792,0.07267870814553667,0.06587571768182077,0.09146880733734708,0.055122431861786225,0.005566083612226436,0.11833203374867907,0.057082008388928074,0.03150334817038569,0.046043374866933995,0.10514011503642173,0.03624606231931793,0.10670951653690253,0.11755145844916193,0.06894483348605718,0.1329611768774548,0.09039228640380603,0.02607224030977484,0.10100321028887027,0.12165069632662284,0.09435369957836848,0.0613551497370981,0.17964130860675454,0.17500608447033894,0.05310982531394792,0.10826661534502335,0.1360057280956699,-0.0057034375138700355,0.10894986941203655,0.041632806695596436,0.06409280087619784,0.06768577668172693,0.12078692301376392,0.08622259398644427,0.0953832818914222,0.07168673495941302,0.07262362303009962,0.07131725066794203,0.03890538054914483,0.14505123645738394,0.11472024612583809,0.0937753413225968,0.05435854640442539,0.15527137926092838,0.11717782430276813,0.14430978998981203,0.229034074237231,0.07101574621394491,0.12102204794015936,0.06496547981696921,0.024629423433609965,0.13656004597843552,0.2119913707093266,0.14445011009835085,0.06798598458511673,0.08570230493464148,0.0968498259899171,0.12144582086114131,0.14917056667434725,0.0490561569891943,0.02475394183780466,0.034910922937660516,-0.027864047212960763,0.011407291484962556,0.03600130560795378,0.07634896543314973,0.08312183494096725,0.031555554904998395,0.033765777702109645,-0.05177380027338252,0.12494399980284676,0.112476402345278,0.1435618607309932,0.05659488504416643,-0.061058902574337104,0.1271108746084515,0.03057081618472246,0.04379696269218325,0.08191081264570244,0.053454490593362713,0.050131079160847136,-0.05830127110719907,0.08317410852209939,0.1331309047521314,0.08747924888831271,0.08735138218245897,0.06788928834841634,0.02245344760937762,0.12368474741559954,0.07366037700410466,0.061878305208147744,0.06549860233277904,0.14979906286447697,0.01631049040959187,0.055050989180408294,0.078263303552772,0.08733003438252229,0.04247429486655019,0.12599363880773673,0.07115548700071272,0.04857184739092091,0.14158092151547663,0.0634590843024716,0.07658888419611554,0.057356100901974294,0.06646034138289991,0.12170581404024627,-0.09420193518594111,0.03466198170091861,0.09937247381320358,0.051132714263685486,0.12197740429801751,0.1042037775300022,0.06914656270541908,0.10990247221905847,0.15128389097711104,0.08299874084066694,0.11327780896194906,0.06961283430904075,0.057142930008939,0.048454368330144604
2021-06-13,0,0,0,0,1,0,0,0,0,0,0,0.059324497854390756,0.022389390862592506,0.04935623647530907,0.1160266219855206,0.0687983946290851,0.0911872072334674,0.07790726189534869,0.07485928444729772,0.007975076942933867,0.042516337745112764,0.05767733349437609,0.06074345016901983,0.13674682947849703,0.012455677046919078,0.04776504875418741,0.05856684507131149,0.02792789312392685,-0.012612578105919425,0.025948085914981434,0.03340031249056086,0.08852353661874446,0.009788413201897939,0.049593360086721106,0.07504841109450755,0.008131628618026632,0.08466808359165601,0.029593292802892357,0.07267903428752565,0.11973371204475391,0.055125342448284265,0.0759213462811612,0.10077272412099525,0.06694586578576356,0.05678639631701543,-0.04271947374293106,0.025154039116385363,0.06853110165228404,0.012535284088146526,0.0043068824323473365,0.08412207546677486,0.04573235945897647,-0.010949014489670006,0.13485624708433974,-0.05297188476610604,0.07083420030333887,0.06848727796727072,0.07475391836183576,0.055993281132697525,0.0315420391187029,0.07338672246251843,0.05247487679829632,0.09035616680180958,0.07690410325534014,0.03716518400565327,0.08078676035973409,0.07898935287039244,0.05943189213942368,0.10390937961035362,0.06236786718380927,0.08756730759204334,0.035971540386506184,0.07801742248042753,-0.0258101652665772,0.023474254440550624,0.00488467728360753,0.053423354082781316,0.010490916749584578,0.03690913599404144,0.05957810140098552,0.07363266438299743,0.027389593017062452,0.06883540357071372,0.03625828248916907,0.01850896605495933,0.05514641052478897,0.03005879138263179,0.01941516324352488,0.0652694648453469,0.054477023297331506,0.03522979519749203,-0.02624282319574256,0.04163542241294049,0.042681970553161364,-0.023660409719568065,0.034213379299899316,-0.0034963503276266295,0.13932050918157834,0.05749043017820199,0.08139544231762752,0.03765533371990859,0.03701879004503361,0.17334238266468205,0.04680709745023126,0.06483448545489168,0.03539203433739413,0.06267041616540503,0.009852296443011,0.0782785943128026,0.0735564846554464,0.05211990347905182,0.06249718335292176,0.003464137729271677,0.048030745229028504,0.012090827393199888,0.04580811982636934,0.06713056909875892,0.05256535689013653,0.039965225034322316,0.056897808785431714,0.08442772532771503,0.0613829026234578,0.07014110194190426,0.02499688012686363,0.021381918316914827,0.0549963632082342,0.043534566526308716,0.07340156707540935,0.08831017967629862,0.045106587837746126,0.05201100437152295,0.053313442920787324,0.0283548006635872,0.05791957117408053,0.06512797001994919,0.22107144660040134,0.061632666622325694,0.04316498953087855,0.09673455441134671,0.05627518874941195,0.04526861537116389,0.05742888896574794,0.06606438604017129,0.09372614118656308,0.07584499309339598,0.05325016757386436,0.010787591128996965,0.15072285840890043,0.09115428993261254
2021-06-20,0,0,0,0,1,0,0,0,0,0,0,-0.021035208682756767,-0.0630146740382278,-0.08640630648045722,0.0012944985626450745,-0.10846646111142455,-0.030232279881412083,-0.03266202379591476,-0.04783187600304739,-0.06602468796545136,-0.00589918668621614,-0.060242404685787676,-0.12541666051145484,0.035640052092110075,-0.05513207069471626,-0.037824862409542526,-0.08719865774563829,-0.06873253391443068,-1.5021781611501694e-4,-4.1657988521581757e-4,-0.08569046977474848,-0.008345318409056723,-0.046153736904502196,-0.028937824583120886,-0.07944885823932957,-0.04460236876103263,-0.10237810962970606,-0.037049159639773066,-0.0632621967779663,-0.06046937431681165,-0.05768288859940096,-0.09058632046989867,-0.03935950734675586,-0.01399667716169084,-0.07909673010288731,-0.03713176941796714,-0.05320015780208909,0.020069877804004932,-0.05337540259459139,-0.054597932580611186,-0.053204036063464244,-0.1250643580087516,-0.09286668439184886,-0.10829964686327287,-0.09141378063631489,-0.20914343288157422,-0.06338476120191583,-0.07916955875705156,-0.017805754876492053,-0.019408422107276557,-0.04218049461597584,-0.05772659567341609,-0.0563195010930011,-0.11051414450745956,-0.11182671277467282,-0.08537149771521158,-0.05793904295337171,-0.08001676363482702,-0.05519889354143803,-0.026302932263013723,-0.09570327015465097,-0.09728944682403462,-0.1007002833801538,-0.04768046492720579,0.01863901174722926,-0.023002109432258777,-0.035861320619315684,-0.024397588404012183,-0.0745765537657812,0.050649888403625276,-0.18916106819109846,-0.004569695690064712,-0.0349338518950324,-0.05663744482582178,0.05355610446896275,-0.012407762138151313,-0.02447530395693054,-0.025665660001611634,0.0106257044151441,-0.05890694299827448,-0.034512897898166806,0.00830742056985656,-0.020601038306033104,-0.041347984851316966,-0.010429296296986301,-0.06268370229368703,-0.012834594112604236,-0.09937247381320358,-0.06649679546978593,-0.03843747442124901,-0.03256885276353483,-0.0741767172126977,0.028987536873252395,-0.08070113820691471,-0.0672053587077075,-0.08794352966382402,0.10539522763519837,-0.11883400790235843,-0.056224083820029414,-0.0031923410989724843,-0.034406694879981714,-0.023747178428074278,-0.06962337241524885,-0.038823118222254926,-0.013612511683780859,-0.02403344440953603,-0.03536085553761659,-0.08897797439880861,-0.07437006100334109,-0.018816101086208015,-0.07877430735661495,-0.045334180452933026,-0.04530081829422361,-0.018392268607929196,-0.0035320546480690496,-0.015330068491782534,-0.01634651783066854,-0.07060872273092045,-0.04586754028346807,-0.03424302342221264,-0.05643905588725495,-0.04263338412456186,-0.08080355681784468,-0.04734921758698185,-0.021321753477628214,-0.0835277420071705,-0.10660580959752419,-0.033017769028673705,-0.06357545122777886,-0.011691832080383158,-0.038048367397676586,-0.01801656154881215,-9.008198068851669e-4,-0.05896060525570501,-0.04603520564165464,-0.15407028428112834,0.05174919903092512,-0.07593824537529148,-0.10861828416679309
2021-06-27,0,0,0,0,1,0,0,0,0,0,0,0.02302922728962109,0.03804657754552476,0.060325691557484795,0.013583175066595565,0.03747801815596574,0.026304189017015922,0.06508661651988579,-0.03808461765809046,0.036229283741736396,0.08803488361236234,0.06563325332066405,0.01709443335930061,-0.21796160888606497,0.06393494444067205,0.03268346290912394,0.05204508640989314,0.08320805808821596,0.09583584346678808,-0.012367833993863542,0.04221732449589233,0.008469349416967198,0.039430604010806114,0.044243710973287165,0.07978824395444839,0.04441829144804199,0.01946389962414674,0.04049222214698389,0.04587045406609658,-0.0469491081109048,0.06625759326220315,-0.04645606515812073,0.03408756012099978,0.02809240087222875,0.0063590753257107835,0.05895426728368225,0.037943604430275,-0.0077379803174357775,0.05273086502796609,0.04140132420070408,0.027462267330323087,0.027330893716971616,0.11254937885027338,0.07016268359028377,0.07853115480530182,0.011969675009117609,0.007424880180499471,0.04919137408043994,0.0442554248944651,0.04575453314362843,0.059553795662732334,0.04428822331941351,0.04710959182842345,0.008706030454001201,0.08782703772000566,0.0012364216005931183,0.0057373337233341815,-0.019984768672119735,0.01144378686030123,0.0935747138921128,0.09351747693467072,0.04539885731227944,0.07132754239464578,0.03215948921018885,0.0018201378401299095,0.020291346048271208,0.00690875550637049,0.0715950419945619,0.01756142692994711,0.028778964550043362,0.05348312878733896,1.6962089770089506e-4,0.07488113325659018,0.013873899063204576,-0.03697375071265174,0.04429583156132644,-0.011761546952628876,0.018935656285401947,0.0042885347598140555,0.01434343289218809,-0.004309113246355523,0.09856394483745312,-0.0029850768434531716,0.03192365190372737,0.017850480634602484,0.06737431165154106,0.034598722101458534,0.09414072266203011,-0.01152575695141067,0.03825381406994133,0.002786575584019957,0.05219119080498125,-0.3127557100038967,0.041488739298845445,0.0372755301301364,0.03379496459393483,-0.04054867979665211,0.08290199867629511,0.04691108293528323,-0.03580528936937988,0.04780302290210514,0.016537341861324606,0.012198372350616715,0.005833187840783793,0.029016542979039883,0.08571849193435366,0.01887609485717512,0.0025587107656370733,0.03194716132944375,0.009914875955262303,-0.05527253443598834,0.042684587381538464,0.05738555750929564,0.04067490743732005,0.017442853843142814,0.004301852843137333,0.015233197636150386,0.008685739369967749,0.05976256038075878,0.01166787938332714,0.05748709091768145,0.019635974516859278,0.09662546521685478,0.046838084457622386,0.04611496896688472,-0.5457966595028285,0.10314541711292602,0.01229163851155679,-0.00948458901940974,0.03885878770597184,0.0356648343082302,-0.04805562016578602,0.05454143811006684,0.036706201727295884,-0.012557255829628744,0.018124014849146164,5.092946379496865e-4,0.0608832164994455,0.11893064861210512
2021-07-04,0,0,0,0,0,1,0,0,0,0,0,-0.03504050396281233,-0.006800911407663257,-0.06931833934987353,0.04674788392800622,0.04512939131975102,-0.028638093919596486,-0.04095088778760125,0.0852125781019355,0.029277224749299613,-0.06491090576516889,-0.03235132248708972,0.02262350363782062,0.4427753255737281,-0.04848346274086612,-0.051370810762923824,0.22192830474880765,-0.03245721014738123,-0.6151856390902335,-0.003168905155265911,0.007284985986862225,0.03700970161057704,-0.01225467025101068,-0.0041701478280957716,-0.03171586064758358,-0.008690079648043358,-0.0029248339072465157,-0.03056336872640486,-0.010013144175244015,0.32654506784056103,-0.031806683335132924,0.18037349660951563,0.05386280589752879,-0.001813343189409622,0.0057041702496087865,-0.05200979493087132,-0.023576253006683423,0.012181672469862903,-0.06320693441990688,-0.04199750408124103,0.0249189942914656,-0.008203491452827727,-0.09525021158746139,-0.02980555310567201,-0.0114100667380308,0.09535934522138056,0.04601552131821052,-0.01476424769241369,-0.04022857381542977,0.06354294611080835,0.008374314178690057,-0.027430958323985344,0.004768026638024558,-0.008706030454001201,-0.02573949820157484,0.13684122241715713,0.055289931840214024,0.06933688846184793,0.01330280887654478,0.00464181554481069,0.08148922870688491,-0.03473777552616575,0.01654093669021428,-0.07475177002343436,-0.015829706531192755,-0.052379660599771505,-0.007216921918670849,0,-0.028447234575198266,0.0037692529111916784,0.10365008414134369,0.03467013909512051,0.005974129948659979,0.0077652760402768806,0.013698844358161821,-0.004457186621327658,0.05374100053457198,0.021084671214173234,0.11223603630710244,0.017149771193849972,-0.005629751426312168,-0.06734322110615842,0.07831648594330964,0.01520617032830085,-0.07709836242061474,-0.03033303997119141,0.0026327351757995388,0.09341316855710069,0.053456906939461035,-0.029009146191190993,-0.07510089522535957,-0.0628347358890986,0.5375486939067438,-0.004767072949610984,0.0506396995930416,0.013052008702853612,0.0940139342950772,-0.10104669510601294,-0.03537096282491614,0.0696002539633147,-0.05755599046278714,0.021357370875881188,-0.06267110696277545,0.024891195090232188,0.04930660822889266,0.022080789229804054,-0.0164360773798089,0.0473288455029639,-0.032229487700601744,0.013170175050521316,0.018165803806559744,-0.05032793669410651,-0.05014242941944591,-0.04304992339755831,-0.025026283514046455,0.07434429346238147,-0.015233197636150386,0.05467448699474886,-0.08949776084024208,0.040416830515376034,-0.002097169590723702,-0.024961746025748077,0.0846366130540126,0.02502378809108663,-0.021733669680622292,1.0574953392768904,-0.06521101611920344,-0.012796561521526861,0.14933420326802604,-0.030211643210915184,0.009285318277757248,0.18593201202233622,-0.06760403313644936,0.05901046562378287,0.19067978673692032,0.05849306668320953,0.018163970627671056,0.1137144007112676,0.022856505326357635
2021-07-11,0,0,0,0,0,1,0,0,0,0,0,0.10030798529765761,0.07730599735818622,0.015984840234236408,0.1469790610507502,-0.029539009679239392,0.07817765644371821,0.12246774545959038,-0.003880417603962627,0.07983004352259382,0.015970692829606392,0.07811862397305358,-0.0016583751727763385,-0.32050797747001614,0.05169186566810158,0.1932436056185356,-0.13957791829377442,0.11956838255648439,0.6525619004448666,0.0690775060771589,0.0556528452811369,-0.003711912302450493,0.010817035225142213,0.021088232383113414,0.05717787268934682,0.058776829074374426,0.08044819527792946,0.0643572869321396,0.11166308043653483,-0.20087712931803559,0.10165798394959236,-0.010628347568693464,0.0452972970959884,0.133941144730235,0.05050897459094372,0.08205596546167548,0.03646425955826782,0.10558218276589315,0.1293157886699312,0.07891640449421189,0.1545151348828151,0.0857292081172103,0.11278669903190952,0.10400808262354833,0.017227794846922606,0.019956856056293937,0.09728978194841265,0.02626118819667056,0.09477942424829777,0.012757083000771274,0.10075526815477254,0.04469613713394427,0.07442590463712317,-0.023322327694351053,0.026113120473809204,-0.05169242036774335,-0.00577241844733134,0.09506694773540936,0.10275737225606818,0.07849782863925903,-0.02739897418811399,0.07324914768000923,0.10021641738980058,0.017486359682168384,0.196731288315231,0.059681924285171384,0.03497971889602702,0.01505556549103293,0.035514401798290685,0.1882986421659032,0.013222434986962739,0.047822336554509626,0.04165673416966165,0.052390012434209154,0.0242968788501825,0.10529669741216807,0.057825569779031305,0.04200847814559072,-0.09582624685110552,0.005719748672787794,0.014514877233755996,0.08145526425014715,2.763958005438383e-4,0.06863672498826201,0.0686124987170551,0.04958497147051233,0.08167287556457037,-1.8377285726689507e-4,0.06493607079133668,0.10548026141881195,0.16028709802668395,0.056113048497739015,-0.5169294067040084,0.06638303964458014,-0.04900757910669462,-0.0068886609951857025,-0.01173645475548657,0.2163747905799145,0.08926732037869112,-0.05724933532930532,0.07844044890936175,0.08081427412779618,0.002551535662126625,0.04763684464420148,0.0343708149409796,0.002913148674693389,0.14170262857554405,0.05003460195922749,0.07176562510210882,0.05936197842599,0.027958333128729862,0.1141338216218859,0.09993309392246097,0.08901072440373614,0.0595697993087585,0.0025703757777577607,0.107152413853834,0.017739627113863676,0.12136965629680407,0.05971923470162199,0.1285329168339704,0.04592111144975153,0.004421525257876979,-0.005124050453989781,0.1040201747284426,-0.8734755504507685,0.011703862071632543,0.13976194237515838,-0.06984995317644405,0.13252191466318752,0.05864396578081532,-0.0799320663488885,0.09055088105327513,0.04715159110422196,-0.08780542898753474,-0.008374819951165513,0.052117954262106636,0.27700994270291535,0.05548968869217674
2021-07-18,0,0,0,0,0,1,0,0,0,0,0,0.001864429891523578,0.0018030656993461847,0.02421195889210015,0.0400436218207707,0.05369477355857555,0.01742278987686241,0.01302976391411459,0.05743328205218834,0.016139590842519702,0.04409394676602307,0.0424695080932711,0.08507312357927876,0.07169036511704352,0.0043585714794200925,0.030003299527609606,-0.02696241760512752,0.026360074734338212,0.13019743880476575,0.06164630954753214,0.022971513885653216,0.07652997504079995,0.02489550077298386,0.015831465216680662,-0.009973486926758923,0.01942145317225652,-0.0027063615977427347,0.04700963861210994,0.03901249297097564,0.1286057761874222,0.005849598852682547,0.05777821723705934,0.045203277843492984,0.029218680052851553,0.02767544749637807,-0.022100347000665543,0.035181263678181196,0.04427161545019853,0.0022103897274536877,-0.011554907166390294,0.06610651328412764,0.07942216778393707,-0.004725348426426912,0.0848019875880981,0.08016664952018093,0.08007977834878233,0.032075972199336,0.04216446916084493,0.01322804919421472,0.07461086379117532,0.030839762919011804,0.041834355018334435,0.1477170242553143,0.047665893373152635,0.10823274099439573,0.08321137478561447,0.06696923100424712,0.038745304320814355,0.02143489930279152,0.0480627356649892,0.05013175771003997,0.014998650910214906,0.03834592875613474,0.047762414849779056,0.059971129159176684,0.06721279172246764,0.0707967989864775,0.029787723626180984,0.048729190418612234,0.01538723978168921,0.08771588210394654,-0.005795301676764453,0.026874767039404723,0.0692432100142204,0.05514185465508703,0.03742968769966648,0.036853434804669405,0.03841843202998785,0.07030713139406508,0.04416241669716037,0.06543874358003343,0.03510193963742392,0.07427574662574976,0.039729020333944653,-0.021535152551297898,0.040482954001666016,0.024020625839285437,0.042753595889069906,-0.0027137058715966944,0.006952126347504972,-0.012859658159328546,0.009154778616001558,0.25131442828090655,0.024295944596277153,0.01970029802608142,0.08039712908430019,0.11581683369059625,0.007218386588933257,0.009185116354171186,0.09813315174071136,0.03334142741529522,0.024628872987872974,0.05174919903092512,0.02598473303401949,-0.009798414955330514,0.04047619005593095,0.054868396369880834,0.07740045831888231,0.019648019998407484,0.05277606550665581,0.025066135179490523,-0.01799964878544369,0.004886003205626821,0.013450574154546757,0.014242173310894835,0.020085111797938815,0.03718642009485773,0.08024281048564852,0.012200232660947385,0.07011390428634012,0.0430594894604468,0.023190419188925837,0.024439394610542564,0.077340342425952,0.05910367105385905,0.39856952177180816,0.0387986723881113,0.05010682005417877,0.05562066638952423,0.01697992349468258,0.016584128015534993,0.12734835561405067,0.04069521417370847,0.04717534443256444,0.11437346476547461,-0.0018413789235554034,-0.05411995693277927,-0.12224406753173955,0.0421545287083962
2021-07-25,0,0,0,0,0,1,0,0,0,0,0,0.07631036529760848,0.10416885314780178,0.08170102306131888,0.06744755514786238,0.12202954056658477,0.06102843935468005,0.6081001466401519,0.16200987286883795,0.08063415583344913,0.03861166342923106,0.05223844344834738,0.004183310911483495,0.3137732393456556,0.06618619168659556,0.14572932772138625,0.09798868989941045,0.12260232209233202,-0.07581883655735133,0.01784940203250418,0.09870616643946128,0.20341470727219857,0.03671840631961043,0.008621607289504674,0.08083912128549198,0.037912046022248624,0.10487259176427255,0.013075824574946715,0.13393901197640812,0.1654275202550295,0.08731221586953808,0.1694647201717565,0.0582765424133278,0.06500622146672619,0.06294676591395465,0.22945506289138873,0.05543990508224805,0.08791623270243676,0.0512531490614645,0.028953228024997557,0.09189556580029112,0.09518320373914246,0.03776225612432871,0.0403414355840086,-0.01800768948848752,0.23341094545939,0.12714274701251949,0.08564054572191715,0.06709579991539627,0.5902298804713606,0.08699966045936236,0.071837823619183,0.0972306686332729,0.04252728909675163,0.12790041585974699,0.19255554164160849,0.11495022336305905,0.1300736758415617,0.1273236680577412,0.6430844442282888,0.05709269138584894,0.01891385120923328,0.09942339252641741,0.05744400573108077,0.027235671469288292,0.018720127357297223,0.13347940180955487,0.09081903837309913,0.07797678525596385,0.1843778244593226,0.16165734202117843,0.037763599491539956,0.1737644497102231,0.10671353428916319,0.05134162574736312,0.6089786408867388,0.036246218634936156,0.0432485491384238,0.12323826108642955,0.022864010564505932,-0.0012034500349296096,0.006815850952810898,0.11781629479017575,0.07839697347171626,0.07947739877999194,0.030062384101516848,0.027147468884928472,0.12462089135325183,0.10195799451198706,0.07845567418184807,0.027732821012754982,0.08665691968536393,0.33135713595444205,0.08167414133339612,0.06589672851290551,0.06747979729407927,0.2617975270119208,0.053756223437993356,0.0927318073189376,0.006654368362617014,0.011552899201778821,0.1119466620178784,0.06364663090835165,0.07933971994687017,0.04412315749640516,0.0788570618338369,0.08184813264385848,0.182036636645444,0.04902942724031778,0.09663220405276807,0.1630736198454512,0.04984557323837535,0.13540818436971325,0.033452523117254884,0.05705398999839861,0.18196979187752405,0.12746407255818948,0.08196208388247328,0.10114793651828169,0.5328821792793077,0.10376773592104005,0.06214779186623698,0.07322723903732875,0.2036393921274673,0.11899111999237277,0.41913668905494816,0.023389182512021378,0.12324474791424755,0.14048898660284515,0.10239040023883383,0.06623788381881823,0.756916592694961,0.0709341847226348,0.09940345846031295,0.11231221322047524,-0.026412099539776968,0.18515654576851936,0.11647407101666296,0.12401528714114107
2021-08-01,0,0,0,0,0,0,1,0,0,0,0,-0.06704000358212081,-0.07070775073748425,0.06586139764155607,-0.04553766890309685,-0.0974450392311157,-0.031525305666706416,-0.3457420672104359,-0.08087674347894858,-0.09279380032558482,-0.04660060555313805,3.687542294876778e-4,0.04417121831313775,-0.20950077491042318,-0.03816834984981465,-0.08284575110716919,-0.02653508039722574,-0.057084238117628416,0.12322000656140641,-0.019335838575238462,-0.050838086244998415,-0.13907761768851934,-0.005248117715318301,0.03434066467449348,-0.06855273063477618,0.008397184437088256,0.019333613317665588,-9.482717754050185e-5,-0.10500703170414472,-0.12522304292107833,-0.04769633655442629,-0.1273347513019969,9.978283389404652e-4,-0.01926869087224503,-0.011546852245983175,-0.18796290192138976,0.010771323442826386,-0.06412630889620008,-0.0512531490614645,0.01742837539275044,-0.06763456108476618,-0.008501645255321044,-0.07056194676786287,-0.04394096638980294,0.04181483885844983,-0.24819947399373543,-0.07730774478799063,-0.048573788001544216,-0.04543062220456129,-0.41469659112981994,-0.08671850490820265,-0.057559563808556646,-0.1378959955743424,0.06755441485142821,-0.16582127020638104,-0.15885787674482366,-0.16104984335957884,-0.06616719938952098,-0.11308423939884449,-0.2378460575031891,-0.019556847446655645,-9.531374828020134e-4,0.01772467529609667,0.030729628615260296,-0.04910630972547825,0.02587403308438141,-0.1089660209917076,-0.05290665510552728,-0.042044776029899644,-0.11498583103532223,-0.07193687489721956,-0.046440785749338964,-0.12278300169450773,-0.021562227455580896,-0.07828423021439779,-0.3757280993540153,-0.08935604394888408,-0.01070366569416148,-0.0839157705132596,-0.03291893988471983,0.0032059872504284215,-0.02496952629660054,-0.07606593082507196,-0.05858688791383404,-0.020053978309190867,-0.08728064055540852,-0.0015359806414299015,0.005787232604371084,-0.03394386270405736,-0.06314041199957376,8.007779413210514e-4,-0.04326229553953009,-0.3544389434136672,-0.041812734989207456,0.024838651290886027,-0.025156449858072527,-0.2372819728565032,-0.02964643996672045,-0.03069506846260328,-0.04676568570123152,0.015933898987094075,-0.048258390692397235,-0.024313262946428438,-0.074782306274356,-0.010794245130880675,-0.02154789801244661,-0.07387148838250113,-0.14235723739601447,-0.012220111334775297,-0.05442398188768838,0.20838690980733698,-0.02935990701347002,-0.07856573342932194,-0.021611121685555013,-0.013532697265135063,-0.10980580457522837,-0.05556633337860806,0.07147474544050958,-0.06723740257808153,-0.2814124594381857,-0.06531813774745476,-0.03883365101249048,-0.0267954810996196,-0.08208471452095445,-0.07486487896417326,-0.29005502553563467,0.001664759514643066,-0.10667436048469359,-0.09105710343890294,-0.05458634961123199,-0.06285445935521405,-0.5347141497862591,-0.04500797760976294,-0.053858904985884415,-0.14086305888446482,0.030091472941638386,-0.0969768468567942,-0.07499862636196397,-0.028725486179501658
2021-08-08,0,0,0,0,0,0,1,0,0,0,0,-0.046407031923257236,-0.06725222700916778,-0.03815289011627421,-0.062253966266549554,-0.04189449966198566,-0.04505488099250776,-0.25379151649326825,-0.08850211266016839,-0.010380992370206954,-0.03435583505148099,-0.05105400036843566,-0.022769988523982043,0.05238712995250783,-0.04468245786182834,-0.018809331957496234,-0.07705935448397927,-0.11970410536391896,-0.3307635813113201,-0.0728786454125725,-0.0249078879129625,-0.10435376339005042,-0.11450710196391967,-0.07404861968909326,-0.00695482187336971,-0.04562253515338277,-0.11288838014927638,-0.04380969967401516,-0.08332332523515884,-0.23056576099430792,-0.02131471493270798,-0.0596514706428275,-0.08343645087631124,-0.03470791609773727,-0.07878309168981534,-0.12495473829094106,-0.05868467913872433,-0.0466565474538454,-0.0291233290288071,-0.056380824736127266,0.01572620788264345,-0.0908803050301712,0.030131836682341984,-0.0927788715368898,0.003768666585422409,-0.12537384987650757,-0.05226034826713466,-0.00826128288222705,-0.03072438293101598,-0.3038202146092308,-0.08114435204761161,-0.012651581940749779,-0.13698871995407735,-0.06014697357356624,-0.02218010306387086,-0.18001657846306074,-0.11427946112520182,-0.06222297437092639,-0.055827729888766164,-0.3152842998680798,-0.05263346881078679,-0.059929536044657894,0.023084113458520683,-0.03524744689903603,-0.04495291432463677,-0.07321865501651548,-0.08347572215732235,-0.02284237247149079,-0.03776295267317309,-0.11730305310107969,0.0012047287053054134,-0.019682209891282554,-0.012192980384616803,-0.11162154178470107,-0.04156705850604503,-0.24774031800281016,-0.014704250488189352,-0.04715763919605731,-0.06303062191615005,0.008689741394873884,-0.03612069522384509,-0.02856459564464764,-0.08827241590943125,-0.05945995126321879,-0.032576170434612806,-0.027668310276289354,-0.07143334496258369,-0.15832411106219002,-0.033297694850158877,-0.06680423214035436,-0.05936041268931902,-0.033721029967455074,0.07275341725646278,-0.07252560061098201,-0.05770831762064699,0.015838578781181667,-0.20353343660662393,0.04510568503893442,-0.024389372978216528,0.18360773060469882,-0.05453570509485761,-0.08158895832453084,-0.05021765493862773,-0.008429976160459596,-0.04022232201571985,-0.03731718985671595,-0.05722072884230567,-0.08285745412666579,-0.07931851227466602,-0.07933674223652076,-0.388680068339899,-0.022176641051847135,-0.011578670460545837,-0.04578550933017134,-0.02437346900625048,-0.05191745333378339,-0.03213924704049731,-0.12882162770582362,-0.049115822816919064,-0.25271292124444233,-0.09920317024303316,-0.03131952049753206,-0.05388815581241957,-0.07740171435633769,-0.07875426293419885,0.12129383919650571,-0.08581182077598815,-0.07727333311522777,-0.15145578868677312,-0.09282468337443017,-0.05073921114589286,-0.4569223297352618,-0.04125774279472516,-0.0853038731886473,-0.1410721750541466,-0.0748750755686114,0.0082229791804318,-0.14311381120231736,-0.04785316697297759
2021-08-15,0,0,0,0,0,0,1,0,0,0,0,0.002757861648694515,0.030081289291732816,-0.0370452380377051,-0.023564483484849852,-0.026005916780082572,0.010086283154761233,-0.007923527788496365,0.039469592792171326,0.013078336330093698,0.06380642868640063,0.017436339180727956,-0.06285593549787016,-0.13288161084357686,0.014051753455650129,-0.005155672732908734,0.2302388695605062,0.03620639286035843,0.42604373454212485,0.07064483956933199,0.049210420531995425,0.010241157340580287,0.07168525719739982,0.059866740425261966,-0.07306038342808474,0.024244639243574007,-0.049433457855173835,0.03552512150921672,0.009557466549281912,0.12763890567292435,0.40601036439212024,0.02689029660011677,0.014780854939346,-0.04019708733961025,0.023537293358449674,-0.02148420229457404,0.04030379620234914,-0.02941612692901252,0.49002808137109977,0.022571034635703313,-0.06620594290328707,0.13472866532225947,-0.025553772834234323,-0.011140276631612878,-0.05226842854575686,-0.054152520029230544,0.008688808393833902,-0.02498980903941117,-0.01766243344631846,0.09221227286329459,0.02706932196821832,0.0054032280583813375,0.016544601360653388,0.03052562594316033,0.011679481552802073,0.15781329299201197,0.14190460785474457,-0.008163310639161203,-0.004223618662684281,-0.12173788705482025,-0.06363153998862003,0.04874194932407239,-0.12210406883849956,0.009015317648286114,-0.007669283912967728,0.03690455693545047,0.027271780089749065,0.009332364142901284,0.010633549990531677,-0.03662651523271698,-0.05721595977157801,0.07635634303267924,-0.04222131942233531,0.053963915485059744,-0.050966443592026955,0.02571348584033295,0.028690492462929207,-0.01399205482986865,0.04342844829511883,-0.025898452516015524,0.009084714924380677,-0.011280082005307612,0.03849332882616174,0.03469275355254453,0.03564836947158323,0.05563968599544111,-0.004716404423581899,-9.058245131585707e-4,-0.01214696741547705,0.01734266446272592,0.0689200621381989,0.3870453989892715,-0.16745464545362143,0.028688836218868197,0.029270382300113695,-0.07171903717563755,0.09528116275680709,0.42005927576607416,0.04142954473087457,-0.1338987020868707,0.01436416641542504,0.06084090818042309,-0.048944675912632185,0.025939307934872424,0.026844196069544246,-0.04381897040771676,0.04871003917439687,0.023455433108752644,0.035527011292977306,0.015267472130788384,-0.09322811086444283,0.019068152381580106,-0.04201965760222137,0.024184776671395625,0.01749468005944621,0.006184605821488276,0.0036224632085648523,-0.06049336326550936,-0.026897503958098312,0.051075575151195984,0.032052050356949024,-0.004026851079035332,-0.06572990924547462,0.0408486253241076,-0.014676297774351532,-0.21861304820235183,0.044097096741138486,0.019994074814038143,0.11429462677758906,0.04285579503728609,0.030974333981593993,0.17863563835181662,0.008743579019648173,0.006520678238484123,0.13354803437479035,-0.06693513306189924,-0.004103037440703616,0.055243854496017875,-0.04711644955969696
2021-08-22,0,0,0,0,0,0,1,0,0,0,0,0.12221032102785045,0.00660795356003252,0.05784898395116933,-0.002695730827228182,0.004735978541907215,0.06476091633475178,0.15151850952690982,-0.00550920942972688,0.01774683404235855,0.024456640433990984,0.045225098004936015,0,-6.780427426686941e-4,0.03989132902730219,0.02977109802827016,-0.08203965600781515,0.1590113336909491,-0.1398570324730981,0.01424762744863095,0.085770110738844,0.0082089162373018,0.020643215031368456,0.017455835004793308,0.0430362020603674,0.016776408743786497,0.049969219989606906,0.01809875526730753,0.025709688680490395,-0.12948965246985544,0.8630206651073831,-0.08113492618877327,0.030050691491911863,0.0022505252197415615,0.03629628441061339,0.032055657402575655,-0.03103085855906773,0.10014974737739735,-0.17407611501849374,0.030159327688513926,0.010248201882582464,0.022822357815323713,0.06484298148396395,0.01000918274334861,-0.03411183450686295,-0.0021633323742582533,-0.028074160490969113,0.03451916727614801,0.034847939747763235,0.027159904860726947,0.005843427996010675,0.05618498827880547,0.009080847118258184,-0.017328953488990884,0.015016870285154305,-0.051904686682673784,-0.05534102077714209,-0.016816699567788973,0.027878016113443316,0.10815777910989066,0.01018684530699332,0.024135817519699287,0.02248479251611979,-0.04989536563580099,-4.2002100722449143e-4,0.0049850551889187855,0.07244046111521385,0.10099403525703021,0.05811494221856606,0.05058440100557249,-0.032885444924518836,0.037468571519332805,0.06000432687450541,0.010482599457362518,0.0032626456348161526,0.12800405395560954,0.01354422510775688,0.015504186535965303,-0.0306157947768515,0.018192543555464624,0.04146853800090877,-0.012844067794333114,0.007686564952216202,0.04777027626868602,0.006116227017435527,0.05502236626776469,0.00265054408468135,-0.034418343245143035,-0.001861455131301426,0.04144192122096069,0.13370127285936562,-0.15670757204103491,-0.02753332514401663,0.02827598551903332,-0.006330088959306757,0.02972618026520024,-0.07031611408020222,0.10372137772935908,0.2156615977148384,-0.017043761963291715,0.06654981118907166,-0.0077646487367006856,0.06554362699056515,0.011448224136747953,-2.244920875975609e-4,0.0073296199140484575,-0.017921385121889344,0.006617521699999074,0.009041652916950582,0.02633897115693884,0.005229391522532545,0.009502240471186418,0.0204374975658963,0.0350838462769234,0.04661021472002158,0.2584469076608782,-0.055765014547370484,-0.05030312229059675,0.15342770112363802,0.1451181141222948,-0.015589494997194642,0.01501780268673869,0.016037824605124484,-0.0376082087127525,0.0370527103177789,-0.22842131350662598,0.04534675210267203,-0.011596235405241018,-0.022009460194999164,-0.049177235976084255,0.020162175540601623,-0.03286954793086139,-9.677420110101309e-4,-0.023363018226372212,-0.06184731401610044,0.08403435836689699,0.05769123973266854,-0.010546864348537355,0.005140906987721294
2021-08-29,0,0,0,0,0,0,1,0,0,0,0,0.022889807938391904,0.006564574996506423,0.04940763871822629,-0.03540262186906595,0.0670380523945715,0.010155066860011885,0.05814772703824023,0.09146969913134129,0.14964847684491644,0.047494086528312884,0.10419365438190553,0.17948261519819386,0.0813809655313138,0.06121596846134825,0.007114730521357693,0.1269119831118477,0.007093321954484644,2.877449448677183e-4,0.10605841647404635,0.1124310969248361,0.0723708318284153,0.04144321239311566,0.032535496955748755,0.07993732804332154,0.059781300242852886,0.17091953893751377,0.08052656525552848,0.027369598431578268,8.963116780513758e-5,-0.019624030750284405,0.06648551687762083,0.020459991290330493,0.03279311899745174,0.04032641344130905,0.04168291575909944,0.06472141751321558,0.0412585071272904,-0.1754445495562562,0.05200186971872611,-0.03814803941138223,0.3011689885061246,0.06838385806983283,0.011141863053520495,0.04563060387906415,-0.014726200128398759,0.059836963874206006,0.07684899411260027,0.023074707984941156,0.12591010158151583,0.04393536700036105,0.01667126259494811,0.035959432406880154,0.11283433777062513,-0.05010819009642464,0.05833557701296321,0.044315987498626974,0.21318708841196443,0.05859416426605257,0.09076903625717492,-0.03655534947410022,0.10193450925793357,0.05246266176481296,0.07545477370410048,-0.0030855564452370032,0.13318946445718982,0.09684573051623513,0.18158824787138972,0.054652345625892274,0.05330072526092877,0.04326958959948879,0.09578205104466431,-0.027831159777986336,0.09863653411460138,0.0702226614925614,0.15628019640759927,0.06696457439430592,0.16418649438223376,0.06443905587140897,0.03402828635679622,0.058960682851204815,0.0438687369289541,0.12987261350940926,0.18716887602827992,0.04617350327826042,0.0257721000192781,0.058164332307584665,0.06324015486286871,0.08663423197290232,0.03499876506892985,0.007404150514212837,-0.18850551264802462,0.053966582212171765,0.07800026288846951,0.2428453772394059,0.11824782767032893,0.06490424716616694,0.03047908235818486,0.07284835788713284,0.0495728316824362,0.11307538405714013,-0.0020533888118423604,0.07780957348400896,0.09860995304809617,0.12380190626531817,0.10035775981488637,0.048563535273277836,0.36614760458726714,0.10035895836128272,0.14517469137010774,0.6375773294051346,0.043843740234105866,0.10995131048641493,0.025311268595919145,0.06372496456339238,0.35274218107697486,0.07420911199987312,0.08590526958444933,0.19259486682254678,0.130074946758711,0.01194318284417406,0.09353197291312387,0.1656023011573513,-0.028666348391805485,0.06247136634159833,0.25238559394535365,0.03870664501000043,0.2146569374368914,0.10770024531668021,0.11810818604130002,0.03981254776233367,0.2732933349996811,0.035508564831940426,0.007252907598815916,0.047671277153273905,-0.0052947037444530665,0.08866302362555345,0.038139829300315675,0.05755114304759523
2021-09-05,0,0,0,0,0,0,0,1,0,0,0,-0.04831386027855089,-0.03634194218539477,-0.048995946658068945,-0.01968916988932712,-0.016258710043571156,-0.03009913177643231,0.02407583298685889,0.035970386830293855,-0.0028186046443767765,-0.005814859536823924,-0.028984317552174232,-0.06416393565609102,0.07525362660387458,-0.029057088919462792,-0.05595313977583061,0.6388658050088125,-0.04205200697545486,0.023598741039979387,0.004944793329063835,-0.028159624005760442,-0.0764668666824928,-0.02567029851196878,-0.020875229128582973,-0.010807479636766537,-0.08886088937278291,-0.04951277281798294,-0.022872661665991778,0.04458969341901664,0.1658951547958658,-0.15229569965130985,0.07066621063845968,-0.028172583846018284,-0.04438097235536098,-0.06795479278286898,0.13461150074033057,-0.07081830892952823,-0.036929798280573856,-0.04499060407466615,-0.05938441206448353,-0.08315439645653466,0.03484673133016791,-0.07640682374083241,-0.011594659076651581,0.011089578655392174,0.16476914311980284,0.04286625252902887,-0.007180472695571538,-0.053872989940152216,0.2491086801897371,0.015756076800000685,-0.03427305319403917,-0.0024711030943036505,-0.11867803591953585,0.06865267757314175,0.06099516293996743,0.10936866982221716,-0.02025484689676471,-0.03495530453549911,0.015643159824549002,0.07710703719449352,-0.08297512239370164,-0.06751468630239454,-0.099322255110744,-0.10576639783268238,-0.0707821286448409,-0.07264994135107816,0.020054313513438338,-0.04190249165400939,-0.04282458569650238,-0.004346630307328958,0.03477043543310021,-0.009213116991481307,-0.041708172804328036,-0.03344793406754043,0.03431868030004637,0.021892797415624443,-0.013849986648464707,-0.005181527240397443,-0.0046362535810402505,-0.014480342891371123,-0.033706693302869795,-0.04384916215262891,-0.04361138253779817,-0.06101892564780709,-0.10303721910747043,-0.03284445632973476,0.1198939781548134,-0.03401097329834446,-0.0011344913563853254,-0.07567535279148441,-0.023056617457779538,0.12388355224838143,-0.05389810153807684,-0.04512043528047016,-0.1340626011363506,0.08395793950273944,-0.09225783386709008,-0.09430522317481138,-0.06387491965329595,-0.03761533579469578,-0.014701579625775452,-0.03711421734801679,-0.009279373729239815,-0.032869175306765364,0.02879249819520613,0.057014495815406185,0.18521728093012335,-0.050448901290772064,-0.04698850943591992,-0.49179319159666157,-0.048377026382105726,-0.07832657860188341,-0.05547658483714546,-0.0279722080477951,-0.03301291836028852,0.01358077806917013,0.06614179008020926,0.010286935421767396,0.06051900846680969,0.05276861348371131,-0.08135075233355149,-0.002806327451379431,0.10277629561813661,-0.007144588619375725,0.22040235295595245,-0.027889046088977132,-0.033032513254779516,0.03219408871392382,-0.011626348080865156,0.11702992373063559,0.2111872984048917,0.008683571388869105,0.06534439728016217,0.08684069491739876,-0.019752335182810832,-0.04768580182637905,-0.03925652400039059,-0.010761893468492545
2021-09-12,0,0,0,0,0,0,0,1,0,0,0,0.10773269980288269,0.09711234382207934,0.01186593300603711,0.14536920585798985,0.10650502717738064,0.09738679270617379,0.11991506704662669,0.09112724552525453,0.15172839362066348,0.0366882320825237,0.08816564014899075,0.06713472509962681,0.04442654771928556,0.019818538321725754,0.18586138349907877,-0.3145641040078555,0.12488029752714525,0.17824823140631807,0.13455848747457733,0.10908054744368911,0.12602121863797766,0.06796890340243511,0.18825854132673303,0.10459320313216747,0.07997748333439869,0.08324877279224285,0.07987222271160199,0.09391376587090683,0.013499281175306521,0.13367362840047292,0.16907866259314197,0.0625818028015015,0.11301944287924748,0.12136085700426769,0.15307057171145022,0.07229432395764857,0.03813760893535534,1.0999262259758682,0.02085158397261644,0.12485126948299996,0.03381117468465078,0.08437076283312006,0.038427826437902546,0.05141251231806798,0.2812541884603563,0.08898759329604733,0.07741424565983479,0.09401543293824322,0.18167729606083505,0.10246603679977007,0.16565722736444766,0.09316861564459877,0.06933469340106413,0.02851107088050675,0.05239893100754145,0.07058240390064618,0.11156653050437004,0.08069596699404791,0.1714238183236283,0.06666521189810837,0.07071552479839749,0.12329703150966775,0.1453527345713761,0.2584712071749067,0.18228262432232167,0.1060358754424442,0.05058219923022289,0.2136390670026458,0.08515780834030728,0.057554343686352816,0.06136141264211403,0.10184489458239998,0.13186406105554038,0.11923555312409029,0.27668130147353054,0.10321552247978971,0.031985049060185844,0.058220512937072755,0.06332829136470952,0.038480515297989015,-0.003164559602963024,0.11605012587745733,0.10577083681879529,0.0706761711509829,0.1446704786661357,0.06668356946833054,-0.0296447165849969,0.10536051565782589,0.0646229770305311,0.19512906840994937,1.344081280404965,-6.404098841992223e-4,0.10009245852548254,0.0862459890350511,0.10991971350378549,0.04966097409040415,0.12703571127083535,0.11555256838212635,0.14117834987845868,0.09438941652887767,0.20359621057857868,0.08536869113367285,0.06743790305048059,0.08032651638836885,0.013950585630580825,0.07685682089601098,0.12551150518682164,0.07412544688089806,0.09130789383266613,-0.023218290102007266,0.07497795414540942,0.11187270109308756,0.09242882146266496,0.08313684318977543,-0.029014922504014606,0.08511810295426603,0.055776537457411735,0.10809246244292758,0.07211431494602927,0.051221100040336864,0.1847183331891662,0.003714799010567482,-0.009312231146793692,0.08675640503516391,-0.08969826852152529,0.2406349318321368,0.12523870712151375,0.0665519375245065,0.12320933649946042,-0.00493576016920283,0.05393899970323268,0.14357420181699787,0.11608313966919948,0.07532075354743739,-0.024521638321582273,0.10593981802847718,0.39923843792790414,0.07102917340932713
2021-09-19,0,0,0,0,0,0,0,1,0,0,0,-0.056326911742982766,-0.009749772554163094,0.03771773038948911,0.008140967131796906,0.05727055037751416,-0.015868903898528686,0.020438504620932996,0.012135519969176833,-0.03382589078774423,0.02209307123962212,0.02887846842089914,-0.05278627246116496,0.019592313964802877,0.04738750647220513,-0.012700196103788919,-0.2755793081710518,-0.04928533625184528,-0.6242859833111192,-0.041672696400568476,-0.05008959142306413,0.020691079350141806,-0.011911893219156866,-0.0988744588154784,0.01825492791868033,-0.00675412918641527,-0.03103085855906862,0.009934935136660883,0.006639879721541675,0.006967108726595228,-0.013027019504834314,-0.005154192517624168,0.03596867776690438,-0.014460660223800659,-0.03662758698492041,0.17985694672789876,-0.03603993648319648,-0.012687442426460471,-0.610438592396104,0.010966967430597663,0.04400121456604378,0.006462724453289326,0.009473755067290313,0.0021767531450898048,-0.07310664422225788,0.09201116811633714,0.014269196034734755,0.010146668287276839,0.005900663002136319,-0.019766824141917994,-0.017077133742918527,-0.05671273354036099,-0.005021603401497821,-0.05913052322682244,-0.008301558550415145,0.02547558872089617,-0.0012761827227940614,0.020907659458709205,0.028487631844795303,0.028231855243866733,0.06569964495139313,-0.04788695772537199,0.011092997120766945,0.02004202602851013,-0.03584305136005295,-0.13305874369656046,-0.005154650588663934,0.026596700897536074,-0.07187169462230347,0.03993771907562316,0.010265655873712198,0.11713475457076239,-0.05729013664267413,-0.11263821779246719,0.0050961426020093015,-0.07893716881180257,-0.053416391439298216,0.019385065447182548,-0.04081003221518564,0.016121733717080033,-0.018931863145665417,-0.016457989121605898,0.0020948265463811566,0.0019294070223239146,-0.025798461682560614,0.0012349492153029829,-0.022586035638269664,-0.030771658666753687,-0.005240982715457143,-4.56146583008632e-4,-0.022687118610440038,-0.6091559638138149,-0.05768611833768311,-0.012388320856952184,-0.062461614223197515,-0.010848861989937397,0.0015303783020534922,-0.14440096103909816,0.004244231193761827,-0.09814500386711789,0.0044777952975811885,-0.052489673132549264,0.01814209050440052,-0.03849476030833188,-0.04270767848145063,0.016598470203010862,0.03768578004883594,0.009616175479679967,-0.027405284471035962,-0.0028044216035620906,0.15078933212455325,-0.005957546207078224,-0.045702153480855934,-0.003151004527287782,-0.03451696424851125,0.03427727793842372,-0.015122707789474,0.01986395682454578,0.044059989794030585,0.03524040867528555,-5.488474341950322e-4,-0.041377553239525966,0.012931538747507965,0.1744684481661185,0.021248793919186326,0.10268088517844731,-0.1572164345479541,-0.0183011643824047,0.0025374820661028252,-0.03524825713359547,-0.04278960607333904,0.003513727298191327,-0.05469898722572619,-0.04500577267506056,-0.030413808401295483,0.04817804985188623,0.015515641880170072,-0.2425371429764338,-0.01992889503434725
2021-09-26,0,0,0,0,0,0,0,1,0,0,0,0.04594775719600985,-0.005005440870478495,-0.0892572471384856,-0.009410181799428763,-0.0360005887978625,0.007063191535745972,-0.05838499468045377,-0.05884831867706897,-0.01056813006179258,0.005771605373065647,-0.006738095589472692,0.015172704863331887,-0.1317973704241746,-0.017090072878339413,-0.011311174581522643,-0.10156487420428562,0.0447488952427566,0.6136968704683214,-0.016314561249781256,0.0036214658849580417,-0.06455821218503743,0.0011807372544909711,-0.030348130015225294,-0.018830798939489135,0.011751016535519021,-0.02877567807634751,-0.029688459783742793,-0.0786044870553182,-0.1821876670742526,-0.02487720963219786,-0.12168854962003106,-0.0545529998792702,-0.02737165407641129,0.016629451856524646,0.06664283575746666,-0.016074330470074116,0.011076703823174938,-0.44575477830085664,0.05032040970796636,-0.0532680012664164,0.05609943470343559,-0.025196930412976215,-0.04434799045430804,0.11061625056973323,0.004800777343356266,-0.033942807637445505,-0.029350279602722296,-0.01651340129848844,-0.06999328478454103,-0.06292376703665514,-0.0300889904242565,-0.09321812883210079,0.04813384883818195,0.004657360381292719,-0.10257660956673575,-0.04805199905889257,-0.0466023992228104,-0.03255410312887985,-0.07974118498167027,-0.13642825130675806,0.04530186365326738,-0.05931772809048841,0.06108769197983843,-0.02064532432646793,-0.0600271796845524,0.026312732192390165,0.019326444228172868,-0.07269942863630874,-0.023950782195550246,-0.08185755659478211,-0.07883468520025971,-0.016576726408011666,0.02220439735491908,-0.004167637428524884,-0.11084548216128542,-0.012438785583020362,0.007939655910008447,-0.07558462308892011,-0.008917820801420895,0.040950223043386025,0.028586987147936505,-0.06360889385113566,0.015860849931911503,0.05795253193143601,0.014397553034522836,0.05939819071304253,-0.060006035525523416,0.03413760636531915,-0.04198230444680906,7.140307336568341e-4,-0.6389979936034402,-0.18510792578552682,0.025806781215176322,0.004110754186736898,0.032820869563861876,-0.08241579341447203,0.12438551684445365,-0.019550964870955312,0.21248418193403307,0.015168895728355558,-0.10215745708469015,0.05657966957696914,0.04023616257686857,0.018582441792824866,8.987521777497065e-4,-0.03530954130695285,-0.06325591363604843,0.029901031654175902,-0.07352054988389334,-0.23521102071432765,0.006915125519932452,-0.0108500160240661,0.015462460045517545,0.02739897418811399,-0.03154242049746259,-0.0039987935744871805,-0.051541712300894105,-0.03772082435029489,-0.0860373019605607,-0.028963316663100258,-0.05627486692531214,0.0011944756925990063,-0.20224399710535046,-0.05894192267069798,-0.4855026645545486,-0.046798370826892643,0.019595662945049774,-0.08019407108858267,0.036539746400023,0.13427681858094775,-0.06866024242072832,0.018474983142570345,-0.12714023736068114,-0.08562513195429311,-0.020242467958466293,-0.02036730282443422,-0.08555060425603322,-0.03730612355013818
2021-10-03,0,0,0,0,0,0,0,0,1,0,0,-0.013472061275207281,0.026625889773339573,-8.568980815679694e-4,0.013455946246484274,-0.017844265534283643,-3.7378520245745506e-4,0.034385856687940475,-0.023395308458997732,-0.019259493400325844,-0.011795064203266037,-0.010651888693587352,-0.04551012842838187,-0.05659880992758204,0.02188382496237562,-0.011789318238034419,-0.01842323401041135,-0.01258237932269246,-0.47520676285735686,-0.014419639323210554,-0.004767816793835422,0.03731237735403692,0.019421327721238058,-0.052406512551741,-0.026263546321715125,-0.009704255213258683,0,-0.01887484413063234,0.02602473458500576,0.02569929536581128,-0.018914574034003095,-0.02775121975723671,0.025486851675136535,0.0038433869073966065,-0.023411791667892423,-0.004797525781387257,0.024557252464551205,0.03225233288798712,0.00430571171121219,-0.0014118637035149817,0.07340418468776022,-0.022805706603971743,0.047215693307897766,0.010513917438526477,0.011927492989271649,-0.03509131981126945,0.01461484885340436,-0.020350278938662925,-0.006894061937388507,0.013185674036689576,0.028991418853295592,-0.017278264672899724,0.03288607899281892,-0.03731513531101438,0.021668608794199073,0.019553939917443586,-0.010188038236499608,0.006791933623860658,0.009787550169171766,0.08690669191364808,0.04186379693249265,-0.020631270785227862,0.0236787428742824,-0.06582329672567244,0.03189221952805976,0.004946423935325406,-0.021391808378191435,-0.08804381799434147,-0.037477619456444344,0.03437700249740416,0.023575326890068027,0.01715074125086602,0.012616952484473032,-0.009355650170823182,-0.08217180941655666,0.047646709107916685,0.018492858128058565,-0.010975583355661733,0.15645185904597625,-0.006308042816622006,-0.004032263527938618,0.021682745073628773,0.08411428972885204,-0.014274716930708031,-0.012407978457007474,-0.036232481637722636,-0.016128199459300774,0.096446764889075,-0.014904068563736494,0.025575506735877163,0.005960076354036836,0,-0.025223582439674708,0.0047130200015619295,0.01912104144677862,-0.016907102792559137,0.07088045748645122,-0.06386936470181226,-0.012791233078395692,-0.07940677760441073,-0.009931030491285853,0.036278966374496235,-0.01229950881409625,-0.005670680408425888,-0.034503176079669906,-0.034518909950191023,5.649398489326884e-4,-0.0020767207155145684,-0.018063827173242508,0.007708095492987788,-9.132420726034596e-4,0.012743871947864527,0.016231194928582937,-0.01511733493424039,-0.01625931360815791,-0.06604176706465559,0.01900237574585617,-0.028059900932362325,0.060283827141925705,0.06096514671452713,0.00760031807762207,0.01989672169645562,-0.09749117316982847,0.09262015757649067,0.05360719998617913,-0.19425886003513249,0.05552713242825025,0.026174491379042486,0.008612297199983132,-0.04446936257552725,-0.046939017563611074,0.003381601181188465,-8.324084831370371e-4,0.03947533408035131,-0.001731536983106352,0.020520748188451954,0.028763044785655723,0.7390757811580233,0.028225833139163825
2021-10-10,0,0,0,0,0,0,0,0,1,0,0,0.010974047031976575,-0.01945604773795484,-0.03156896528676967,0.11953730682811603,0.057080179259106245,8.71948236609299e-4,0.16972031796123055,0.10178947166589225,-0.0016012813669741277,2.911208171942903e-4,-0.00767856345039597,0.03207323375613935,-0.01655484226568671,-0.04768330150862976,-0.004194343793258781,-0.002422698029113768,0.02948895276713337,0.4940379379053086,0.014419639323210554,-0.004214565625419553,0.028328245760789628,-0.02953069572003031,-0.06613818894939083,0.013509750259144582,0.011571669388054318,-0.014939586916186798,-0.009400975141742762,0.13491271104674318,0.20868631269493676,0.1023209996399288,0.16042694352371267,0.09679426521633872,0.06959047119922523,0.019312375217227284,0.046700017435396646,0.007122076074412398,0.05368377518083545,0.01633559052779443,-0.03909241834385213,0.01863176490599816,-7.957560101612415e-4,-0.019141815703320297,0.07838036962839467,-0.04802247185511632,0.021266955619157812,0.0514248900168397,0.05325729567536186,0.0021950336035843065,0.22917241210588557,0.021931562411595884,0.0060753528300372395,0.054728380179279945,-0.007922259655710917,-0.030335329708391257,0.13365262678845902,0.05923892750053472,-7.20123861617239e-5,0.04595697214863392,0.17144529799293196,0.023158117123880828,-0.05058272698505295,0.024231720336724827,6.327111884596448e-4,0.0410987728226031,0.008190053970044353,-0.005273346725335415,0.056465023086493815,0.02105340919783316,0.08802019166231112,0.18079061378752392,-0.002480551503072803,0.018709766741952016,0.1176583240518072,0.033683223897642556,0.0951331259795003,-0.01170872006117829,-0.02670477075863875,-0.04907982134150757,0.0018489254663283106,-0.03261158558876076,-0.016217823985758884,-0.07670821995793453,-0.029408816320130704,-0.06195058886153859,-0.06953363126760248,-0.024160642663680676,0.2217453154249931,4.4812906866908975e-4,0.027999085177921046,-0.05355983584598256,-0.014318764158544717,-0.008410478508596775,0.0015101940952284565,-0.05749269430436854,-0.041585363382921514,0.13152479146152007,0.21960823800268336,0.07056643593438228,-0.06432663428435692,-0.04009126741430169,0.06471210055507903,-0.019165179748687144,-0.044730175618272305,0.026721035637614854,0.06815322485250253,0.009779204556510379,0.07001397032541945,-0.018161151074823856,0.016539136001609833,0.39705462959956783,-0.038140216019526996,0.033770356427146986,-0.009858153301392392,-0.003373948842604335,-0.014497976426560477,-0.040851778142243056,0.15542098214852018,-0.038407954785201426,0.10165716867116625,0.027383815897666253,-0.0189973062558213,0.06965065805893467,0.02688746270652942,-0.18784103166397514,0.09965157383831169,-0.020200800192596624,-0.08238213597510846,0.0700389061740303,0.017654597902271973,-0.10322325958716405,0.21163639912794707,-0.038194175684690634,0.0901026076294098,0.09451184222275621,0.019835361056145473,-0.008762378078985833,-0.3046660817826998,0.009080290410974357
2021-10-17,0,0,0,0,0,0,0,0,1,0,0,-0.03211550119149287,0.0034720627945628024,-0.0665312152542823,-0.04329844567514396,-0.049464911996161653,-0.007875040698132274,-0.16452491436171357,-0.06116639040750371,-0.050566889540582416,0.014520753603999736,-0.05351353194433184,-0.03746021033160307,0.005106016199392549,0.006578105551595215,-0.013399354213738057,0.05935467541182504,-0.046905938761135246,-0.6425863621838976,0.002737644295367936,-0.03298181667977662,-0.06385687572408205,0.021451855852339108,0.015212463100125362,-0.008201569113417406,0.01220752237805911,0.11705108602366376,0.035925948050619994,-0.053117933783650706,-0.1989906661171954,-0.11846820183597906,-0.1753315917346958,-0.08655736035347061,-0.06168604681258394,-0.03288396503771285,-0.054082220182855245,-0.005823374593176389,-0.05329363277390975,-0.033852968483027546,0.027570668641088147,-0.07259451152695284,0.007139110173298491,0.0168332344548503,-0.07087375211490343,0.04613440656058909,0.00838173830297162,-0.052516838611063044,-0.02075055111118651,0.01930251340632161,-0.26899457735445687,-0.01515722626750371,-0.02179856091193244,-0.0013171227841315414,0.04592824128090367,0.0591465414748118,-0.15034937151360594,-0.07825090698910664,-0.01137075441561386,0.0042434754036433375,-0.23309824788764466,-7.633588156945592e-4,0.04173572147826743,-0.048515174479812906,0.03389100976896664,-0.03592188464307,0.005345741957576422,-0.00211714969695187,0.018435449853483554,0.029735120610745014,-0.07823153351238421,-0.2039644148741644,-0.03422081534735533,-0.022897754944918525,-0.09958470542943676,-0.008315039348520514,-0.0900687702249865,-0.050547432452172636,0.0451153326018181,-0.04987194761287661,0.002261771096923937,0.014504489763329076,-0.009543997970654416,-0.040545331079563596,0.002212647927297695,-0.018975901459006295,-0.010535356578858845,0.022533423369718086,-0.27593105591626266,-0.014895332946440298,-0.018561665797527382,0.03548166317321133,0.05092587996036002,-0.07905783246202436,-0.01214589830210766,0.052746600915113184,0.016324227988948614,-0.18452118021474284,-0.2805854675376471,-0.06483361863837267,-0.003395589001138788,-0.007004426747896808,-0.05243266398090629,-0.012911735218897213,0.019629197359944506,-0.006466173210788462,-0.046570925975430555,-0.02870793390763904,-0.06000640088888254,-0.018497088904969594,0.011964952124078998,-0.39067938032008787,0.06407208604337633,0.0037976914277866314,0.017567685950459655,-0.018036257341529804,0.059890110037756905,-0.12981529767550803,-0.04322507799570374,0.02442869568496242,-0.12657597415639632,-0.014843593043293524,-0.024879924108704543,-0.017724236288855444,-0.04990917841818998,-0.08991149559560707,-0.09794522744233092,0.013449719699176299,-0.04513622529433903,-0.06190510624725931,0.047381370665786626,-0.011921695549665046,-0.21878192663599805,-0.020541184028401993,-0.06424098661460942,-0.10127845847354777,0.0038116027633261496,0.01130367550765854,-0.28055637310363135,-0.060812354226097654
2021-10-24,0,0,0,0,0,0,0,0,1,0,0,-0.0436729671039604,-0.09877284237986217,-0.012608707543147801,-0.04938377384979553,0.0043824771337011015,-0.029740785292522,-0.06438082263425393,-0.03246261748976309,0.030268577282731357,-0.03942442033782001,-0.009477711339927808,-0.02886045053909836,-0.06708087033560872,-0.05859416426605346,0.021944179070354508,-0.07673969893537169,-0.04737096672865704,-0.0620055962050321,-0.05302146072158287,-0.01902911700860166,-0.07950121821498257,-0.03597469543534171,-0.02514464163720831,-0.0322801488072928,-0.0673377047429371,-0.13748420366458447,-0.05569766392348097,-0.12389589657309852,-0.08463593960460436,-0.06604754124695944,-0.10357695540954026,-0.06887332103702626,-0.059664710660806364,-0.021047764057028573,-0.006289328907564062,-0.1185945264093462,-0.030897625513259364,-0.06452637570819952,-0.03003558461101896,-0.0030481767687335903,-0.07138578057718092,-0.07185851876927529,-0.07797059174853604,-0.09035487503995654,-0.024700638304760325,-0.03718679325417895,-0.002383876171188959,-0.05081547324283786,-0.013272042752022983,-0.08877677096389114,-0.053269663405056455,-0.12764675039973117,0.012354309500934413,-0.13240503806422588,-0.032869666329759184,0.006933679900387624,-0.028368601058980758,-0.08315725245291272,-0.04268956132182211,-0.03141619623337899,-0.027324924797137662,-0.030484718809612232,-0.05498479282876634,-0.02729311415205693,-0.05478864766454539,-0.039385568375443825,0.021197476596568343,-0.036434864283157786,-0.06261869002259779,-0.1030882430768516,0.03895108658444357,-0.057621009258501665,-0.08163992265460696,0.019937446205699594,-0.09282210056100393,-0.02438295647820965,-0.029621822469399817,-0.04988048102425324,-0.034598830266717506,-0.048850669388025736,0.016990510816142113,-0.019867175253027725,-0.038237075638545726,-0.0023014969882790837,-0.009267270717320919,-0.026858328627716865,-0.2259342901337229,-0.08639145260054892,-0.05212923616759735,-0.08045671310668467,-0.0869408526410691,-0.0372482538806187,-0.038935621412901966,-0.0608030392542398,-0.09362765821411134,-0.021544029564715572,-0.06346300440180119,-0.07534187301474571,-0.0020429016297995872,-0.0302864882730578,-0.05184117137797095,-0.02068020523753944,-0.04386064762253472,-0.026492934773460597,-0.03106921780882832,0.007454590401842154,-0.04375347335097857,-0.04291349724564153,-0.07629894693603934,0.33218317363847927,-0.05371942008629116,-0.12617445130534488,-0.0529862076197416,-0.03652342880884163,-0.04102531444485624,-0.002405037588497194,-0.09529626718024176,-0.03895930941371972,-0.05810336881948164,-0.0985833235548208,-0.02456973227564241,-0.04692169376222477,-0.16169760302403802,0.16402690355048044,-0.07390502948432953,-0.032219220131946,0.018615908574229678,-0.06375874723248032,0.040270571810432365,-0.048103775234529245,-0.029931646219934827,-0.04270041351791498,-0.1271845123976858,-0.05789498320116415,-0.10777889652210781,-0.09941576807347374,-0.18789841690050402,-0.05277396671507084
2021-10-31,0,0,0,0,0,0,0,0,1,0,0,0.0294849778649402,0.07938230814761926,0.07047608986369713,0.05735040769673461,0.02104512717851037,0.013865930205500199,0.0388810239309878,0.01215148892953355,0.03849951098939197,0.028172949314428486,0.012509000875527754,0.041029534138830925,0.040831466414775974,0.07006756261671754,-0.0015639937152762684,0.029692480785201703,0.056407611811641445,0.040855959411882026,0.025926207112871857,-0.010775747249749834,0.015542603679794098,0.03797280899350142,0.0758815635587915,0.058979355162532165,0.015971656332663287,0.05100520680693421,0.04662749564669966,0.04628877751506533,0.010291579371251913,-0.0069341080995339865,0.11027504429249113,0.0032467068405779287,0.044807376667435506,0.03605792079009085,0.0020054440183514544,0.06322860365783445,0.0028121879932641036,0.00465297466078507,0.025893830253179928,0.005493246547904285,-0.02405614285423674,0.053457066533542985,0.013781750880284882,0.036272654857101294,-0.015252285064094373,0.061126724381430186,-0.009880512828832622,0.030375395725869225,-0.015610340267899758,0.06496375306322921,0.020422061685378523,0.07037800094557056,-0.06699720288428246,0.08325191753236538,0.02934108115835521,0.04757540756737022,-0.004129910131332792,0.05183959322659426,0.023547144239389972,-0.020299204470927812,-0.0024382822198960596,0.04153153354236405,0.03116309406533979,0.046048992184151594,0.07747782998499098,0.017602882444928802,-0.03802625459224718,0.0013435444718874479,0.029336178534625112,0.10204394045553578,0.006049083080679196,-0.004794819509116088,0.04186794157115781,0.04564424380504217,0.026524369090449973,0.06770698004598419,-0.0011394714086137014,-0.060896161720892295,0.013084870272368043,0.04290368905991926,0.006316945741914992,2.3511893207484036e-4,-0.0015724224588513636,0.026776037645202422,0.04813313392240559,0.008254183397888859,0.11814367006324566,0.11992913635626934,0.030246750798852418,0.05438140566819705,0.007587503030161535,0.0458944965954835,-0.0038896795858569533,0.033067027622039724,0.042470705772371,0.033112351450202304,0.0402911411118021,0.041341757584304695,0.02889015166598785,0.018281739598277724,0.05731339939339186,-0.0072122365331495075,0.03966525639243201,0.021171152232207113,0.03755844268777153,-0.004695650842871046,-0.0034668479259050144,-0.0015001878047957717,0.013624359236530381,0.31522184832974887,0.03981099004015931,0.06067061257230044,0.009036824693980705,0.022430553772904815,-0.0072398946008283005,0.1377893119734379,0.026901132754806767,0.0010449321744934181,0.011873005248010493,0.064213743464137,0.04825025594071253,0.05902988267113862,0.10924462719636807,0.05720137516402346,0.10239721332722063,0.03971761499923954,0.07591307204968523,0.02430938507872149,-0.10990487144554795,0.09207378948763889,-0.01981409306036319,0.08492266360764145,0.039110456965040896,0.03267831813190014,0.11346919774528796,0.04003674436171689,-0.003235085495805201,0.0740293974071431
2021-11-07,0,0,0,0,0,0,0,0,0,1,0,-0.03810678272062695,-0.05537339071640002,-0.004248189731602459,-0.022128232088366673,-0.05182610312182412,-0.030684004724461644,-0.04086533052598185,-0.04125957308760331,-0.025004366785308818,-0.001887614906347146,-0.03374873737643824,-0.011089364221849252,-0.0022758316604853945,-0.04290912482592635,-0.013481776464828954,0.007537724131426948,-0.057636490614523694,-0.05186071898656497,-0.03203064373986919,-0.05828934987011003,-0.03410196329097559,-0.020219681259689537,-0.12429493989095786,-0.0337830612436445,-0.03756000719790009,-0.042400947222906105,-0.034267689944535995,-0.03523049177863058,-0.0236314027967488,-0.005962164958956961,0.01367471842647383,0.0145856280951282,-0.04029804177262619,-0.02675301918653794,-0.027565940997885896,-0.04083152055252004,-0.03234417015729729,-0.010695289116748441,-0.023150998648706178,0.010766203907039973,-0.06480908913875805,-0.07408785122695072,0.005578318423517636,-0.0544631072286208,-0.008387903565427735,-0.008633509844575116,-0.02436258359068688,-0.030375395725869225,-0.021717238459482147,-0.02915142064251164,-0.023299008876979777,-0.04047760878694362,-0.02735845308674456,-0.016711618868239242,-0.0761003299999583,-0.04519558731043993,-0.05530115673935132,-0.04510363081720392,-0.00892907863742387,-0.015397386851237371,-0.04461822578284824,-0.020827789567272603,-0.06266176112471111,-0.02516931886084528,-0.03763574735108488,-0.019687110502798255,-0.013081134513508452,-0.07816477284933665,-0.009706474858512948,-0.053571710984995136,-0.015645543968940245,-0.03089359146072912,-0.0513310238297251,-0.046607635016355786,-0.030175673922953727,-0.04011742439324628,-0.03645632416915934,0.04754667236803378,-0.021862821177099256,-0.04481147978164657,-0.023307456558057105,-0.06294639270019076,-0.051414352435031674,-0.025752496102414923,-0.08251042300001821,-0.02427414812264228,-0.03782956987304953,-0.022682760346285136,-0.006123589647956784,-0.044544462455025524,-0.010695289116747553,-0.006819758188830072,-0.05779426436353674,-0.09082039626297433,-0.06476576804231016,-0.0391304237757657,-0.05149204886018044,-0.03906644374716883,-0.0922024310803149,-0.039568196796089694,-0.01717717204219671,-0.02332105916786187,-0.009656079854945432,-0.03724637884956383,-0.011190493054388462,-0.007952557327013388,-0.0345160994654794,-0.033198597297797505,-0.0406668234438321,-0.6161245449180273,-0.06959329179919482,-0.05871786834701709,0.0024504811118761793,0.006647624387515094,-0.035742909346868856,-0.013543103189456396,-0.05614676667397944,-0.01102662786872255,-0.05022737779074582,-0.04035635344946353,-0.043851882528849195,-0.029039726985960357,-0.08141223428701672,-0.03153080195582625,-0.14439450488189287,-0.041273430171100856,-0.08970883382822414,-0.010471053470570979,-0.00639153600360487,-0.021340518549314957,-0.07010266963154788,-0.03884262744747069,-3.1508468161423053e-4,-0.014122398282392368,-0.04391151404337723,-0.008112851142358046,-0.09451841412559148,-0.03538000295133692
2021-11-14,0,0,0,0,0,0,0,0,0,1,0,-0.0017333172595170865,0.011342656111080096,-0.022432117676308927,-0.001702462433199159,0.027795007764751745,0.038115205360953475,-0.024123976894514065,0.03091251243585358,0.020150577374937306,-0.005611237167786776,0.04855587486366719,-0.020716714010923454,0.04760685412900756,0.011302596103182516,0.014003379536726257,-0.06382121484206227,0.07032408872312157,0.03376481301960954,-0.006304070016832419,0.02037604007351046,0.045878568676859466,-2.829414612994796e-4,0.05166739588030289,-0.03312558218543771,0.03399667333355527,-0.06184502350977805,0.055441254090154324,0.047577713407362054,0.08228893985326202,-0.005764776541321126,-0.07120748367630014,0.14126006999618212,0.06526089432182758,0.003216298671823381,0.10782878207315161,-0.008370250949333524,0.06871659023087773,0.0199367873109475,0.005857922945628147,-0.006485234481703905,0.08418536810189714,0.06831658651978678,0.006958806167283171,-0.016689812374700352,0.06584326258405504,-0.010050335853502013,0.012710561041620494,0.01966786770216089,-0.11490766618574622,0.008396470526941258,0.06293298990259899,0.014869337428938145,0.01930275225452771,0.018036561095850168,0.05050150982604862,0.035263431914043686,0.057931254066105,0.04106764353475256,-0.05803614271367863,8.163265759453253e-4,0.027381726415232954,0.007744258197286413,-0.048140375327935025,0.052366091662213066,-0.026948095457050236,-3.6825631055048547e-4,-0.010746093131941414,0.075206588629458615,0.09256455156027954,0.042255715678343186,-0.0248088984210737,0.007784400875140207,6.03500320067063e-4,0.003367816510115418,-0.08871711659152481,0.03549339325421741,0.03588610119653168,-0.033144397007447424,0.02900527633379646,0.033918525857950854,-0.0220941992212218,0.05886315184828561,0.07219914427289265,-0.03778951274541775,-0.014740514966797846,-0.003948443174106586,-0.07531602565549456,0.017833731669340658,0.020987783356977374,0.034389253366950534,0.015721828602682564,0.15127899008456502,0.07604999340306584,0.055729076451704884,0.060667401650028374,0.07921690117499303,0.00808385166048975,0.03726487332037731,-0.08800216276373529,0.06391978414829769,0.024582877320762364,0.016953389771767746,0.019071078789546725,0.04531649449097852,-0.02103844476081651,-0.017627258492514564,-0.0856741218732342,0.03893713599973925,0.03406531724993833,0.3896492437345529,0.03983652411878147,0.019703167820095402,-7.651304920690549e-4,0.03660974561256136,-0.01908318535806064,-0.028163728773938246,0.05236557358209559,0.005791013814777202,0.02943616925791659,-0.01412495309644246,0.043851882528849195,0.03150543943877526,-0.017051322266906865,0.041974523997783564,0.20827444726775468,-0.0067373198262759,0.043219829791671494,0.06762946731051933,0.20513794415325126,0.008466696448925504,-0.01835688217236431,0.03898372092213176,8.662440987396991e-4,0.10123912159816584,-0.053048228730486535,-0.04077350849634165,0.02230575751429864,0.14996654533840648
2021-11-21,0,0,0,0,0,0,0,0,0,1,0,-0.2626369162556692,-0.23749395653652972,-0.1567127737318037,-0.4412576651811735,-0.2935471919041781,-0.20212013423438524,-0.36708783088507335,-0.36437134355914225,-0.4050394597480853,-0.2654236018508378,-0.27930317207645405,-0.19838824083360151,-0.2924002607130962,-0.16014488252121062,-0.49810200008786776,-0.23873945763794957,-0.4226608211736913,-0.32773069747543726,-0.2644419849175641,-0.2437904839804652,-0.13824442859876473,-0.17313865234489967,-0.195360510403499,-0.22383270483128115,-0.23239438648535948,-0.2526896954080211,-0.277180083146253,-0.3496555881473631,-0.21398952145980665,-0.5101886266420124,-0.3492370425711133,-0.14269414750286913,-0.3399491226292355,-0.29062995077573106,-0.5556616507154422,-0.15755865778640477,-0.21511653759285299,-0.27385199729191,-0.23112750703060314,-0.5821637021678132,-0.3030085917579992,-0.20031997209161112,-0.26551921257922384,-0.19240898394769612,-0.38038786533496705,-0.4867392347076507,-0.2728691277306421,-0.23421621443383778,-0.4395267022681919,-0.296792968645466,-0.2908021997880246,-0.27632847782705916,-0.24544930882850746,-0.32397207385698135,-0.32473360778835225,-0.27733347910808437,-0.5122024310427449,-0.33404869007565097,-0.3992103467560906,-0.22969289932563264,-0.23556122034657623,-0.42699227645289817,-0.1779241044139388,-0.5421129587279259,-0.2351809025701126,-0.25131442828090655,-0.3164593226205943,-0.21958136049900823,-0.457694778788146,-0.45065057557959154,-0.2709602390063033,-0.12962886010437114,-0.25591452061960496,-0.21930845553026757,-0.4160556338490178,-0.3301361393909046,-0.2801811849136584,0.020271685322185817,-0.2285107638055095,-0.16586891921624236,-0.12534530890769346,-0.25946893994249987,-0.3411544717285899,-0.17580894541840664,-0.24224921039379588,-0.17043070023910456,0.043624047825533196,-0.360533144227718,-0.26873864010653303,-0.4940185054496098,-0.19194993390875936,-0.39260695316479577,-0.2451707767821194,-0.2971833315759218,-0.20139344498483513,-0.2897668243719762,-0.34760861396063447,-0.32316600140116414,-0.07746870367836411,-0.31897861252757664,-0.4033658840498866,-0.2767221425594979,-0.21599232681113723,-0.2371601661433509,-0.2573559964643133,-0.5068293796136372,-0.6099435629887822,-0.21666501778245095,-0.2514394048479627,-0.7221697737862884,-0.22806135689594775,-0.2213280618279292,-0.2036006013141627,-0.22585816540523762,-0.4313219825692327,-0.4414896991024335,-0.4314330519438805,-0.22884657181642254,-0.3284211251438327,-0.3047765058110805,-0.26308459585106014,-0.24701400697054243,-0.10494952947787439,-0.2787779348352508,-0.4422564122550625,-0.1517369530372692,-0.4662922917999479,-0.2839308820163069,-0.5423198458969134,-0.26429192881588914,-0.38439395346869176,-0.4196023804681204,-0.3171852507155979,-0.20922447196760885,-0.11536708175959376,-0.3797382928696553,-0.10841816107097735,-0.18338843515040182
2021-11-28,0,0,0,0,0,0,0,0,0,1,0,0.25217344261484076,0.2465356992917842,0.16901081075890456,0.3733361864433995,0.22570710751412815,0.18630246915701942,0.25594198773548804,0.28292933068396486,0.4274122957312487,0.23092716915901956,0.2774909014455922,0.246776106649655,0.19240827149679784,0.13631488947217374,0.4731094989755462,0.20730055400082037,0.45757427712939247,0.30024205568506446,0.28259946938831515,0.25770595204244007,0.14419092778649123,0.19861916145112524,0.22299542876721912,0.24713531772096964,0.24047458558681,0.33105621815288444,0.26557358169757705,0.30038003176312955,0.047762481194036255,0.40890202602071124,0.33712107153786874,0.11573791256045318,0.32013943116569266,0.276210187413116,0.31828629704530975,0.18923230525400037,0.16812359690776457,0.2717416847581351,0.2471009116835976,0.622417712071492,0.28681564640479884,0.1723069358639373,0.22375648421724836,0.21927852494783728,0.19553945943910378,0.4032436563095114,0.22805662852507602,0.20444044396085026,0.13564693034600062,0.276997194865654,0.2276072583449622,0.23489361793551566,0.24397763821705176,0.3282660523787877,0.2423763469019944,0.2246866447657414,0.4978408841283404,0.2909077660842039,0.3089071018818217,0.16654060583288555,0.26523154176576735,0.4073494336133363,0.1390531027522437,0.5138296885660996,0.2640095815621253,0.24552730383686772,0.2911676110102146,0.21958136049900823,0.38526375672376734,0.42995338473007916,0.22904255586225197,0.15803921356695128,0.2534983309814347,0.1959837829638582,0.33949757612774967,0.3534767125392433,0.24724685396944057,0.14135465173451323,0.2040277191215596,0.15932528206358576,0.15760617112591468,0.33652323231208836,0.35889876808208143,0.195012481752058,0.23132411993734614,0.16926642021469895,-0.09935842744614654,0.39634037636269337,0.23915670372941467,0.45477157226909526,0.21915315002311075,0.19367765997118092,0.26497681472531553,0.3312959383166527,0.2092339487598771,0.2351171141934092,0.2665247247260698,0.2731192520777439,0.15745040784417963,0.29908394902719593,0.3207514591569396,0.23320216381096515,0.20867722365342,0.18422497939039761,0.19802345723378156,0.44061709955445316,0.17652605078939843,0.24849534605293844,0.24088654309685786,0.2618922323605437,0.24503839792996196,0.2647480558227677,0.20400874376154032,0.22004809319518337,0.37036246025375696,0.42278785532541274,0.29305837805576296,0.2147494220613888,0.27249776310421403,0.34453255711300645,0.28445673612693323,0.19666806956853922,0.05219173821503276,0.27922954483253903,0.17642933247962045,0.17267809637309384,0.49851525082292536,0.15313074055743492,0.37348620342900585,0.2877109704274794,0.25143025884408754,0.3673284462088091,0.2526467295780268,0.17219833622055347,0.15705800499309852,0.32493005637466066,0.2989937431758376,0.15669918895201285
2021-12-05,0,0,0,0,0,0,0,0,0,0,1,-0.13092308386573404,-0.04708538667468787,-0.08253562681161153,-0.006685692942242305,-0.04550455000745579,-0.05871388014052137,-0.056631605355063286,-0.0023346021071741774,-0.04165498082414665,-0.01263623421051463,-0.08561554100633817,-0.019431807325024586,-0.058331335042483445,-0.04283369966102146,0.010636512263055842,0.02863347797775795,-0.16574689493454464,-0.061881454526727886,-0.04477752494816034,-0.05974822623126652,-0.08163598329009414,-0.03429163964070625,-0.06718868189598037,-0.03717673708889979,-0.046451038224966545,-0.07735437690946867,-0.07457937880164067,-0.015292713819963666,0.0495919409101937,-0.4134163549823606,0.027247838706959016,-0.01683826288609147,-0.014345227069210154,-0.09819202617921352,-0.07472643323615724,-0.10774171566483659,-0.04153180171910886,-0.056288922211898296,-0.0482989654502628,-0.06305402709625252,-0.006376833203077581,-0.04058528011507789,-0.009109997757436261,0.02384218896275936,-0.04820210181787754,-0.0050163834030900745,0.010715131957400814,-0.045287163602266034,-0.010488601900998873,-0.030664621403484915,-0.07449094787975774,-0.019651097534066686,-0.060716673181161696,-0.04379278396379149,0.027612868713390526,8.461771432664023e-4,-2.2842349815732632e-4,-0.004015781660594797,-0.04140661891574293,0.008223374624989788,-0.062491190983053,-5.058879847075204e-4,-0.09291305520460291,-0.014355477669562688,-0.06025773281091773,-0.06044712460383295,-0.02438352273709654,-0.06279840750142895,-0.016749665212461018,0.004058144622677062,-0.00486264026471428,-0.09795724845595277,-0.04230984611046651,-0.019861626086721706,-0.03811730343375963,-0.07125934485477536,-0.02458651116910282,-0.23400208865462702,-0.04545806186392376,-0.047564605551324135,-0.05271944230932135,-0.17324218827928028,-0.10296270420743969,-0.03311122239056541,-0.0725037614611228,-0.024131648493861846,-0.03121954646558578,-0.05229234593302223,-0.038375954891264996,-0.04828386462402268,-0.04689442900453322,0.034332080994202485,-0.09848711724672832,-0.05613654430564363,-0.05586094372430228,-0.028823946611961304,-0.06401596821719835,-0.17216344069614298,-0.2404967650619252,-0.07505229818747416,0.007981855966040285,0.0010529395532623553,-0.013273196375009455,0.010281809681458753,7.621660763579285e-5,-0.00201536785685974,-0.01512724686279121,-0.0544756537322737,-0.058109789690274916,0.03707560880221461,-0.02995040529348536,-0.14479289142169804,-0.06088288010485243,-0.046249691528873704,-0.041417605501211874,-0.0234774361665826,0.009287551447412667,-0.037058013545895996,-0.06547877733261132,-0.10026718076951457,-0.0285989106620006,-0.011886486933722296,0.06830199709700757,-0.004978962895134664,0.006160974435929667,-0.06255130638525142,-0.0014874806477891411,0.004901292942612656,-0.02342713289514009,-0.04876415670528811,0.05412696021112229,-0.014072088500049595,0.001929288020310338,-0.01571781885128054,-0.06793281512315996,-0.08132393782958491,-0.008996044605190434,-0.0719217537564294
2021-12-12,0,0,0,0,0,0,0,0,0,0,1,0.026202372394023676,0.04282310138959389,-0.01735724210810563,-0.05657707641534415,-0.08489237770234848,0.005574832576749067,-0.039567889287388525,-0.03850619806606126,0.003713335124660766,-0.044166276075539024,0.009716675638572703,-0.01112119085499419,-0.04157522629132426,0.0569835956107303,-0.04767105863202303,-0.0401254701485696,0.001631587896622655,-0.06768991156838933,0.01667943878073963,0.0070875158259662285,0.01607219659218906,0.004898340944073709,0.006317140401261412,-0.05356715659632094,0.05366781239009999,0.013065512495201048,0.024583818787158762,-0.0176475168135779,-0.020934155225434736,-0.4285471531589051,-0.023675608964956574,0.007984505086199079,-0.010310758354789229,0.016190476200158344,-0.4220214764668073,0.06980449676786904,0.024905635140644478,0.021506205220964247,0.006014566837007962,-0.0587060372017012,0.01872444162401532,0.0782855239211484,0.007392838007641345,-0.052549402761835395,-0.42111864868816795,-0.01335978244866265,-0.039641092992992455,0.006445653855525535,-0.07472479133134868,-0.010506962352981652,0.06633622690379593,0.01256561036036441,0.07170177083049101,0.01469860679300794,-0.04252963675215504,-0.019522337919728017,-0.018677765216703612,-0.04002293180518812,-0.0205558348624022,-0.049480057263370014,0.015282054810939805,-0.06336225754890368,-0.005602255548669888,-0.048710520239023225,0.03552989179355048,-3.936233075814144e-4,-0.05296622409428853,0.06495068167097173,-0.0020013118718713585,-0.04211770644702195,-0.06429482672915121,0.0026020707327738535,0.028915429721994457,-0.0284861580710718,-0.03817148327010056,-0.006271069210112223,-0.00290416467429111,-0.0012625125673721982,-0.011122427580798622,0.006345116788210703,4.920049299741436e-4,-0.02388945273030174,-0.011622375413627317,0,0.0640462740195833,-7.956398938002707e-5,-0.01054951454081099,-0.03102438601741042,-0.003362088762376203,-0.03833802842689593,0.05014206379401376,-0.07485507715672135,0.017164600516633932,0.033107174442895015,0.02236912017048187,-0.012482159181518071,-0.22247887864101923,-0.029545934381597583,0.07703000903160007,-0.014935661980498338,-0.03836367888182046,-0.0474113210105358,0.004091224738352217,-0.050346202319684785,-0.023753719596139256,-0.03176903521568519,-0.03975651262899227,0.012141289905712505,0.01329630012750549,-0.02254523832105626,0.007378674254074902,0.046327556195126185,0.03938332800037525,0.006861625361950452,-0.13233368523521793,-0.0010742581938165685,-0.033066819743289955,-0.0051698785754199506,-0.07446926558813338,0.051389752757800444,0.007526755389127615,0.0012277472383219745,-0.067175270726608,-0.026857127890348664,-0.07625112044474314,0.033840269029886016,-0.05158931465839345,-0.0716865072082129,0.009250015682732204,0.021877982669972873,-0.04806462098794029,0.007659420189727761,0.01224352111915028,-0.045796322712092774,0.06535954708419478,-0.046431836101305635,0.10977226384107386,0.023494739753582294
2021-12-19,0,0,0,0,0,0,0,0,0,0,1,-0.35002303471042584,-0.34215039104137013,-0.17713244226614044,-0.5500413554875587,-0.34075948863283223,-0.3172679937051095,-0.470261609564786,-0.49440166056245083,-0.6864977286490594,-0.38251198329626224,-0.41628665985134283,-0.2954078472385424,-0.06522859733874942,-0.24492733461680594,-0.5579065042633085,-0.46425497073283584,-0.44724533791790577,-0.44071830570206316,-0.45756897796241525,-0.4345759859642113,-0.23005483534961169,-0.1988667679626248,-0.2565457922454222,-0.3813558585019763,-0.28374819889740444,-0.36031897640885635,-0.33749983378908155,-0.5293452374992569,-0.31186045187125977,-0.5165498753311031,-0.645705734516449,-0.331022310614534,-0.4994677066466231,-0.29443336087706484,-0.6622587861577491,-0.18765231814550276,-0.3619697628711771,-0.3596051197120538,-0.2685133530493271,-0.7701167778824098,-0.9475240231898789,-0.27234091145639905,-0.5318320197400395,-0.3476937613651767,-0.4965669225074816,-0.5942205693691216,-0.3929076321115872,-0.3087317364364637,-0.42083554872470064,-0.4640771695080863,-0.3093988390492921,-0.5084005402979148,-0.4124083115904922,-0.5008092213012505,-0.5390935745288346,-0.4463333087230117,-0.8227736793681197,-0.48505918410077964,-0.5258826581855649,-0.404107334647704,-0.36688258616038905,-0.5638628435204991,-0.21197025071608433,-0.5915761594025444,-0.3148492576737949,-0.3662822515163766,-0.5929356664845242,-0.2737157377093391,-0.6213214459886895,-0.6492952980310962,-0.41762450483195046,-0.21173137867217218,-0.3985171893393673,-0.3697334467595388,-0.675451008057772,-0.48068488885843585,-0.4790605154228631,-0.20521286904034852,-0.25168824957998925,-0.20945809822895534,-0.08500114647640267,-0.41616898338488006,-0.49905263460104354,-0.22665090685897393,-0.2995692852358278,-0.23569413290186336,-0.18865835928628716,-0.5856110906415566,-0.4302267342873387,-0.5302353800727628,-0.310548019727225,-0.40397145585138095,-0.34804467409116313,-0.5492116820006059,-0.2900256404332495,-0.4549204550994723,-0.4653632496892328,-0.31932389090990654,-0.12372739252790144,-0.3775645866606201,-0.5040169685682772,-0.2839291105531574,-0.3519551584505649,-0.31148580883848176,-0.39082219685332653,-0.7193898680336002,-0.6188989559515763,-0.3013939210775103,-0.49805148794783793,-0.3602043985399126,-0.32734397403450544,-0.3086494845562626,-0.27827609674907183,-0.3631677862247633,-0.660527582844308,-0.5755283693539663,-0.5280814485556213,-0.3133068730659119,-0.5980610851066253,-0.42707755785099444,-0.3990371018206096,-0.36577258555712344,-0.23838527115626285,-0.49896374805102717,-0.5536779881221348,-0.2601550162910291,-0.7217659858655985,-0.34131640407721875,-0.6454632744903259,-0.41796611101543846,-0.7784822952942241,-0.5599898854295908,-0.5626418851313808,-0.3710177786979756,-0.2069569136515801,-0.2789905643333226,-0.7371915388815697,-0.259958426990476
2021-12-26,0,0,0,0,0,0,0,0,0,0,1,-0.06564410444532154,-0.11284768212646412,-0.03339715362287521,0.022032401399586732,-0.005998818229253189,-0.17176297023346088,-0.21781537208258417,-0.09961026496465841,-0.1014408634077304,-0.07302513501488939,-0.15814421386922017,-0.04816021236413981,-0.34449070490152955,-0.008318938790060848,-0.11274727116226124,-0.04926657360248665,-0.18733153608858988,-0.052494198742104814,-0.041479992181676195,-0.13792314320550147,-0.17429717618503116,-0.10277593859715761,-0.07285661635515961,-0.09819202617921352,-0.09429202258078462,-0.10400932521261463,-0.10946205472926618,-0.10175699034253416,0.16335073561609192,-0.1669446056009276,-0.013049709201697901,-0.29812383874284354,-0.15967617380562693,-0.09473676828677036,-0.2510095502297638,0.007551589763960642,-0.08266109219446527,-0.056253845709520967,-0.07703523965961168,-0.09628092650798248,-0.05601161231646401,-0.09805084613097836,-0.009868846500729944,-0.11194076003215514,0.010907396189193008,-0.07314172181972811,-0.06783685229011205,-0.13833678389946158,-0.00415751623381766,-0.1350055740170104,-0.11324950902817488,-0.004238110755068192,0.004390786417490133,-0.20428553267981275,-0.010262858270397857,-0.010062004396859336,-0.008693392814308254,-0.09726787715681873,-0.09611007880710609,-0.07171026446345152,-0.10876093002882925,-0.06177013501963824,-0.111663405987942,-0.24580066719930294,-0.02437109436205276,-0.10824603426219692,-0.05583896375763242,-0.12198797711831855,-0.17844583166164707,-0.04799839849069798,-0.10869853702854115,-0.08361102812714805,-0.0944887870411586,-0.020370376187138994,0.0055138460828345615,-0.14315881297491195,-0.06340435726621507,0.1770795591834311,-0.05135085560724484,-0.04992880357869289,-0.020924284322505926,0.06231652244535013,-0.1501426584297194,-0.03576722385863107,-0.2297673335773931,-0.0789773741108224,0.02520094596314504,-0.11871980387476988,-0.1431334940365625,-0.2636103030391972,-0.08496943275158753,-0.025700583108580588,-0.11952019992745821,0,-0.07248491720868344,-0.06046228279061694,-0.23875994180164373,-0.12542157427732015,-0.131164857100889,-0.13008233769453525,-0.07604057170096823,-0.07155548209142992,-0.06736628098299668,-0.049377880906890326,-0.05867969853202748,-0.06258070258926907,0.045442116604281324,-0.09886790287161595,-0.1976084228900774,-0.0676119517655902,-0.09126576615433901,-0.15635453746857841,-0.16681631122258977,-0.06843436826104021,-0.06431996578755861,-0.08004270767353638,0.007427615232369789,-0.16779102134299428,-0.1606196200257104,-0.14971297547576423,-0.152289798721573,-0.10248206280030114,-0.10898091940419619,-0.12251554290192779,0.21037772915096387,-0.050700286472385336,-0.06860892062794388,0.012502516461914581,-0.13113513834644142,-0.11255527960636513,0.053485028048857686,-0.1042552539182493,0.0347004187794262,-0.06471530083915944,-0.002467831324735492,-0.12550508175029407,-0.03756599350427514,-0.24498304823558037
2022-01-02,0,0,0,0,0,0,0,0,0,0,0,-0.05144856183604141,0.06265793760260863,-6.176652450848863e-4,0.03669337707277709,0.027301398933121668,0.10336848312658642,0.16496159593147386,0.13668423722217593,0.23776046159191555,0.09232132828629513,0.05837306012427046,0.02213370034600981,-0.016116384282457652,0.019304287848443735,0.2586014560419976,0.17777317878530852,0.08598584105727003,0.06581884625010659,0.07381890189800178,0.1413256643513412,-0.050803431308346525,0.016155193995919248,0.0431187421940562,0.07539210572898192,0.07349144418631504,0.048827986367284915,0.017804624633506627,0.14136912310856253,-0.3167853504184279,0.16774717386230442,0.11577125167566571,0.0034215591395811984,0.0496215032054117,0.011028331041478268,0.8119965580037158,-0.12957099140842487,-0.03979536912600512,0.07376347124599913,0.018769511349330692,0.25869204178495675,0.2525247158719086,-0.06549495321571541,0.04980453110569538,0.15067724806138827,0.3146811586032152,0.15710279863888488,0.07131330286248172,0.056714849718543014,0.06464266998124124,0.06282972873816028,0.06476521853530048,-0.09788104922653318,0.1029479692524422,0.18962085927556593,0.0983015974270316,0.022213519751020705,0.23898322627951885,0.051407091634449564,0.09210417001346816,0.12905711222960203,0.09544882157731394,0.19142519607140596,-0.046546426991778134,0.26136922243922633,0.00472017059788854,0.07004694558054148,0.05850375097604754,0.00676350300590034,0.18011603183149738,0.1263641486860978,0.09618968733683264,-0.09663285979634395,0.04392805382820342,0.06420500516144756,0.1582055065652952,0.16698719279384733,0.13875537238117097,-0.16315399033750388,9.736668173516705e-4,0.007002362723516953,-0.04016902996214,-0.042999329490518434,0.1350770724457595,-0.047320656190072086,0.06610469217031589,0.04100072514099118,-0.30787857858425394,0.15989130035829024,0.09772047318578903,0.3639773215645681,0.05275690977819636,0.012932854278579597,0.06901255439529841,0.11850584016923982,0.028353055684521955,-0.02700520940858908,0.19708724540107525,0.02677706841124916,-0.1067209759505241,0.08188348131802936,0.15777290719367087,0.062064329187552225,0.03258206761723326,0.0479079409097416,0.003419641827782094,0.2681468347238809,0.20812922735437578,0.02975365006510078,0.15020829412972958,0.11388935200534611,0.035810930239174255,0.10844455819478771,0.06341955453894954,0.07467185785365604,0.02876465796858607,0.1845189337525701,0.027492304410507984,0.0553431837316154,0.1532797030906199,0.0498512546040093,0.12418278075422773,0.09002269070761937,0.026817866912054455,0.15201620729862597,-0.232604914936684,-0.025241806754414675,0.23071557877363436,-0.11610038340004358,0.21270339932881477,0.07169383257424755,0.047600961983857104,0.13265891910691252,0.031906580587359734,-0.07731149947350424,-0.09859831895937621,0.010123007631448466,3.1372549276920125e-4,-0.004171967592418113
2022-01-09,0,0,0,0,0,0,0,0,0,0,0,0.09070169042555687,0.08171551589416914,0.059952022923589254,0.07026221696813195,0.13265278662276891,0.0771087352618629,0.09575229217787484,0.12951554091506345,0.18609823851956442,0.080591627996486,0.17926320430948994,0.10117265431735145,0.05837619357234036,0.02761118165400056,0.1043826570899995,0.1458504854555569,0.046853430187679734,0.13737080285233816,0.10796298947540794,0.1256026243730135,0.06007004189649923,0.08648209642077287,0.08309090151166476,0.08778798081767025,0.052754847683152306,0.07151113018367461,0.08603050393403766,0.10710817231793701,0.026770643365686908,0.25013264543529967,0.15168174597497508,0.047334796767461995,0.09604271725616265,0.08765633025287656,0.1374821651239344,0.07821677898607149,0.05806265703148217,0.10286580510974108,0.10940266938673204,0.1689657656123993,0.2725239195530289,0.19387157336574923,0.09729758143029255,0.09815297523725519,0.20204418728996387,0.17460804166485744,0.07732943705452744,0.07222993257198773,0.05280966253110986,0.12288966465453122,0.09901249111912147,0.13576436712883488,0.03590875854888598,0.08074176397603505,0.1153816718687386,0.13168708713699484,0.2092691570338543,0.1327203045292924,0.10508583972088026,0.04875965822839756,0.10766838651832789,0.11739251903904879,0.029203334953487037,0.17573931267759235,0.08908345232568493,0.0831691970007018,0.094484427682346,0.10563803463992283,0.07978593530083256,0.18729341016894363,0.26090311913121056,0.061609825006780916,0.15329282612448214,0.028190732221886172,0.14960816714929503,0.07749233648753151,0.1290302597437316,-0.08924445299834716,0.08850691092709084,0.07611151755692891,0.06732164654616657,0.06851776193887016,0.16936992993248534,0.07664827128459262,0.13022487577974928,0.06127055507400403,0.06563862273675447,0.1820552806640361,0.10801311946924574,0.18378962654624598,0.11460580733703551,0.10195335733621214,0.11811977207148594,0.13430180868728225,0.08234134269412685,0.08961495186484303,0.24512245803298516,0.09384504516193992,0.01960847138837618,0.12993873987262372,0.08673218663982585,0.08325006460842133,0.073996656964649965,0.04740223889458317,0.13142603233382744,0.1496646909958228,0.18438722397769602,0.1476788409541765,0.14387538408078893,0.1028094938662214,0.07722368066488627,0.10356907364617651,0.07242717108570051,0.09656108788447693,0.1510659021490106,0.13449929074815792,0.1512873846718783,0.09713751048047659,0.13016904474208513,0.09563933599190655,0.13645814000077383,0.059000828321051024,-0.0035288223478442404,0.12813147853251294,0.11269354839390644,0.14854864607439566,0.1961441044702532,0.05104528111967177,0.15461961301287364,0.09368204737367147,0.1267857024774406,0.1270183755397536,0.12266506325369253,0.03883388698131007,0.05715841383994835,0.11152850480285537,0.07578697052216032,0.08163091831597313
2022-01-16,0,0,0,0,0,0,0,0,0,0,0,0.04902167244688638,-0.0035297348621448066,-0.012000729418595313,0.05482189760386724,0.05971074198837023,0.04051919808207671,0.1499710672252199,0.07326865474923228,0.032537416355455484,0.04830955910370971,0.027821522596885195,-0.0018001805041478747,0.10948990899983713,0.05868866423304819,0.012500162764231604,-0.02938875440044786,0.0631239508299517,0.030675509443084614,0.023561881282025077,0.06775383777460942,0.03000139299254112,-0.0034724668547649884,0.06810084137325045,0.057632708335790817,0.030566087692651678,0.02846426115539291,0.05628571824621709,0.050804850515580036,0.03277475588813239,0.06177232172251568,0.09233939036078986,0.03659518499447678,0.025306494772362242,0.007458327016853339,0.2294927789928689,-0.01782468827171968,-0.0031622246230798012,0.008050357942603448,0.02555318991773614,0.046132943828240514,0.12616493000914186,-0.027251476123759666,0.03437502791055724,-0.019492304520160708,0.1891608604441961,0.05874147541523733,0.0796184473937922,-0.056233719456662,0.4022847810344663,0.0477407360114146,0.029666763558279463,0.06372499328748482,0.03742251453666334,0.04107353520828738,0.05858007232889051,0.026490525667688836,0.11115973863356565,0.04059477191463845,0.23606841284514424,0.1216397338296682,0.01605303046746709,0.05767450281052522,0.10134569503131985,0.030346895553080344,-0.01519173535391971,0.05595126738722822,0.22402622673206274,-0.01401136627722721,0.018321123147596374,0.05357434465928179,-0.035723679606562975,0.004981116448153244,0.008000863277191073,0.053445251068207966,0.24129146606385632,0.0472162167258805,0.032944155719353496,0.002658669505262168,0.00975067155625986,0.024936673005922394,0.016363521627210886,0.03492774009181687,0.06002248502639951,-0.030729157019808717,0.00769826742575308,0.019295083113984646,0.13475016181865218,0.026282721799194775,0.02200317465061108,-0.05442950729905505,-0.007837831911329474,0.01893227608802217,0.03866491946089212,0.04351378618596691,0.03549618442073399,0.06404680212272407,0.05722693515010313,0.043265741531927304,0.14018397234555025,0.02440896487892452,0.02012664767502148,-0.006831146108835284,0.034142718926337245,0.08932351674800998,0.06116529490471567,0.07295653071654051,0.39862364532724115,-0.004565858518521537,0.08218096739954817,0.0221662954572599,0.03964483134724084,0.03378007978326014,0.03096958559793972,0.05682790476894706,0.23073180919466196,0.020296758575524265,0.17861527185223558,0.05259098634859072,0.06989655928957994,0.03918454744198829,0.011168843664361106,0.06714515019243095,0.04009114928376967,0.01793653493006797,0.08929937831657497,-0.034410955109559715,0.05388262454766135,0.04833741638215905,0.037851946337485565,0.04931546088252592,0.217003144251124,0.0759640320804591,0.05041508299496211,0.045932192467939004,0.006600684031352166,0.08211955161837547,0.10742294104502825,0.00710490400777708
2022-01-23,0,0,0,0,0,0,0,0,0,0,0,0.15712245021641635,0.019127738340475986,-0.013936474637033847,0.05768515178803302,0.007972550819781432,0.10603392829026781,0.1961916804711361,0.07503883911779674,0.055569851154810834,0.0841059695404196,0.04895440578414689,-0.03343567698754413,0.026433257068156024,-0.008491952273824488,0.14412723183792053,-0.02386496836079388,0.2127765512600135,0.08842063992224425,0.07936652940718858,0.07286740133211289,0.07309411603443294,0.0027789374559983315,-0.01940866358379001,0.04804236458528521,-0.010219505833483744,0.06171111917689309,0.04078488808042824,0.07163354498817576,-0.006297725930867415,1.047970462617906,0.021701208346426526,0.11014329574106618,0.06720233195996883,0.0749456568423632,0.0735954840126345,-0.017832476295556177,0.09921838049512743,0.03399342083735668,-0.02153288197500114,0.11073092818618946,0.05834166589233547,-0.029067790474675448,0.043732222433082946,-0.06662483337290492,0.01976444186773385,0.028624659249746998,0.05051432888847884,0.029133783811468028,0.1161536208224252,0.07297485306624729,-0.032407899418898545,0.025738455460668774,-0.012939182371196623,0.07040033125483092,0.08124264295615458,0.07263970076468595,-0.003877555878797345,0.05896882031054673,0.06081897325745533,0.018732150619904964,4.0824658660465474e-4,0.045298492674773705,0.09247830307138383,0.06506799263848251,0.06967992063798967,0.04810546712111474,0.05223206125828561,0.038677874091728626,0.07042711923741685,0.02639050261790654,0.023022145775768443,0.06748970054260539,0.03828506448004365,0.08398748596455263,0.14716571221248298,0.04415517962782811,0.020014417987257893,-0.06479045061226785,0.028772139636378036,-0.022322694428246415,-0.04187694287106414,0.039197832737771776,0.03329941406904968,0.007684285104783584,0.06194697579887176,-0.012040149331980388,-0.06089110068052772,0.07854502879541769,0.10462701738455493,0.22291403559137546,-0.0017120360285156622,0.03682204287767821,-0.007804225491581995,-0.0421669846355881,-0.0454826496214098,-0.003274974586028989,0.22813978549168024,0.27487553840456247,0.10599322684628554,0.036101651351112984,0.0956228915387749,0.03325650996686225,0.020174734898323443,0.023584204545199938,0.022571179435048272,0.07674171035217281,0.07966644493955677,-0.006967565796583308,0.06611653373719228,0.12357473797395624,0.009545412843531054,0.05626330888507969,0.043772137087162655,0.0038026474189960524,0.03738016706302183,0.040106531264176404,-0.0036300190247029462,0.11531326197284919,0.3254332088500602,0.041617338186778596,0.04384795511530726,0.04466681977916842,0.040915788132332764,0.07552394716020938,0.12000512884602355,-0.020172518182586252,0.045926438125923674,0.011088308275924774,0.023705946661947586,0.024609203294953197,0.23927995313170491,0.057539333245472335,0.016443076148273228,0.07065599075111884,-0.00439561147303813,0.10405557449156966,-0.18887208460596838,-0.01877593496578278
2022-01-30,0,0,0,0,0,0,0,0,0,0,0,-0.00927466071927352,0.03513272586898264,-0.0026909868234579193,-0.0012214985232139597,0.035903015828502305,0.01589657422002677,-0.04743339553700299,0.05090878540546662,0.05464975221228752,0.07326360493015738,0.0034279786158162295,0.04685869731968495,0.0867605094045869,0.041453507013613944,-0.032574745932173244,0.1325319588870686,-0.024825437103840997,0.03521933619754236,0.046778246753177655,-0.01785761740000691,0.026796306303530137,0.036578230729541694,0.05805626314321355,0.0844808832054893,0.046629869529323464,-0.04407158446743775,0.03768672736106726,0.051890131170411635,0.040510614802308,-0.2879566845639001,0.21092392206849997,0.009142261921734729,0.03670913786760721,-0.006004931155079163,0.03125857430339618,0.09766049187251546,0.019877606676884874,0.0036262580532282485,0.008489863219168114,0.01946897884733012,0.08651664744498344,0.023252826252726067,0.038825393473850056,0.07393115312753462,0.05253357504074785,0.023583249430345177,0.056249265868368425,0.037090990767516985,-0.059262658174229266,0.04923162937636416,0.05181640338194704,0.08211285165760529,0.05519265871933321,0.02682862112411577,0.018783060394996554,0.022544997874565986,0.06854973749984516,0.07007438477037198,0.03499628119262166,0.05065682465141563,0.03134045172797606,0.03913511259397229,-0.044684239614772636,0.024733045821811572,0.011875592136220803,0.011350859668689317,0.15039275942440788,0.05814412116470802,0.11879481575281403,0.07339025879097072,0.08283274438878241,0.0024793070643935877,0.07736155817255863,0.0030238910250766082,-0.032758320310662725,0.04822769283323858,0.10037153714681324,0.016247047702570683,0.04352987235959915,-0.004154810931831676,0.016603882621427424,0.02619546871757006,0.02365157342459767,0.06629845380185184,0.036333319424445065,0.04311300885665581,0.0687770984793179,0.05141319127637001,0.05421511416651015,-0.029466989631018237,-0.0020583197661538932,-0.056437145895611884,0.025549262678067564,0.0967773520934303,0.05545887636446967,0.11087141927395816,0.0822868977685065,-0.0486651719812814,0.08629954874744783,0.045576379663154754,0.029017313843745285,0.04593047987721377,0.03803762440043901,0.09371401027150217,0.12896143425074147,0.006591133900860413,-0.020373882406294896,0.04581190777059785,0.03428716162466028,-0.053570573631558815,0.017839918128331078,0.0033246290418782465,0.030625893203126253,0.03999045047739713,0.2791823988022646,0.05528743221075949,0.08736631693492036,0.023419267766367824,-0.0391139322871874,0.06261233939961652,0.0053010347536721625,0.067898496665169,0.024307284770568316,0.028728135270334576,0.06487224381712409,0.03788939676905123,0.09074504654167814,0.1371190931152082,0.0916451236080773,0.06269727751739484,-0.008359319464541493,0.05254814730308688,0.07776469384319906,0.031892859184296185,-0.04851487166941393,0.03722579233990242,0.23929009398012813,0.041771449550690676
2022-02-06,1,0,0,0,0,0,0,0,0,0,0,0.11404152839290926,0.09081494621167785,0.09938461162592915,0.22424296710587477,0.09541824183203396,0.08775648967337091,0.15069345944340018,0.08552509509538453,0.09563245083705052,0.038089340744567046,0.168815091407569,0.13375359015904387,0.08688359615913566,0.04358181906229408,0.1718970394580701,0.11437251514648672,0.20667010592336688,0.12387548140920046,0.08568723708326864,0.1251163822984136,0.1249743288409384,0.09797594933971698,0.08695358521338381,0.03325722175648238,0.06547522185814802,0.14381791443732084,0.12905903517154904,0.13506847145323064,0.10922606913210409,0.3452323576828391,0.03141374105571604,0.13141798607424882,0.12668886807551694,0.14279660560248786,0.03984887681786997,0.06080984909925924,0.1418379409226329,0.12675170563914406,0.11478929481642819,0.16819430313851313,0.11639684462818067,0.1708205674586436,0.0898297427208039,0.05732868457082141,0.08379818882426715,0.1490737536561122,0.07801041613065252,0.1123785908680528,0.12404930507738943,0.1156953306493218,0.13921645625913115,0.12770184571654752,0.07379353640607533,0.1875565750088226,0.07312257067635208,0.06446008741287557,0.1266221370682068,0.13936545516485221,0.16690710380715768,0.052527411583815464,0.15301984175582728,0.08731451266299484,0.15380337318673742,0.1377466193155632,0.09888987086151602,0.14503383393327152,0.05339668635898409,0.0669985469784331,0.20166833272000684,0.1152958025665578,0.08404145719789824,0.15212885024007772,0.05747183800145095,0.11132097762829307,0.14450610579713707,0.10289968751886125,0.04899211264719927,0.08297130501532202,0.07000193575253277,0.12751874993226942,0.09389355292994761,0.1344225589974144,0.16323629699490017,0.09823653533112342,0.10503608861630465,0.10236201266156986,0.0790661678019342,0.10350800354984102,0.08889509667304374,0.1465228777783727,0.12326250142100914,0.15998840802294456,0.12452310807068301,0.08627296555907993,0.08596781727708436,0.18153076011927816,0.06967581499992281,0.1957912368715755,0.0762193807503273,0.15312307452407037,0.13785637213784607,0.12647021373017786,0.05393823830080979,0.014499574368730173,0.01031734713048138,0.13932295315818521,0.1043723945111168,0.10713489679626864,0.12386628909411979,0.07616485501955772,0.09303039070309271,0.10350958610540406,0.095838682672575,0.07505825177664871,0.07588444754733992,0.09091349465624265,0.07499847745533472,0.10340489901551919,0.17746368250404565,0.16796233571606578,0.12414076160564402,0.04622073092311485,0.1259604774936598,0.13191971853069973,0.09477541130651179,0.13081789244135855,0.07477323440245165,0.10783153812857726,0.09951689328213043,0.09383378905632078,0.09483920560987702,0.08164518040242097,0.13989766134661696,0.1184246705155374,0.10663138406294603,0.094233476285285,0.025739869388075043,0.15634607039069337
2022-02-13,1,0,0,0,0,0,0,0,0,0,0,0.006215796244834593,-0.006490847123469479,-0.03643792564822057,0.028880556894685938,0.004193380613183528,-0.0041771756813702154,0.02347009087418872,-0.01591458037277782,-0.012121360532344916,0.0014971307795148547,-0.04052355972996846,-0.0388475324050761,0.0028074134104363324,0.014972925850822882,-0.009967172312349781,-0.07787155541748891,-0.04139001498426431,-0.0471753952323537,-0.04471033589397155,-0.010577134688773526,0.015790506066365673,-0.03423618870220757,-0.06953792963998051,-0.007215038514150507,0.020670728855052722,-0.03255688548208191,-0.0346068562778612,-0.01596040578981306,0.05580620092770339,-0.05598943313505789,-0.09178535844322422,0.029921679865049455,0.02500562752871005,-0.03690693630441899,0.05158532914176206,-0.005131679053528515,-0.0029320757282293997,-0.011545990997061217,-0.03689488971936328,-0.01882222431277558,-0.006900905680001124,-0.05376201754442178,0.030776147329513392,0.030990904025110844,0.006227962833452949,0.007605756165368405,-6.166622325363136e-4,-0.008600354021356615,-0.0025432514078049806,-0.004812089265875841,-0.016432462347044208,-0.01394548565386522,-0.02819423899639073,-0.03621351022817354,0.021237251153394254,-0.012816223346010958,0.009209710105843705,-0.02107080640210235,-0.023251427193353713,0.05715841383994835,-0.011951653276952356,0.019678284023984638,-0.08477809256689017,0.02200631606036474,-0.0026116494342982577,-0.029151632705586294,0.012697749308190787,0.0021475694708898985,-0.0267256941962577,-0.027154538129086525,-0.03081288642953517,-0.0043315410293764955,-0.008456345154524314,-0.04587706937590941,-0.03133438035233116,0.0032008562938061758,-0.02186311236941041,0.0937362857681201,-0.02357686884539767,-0.04157450599195922,-0.08091213119186769,0.016283306170235434,-0.041388159637833155,-0.016366977464206123,-0.030928116462582977,-0.05102661586692481,0.1735677431649032,-0.015263522301519394,0.014986985854323898,-0.012947159895094096,-0.019620494520883547,-0.06306502441899209,-0.010682106504613209,0.03171367388503743,-0.04247352255872805,-0.04186374580345209,-0.03299560531162804,-0.02978757247306074,-0.100890235526923,-0.04658677977723258,0.003192253247508603,-0.019661268240223073,0.03664826715573888,0.0020222453807683394,0.0276694159459705,0.026139884260740764,-0.02242889690970351,-0.01899836877233163,-0.002618183313792599,0.023993473450985014,-0.01238336211676927,-0.023795195808277825,0.0028409933588964265,-0.005257368168082088,0.0027073385366120917,0.02044441616967596,-0.0461569412742584,-0.002300614511661081,-0.01740247558461938,-0.033260548840442716,-0.013432035391797825,-0.023624576821839938,0.014553788353504515,-0.03467000107742013,0.0020465017659319074,-0.0601067450993531,-0.0013457658476339063,0.0054643339349986775,0.023900605725527768,-0.009418579044448094,0.030712586687529964,0.009901070982712312,0.003341917033456987,0.028773127897684603,-0.03202807630923399,-0.013201511858536463,0.15918569408533756,-0.02451896550971
2022-02-20,1,0,0,0,0,0,0,0,0,0,0,0.044721140117919944,0.022593878864994643,0.0613354772699477,-0.006664575604232503,-0.016393809775676615,0.003026593072055661,0.002100004392450394,-0.0037473500153941686,-0.07751706636449462,-0.0070058668536212565,-0.013836947391367538,-0.006081510736240858,0.008931122720139406,-0.00889915446725631,0.010341353794732555,0.12581574058019296,0.03523825258978874,-0.006200502125147445,0.01823422838258537,-0.03364084646661869,-0.005591813265778178,-0.013011805610794624,0.030427403253380447,0.028552974687808153,-0.037923494940040214,-6.018658020989776e-4,-0.0024415266779485023,0.0033709011066216377,0.0365248857714473,0.04050727586687497,0.1539699689100198,0.019860768521231975,0.019990209592371855,0.010290005045503037,0.001386001607876608,0.03929361349334215,0.009740336748384593,-0.03568289260541846,-3.680868726565478e-4,0.012377181174619167,-0.08349794092329343,-0.07605818365306583,0.014119895144962591,-0.0035137070584836394,0.03377737178024631,-0.03147987651004769,-0.008797892397922169,-4.319654494810976e-4,4.73653057997403e-4,0.02828868994219924,0.016857542055888963,0.03190370271941667,0.024918232790490435,3.9223377635622114e-4,-0.01597373191339635,0.005731876450789208,-0.0461351369958658,0.02905195472083566,0.0569219652959605,-0.03914844837510234,-0.014881742026112477,0.01614989322519822,-0.005915830677338363,0.020537846682774585,0.018139911760853167,-0.017820102127081405,0.012022806239858852,-0.031442278823902825,0.04350919576521495,0.012050718727572907,0.04105053983035756,0.021742209335273266,0.01871459890010918,0.04533667487478166,0.03209474029265191,0.003986716243821853,-0.023987135798584802,0.049881865778733214,0.005468569432330206,0.011116697892500582,0.032675830232385294,-0.009292986443324658,-0.005533323182510763,-0.01694442960892495,0.008142320535994507,-0.01802658562517312,-0.04348511193973881,-7.823706227743088e-4,0.013405425807555993,-0.028321590863245483,-0.026350332598479298,0.02872180322537954,-0.00850362896706347,-0.10705092900408886,0.011912237801435133,0.014107173658033823,-0.003711344466208466,-0.022786175476010584,-0.06447905219520855,0.00546876362965687,9.886308269395627e-4,-0.010041393554960365,-0.02457640033501285,-6.736275094745281e-4,0.012485176028783407,-0.03749488115088173,0.0289581473944569,-0.04433173692310355,-0.009512034841998585,-0.06463335730815789,0.013054428018253184,0.008284329044784045,-0.006447325792340308,0.00576468195253188,-0.021928172338611773,-0.011761293596215694,0.08405974224905322,0,-0.007874548533762571,0.05909475239520656,-0.057039103453838,-0.018935037596956583,-0.00992268510577432,0.02341783653156515,0.030315520633199533,-0.015121657024084634,-3.8483741094541557e-4,0.020301143817851752,-0.01752273546334493,0.03328077341933877,-0.05521434679613879,-0.038439635566154706,0.054057729506753915,0.00551159413417146,0.01842716917816567,0.030383267249637136,-0.05777780066681171,0.05627914935080369
2022-02-27,1,0,0,0,0,0,0,0,0,0,0,0.10896574714278628,0.08665440468978414,0.0522843420059127,0.13209747220038537,0.063679803006508,0.0718285841829962,0.10275295225074554,0.047096279640406635,0.2012695187227429,0.039951176901504404,0.12799259450202083,0.1383995563969398,0.08696506675737581,0.07309823532072546,0.11140283011378926,-0.04172052908746515,0.045896515910856195,0.12072222221251927,0.07960738472022744,0.10367287538494896,0.09640194918553124,0.09363844645264141,0.08224389720417591,0.023301349838155794,0.11085920051469955,0.18722622605252326,0.104010235122729,0.09191520290711352,0.007549293773610799,0.021009176089343384,0.07316258009434407,0.09816643756732546,0.13052386009640493,0.07480414093314369,0.032700461310934514,0.055696499340392336,0.10452009798544903,0.11423565711780181,0.08340001650087636,0.1053526304351271,0.11235057054507624,0.06624516409244219,0.0942667753776032,0.14124531586844924,-0.017356641567919162,0.10430436347375238,0.06881031250744662,0.08922323018280753,0.040315177344882436,0.09318384222527154,0.07686659459280154,0.1294372818237992,0.07732557226200942,0.16351842983085874,0.04468957196389134,0.03889360120032137,0.1090367661937659,0.10814702557735956,0.07505671235380351,0.09107388257690285,0.09410494003776382,0.0969429735327818,0.0802182355741472,0.12083473952574231,0.05032981035502537,0.12359695844371554,-0.006209593044771644,0.13416370374264908,0.1344502303112156,0.14259670742155794,-0.04132268570222308,0.06928049642601586,0.10118443254435139,0.0287712972789409,0.10773923986066514,0.11133731392207746,0.08744318045758526,0.024121291634946473,0.07120493307205678,0.08526061496114412,0.07793589134594914,0.10492988889570132,0.13092706980669977,0.08647720932459535,0.11934675763256575,0.08945183556066372,0.1381977756858257,0.09215076962456159,0.07423055613975738,0.029974996220794914,0.1026231424617432,0.14080906288968453,0.10602682143352915,0.16197497493478696,0.14353630074142298,0.08640331231155862,0.16264286315211773,0.1512655514118597,0.10811599272076577,0.12575876287448295,0.07567522320329356,0.09161030705699869,0.07444823037518589,0.04951723474868874,0.06828048413731835,0.09706453252053127,0.05986924196091792,0.11992773077890018,0.12674470384318326,0.025469541540457108,0.09241935716452865,0.09913186560143483,0.0870599355293864,0.0606743446118605,0.024688118891660338,0.10241366316150469,0.028147252780254206,0.09931540936408023,0.09074806028580706,0.07310075367004831,0.14902456649041085,0.09316121849432246,0.10764151809610922,0.08477144608309217,0.07430078040651278,0.1178721344224245,0.10426291582492198,-0.01883731476587691,0.12736807487489,0.06574414171203458,0.01994297657026589,0.12526697433194123,0.05331158771657751,0.01918101845620157,0.13847875500651785,0.10106955468264278,0.05260448338659085,0.08674133649675397
2022-03-06,0,1,0,0,0,0,0,0,0,0,0,-0.03161810739046356,-0.001806109388708066,-0.014916216387908854,0.1136201168481854,0.01561470965251388,0.01541661206541356,0.022142078784079366,0.04505371582347184,0.033876491845335366,-0.003383280172630343,0,-0.03752243932308996,-0.03895584757101567,-0.04271111809304973,0.07586345849796672,0.12479000256777528,0.05199704146044848,-0.0413708384517566,0.017874024670217814,-0.027245990859939617,0.07697900268046176,-0.05773411223077751,-0.05250112082117564,0.03346602657452902,-0.03198673498922133,-0.022722512575362508,-0.02137594750205185,0.06844699803575871,0.3550749877341399,0.04310339150776166,-0.012474174225175716,0.07199761198870469,0.14788171507940362,0.01585672715136699,-0.009089441471173743,-0.010147346073230423,0.1645323261664,-1.9882692182005002e-4,-0.0270779701128383,0.29452469297055917,0.01968269445842452,-0.009910270022332135,0.055280694358394555,0.006093864074323108,0.21955405488387036,0.11449793052278245,-0.025892937665062732,-0.003959617131447324,0.01096923811133621,0.037442939947931464,-0.030636386431173612,0.05640831921686029,0.015071875358661835,0.021088096130921663,0.09648305659125178,0.03303633436162823,0.10170695643364613,0.00963601007902426,0.016286419220762127,0.030407748184715366,-0.0547903572425259,0.04505140305333555,0.00378390192912903,0.09108679344537318,-0.034027870124659465,0.0468135686262503,-0.138698402243004,-0.015607897665990578,0.06287916316526143,0.11609782815697045,0.13058407586941545,0.06802780270335429,0.0055189470146066455,0.01718344805568517,-0.05150084110626363,0.008741933994656392,-0.012955341252761876,0.13821672012505992,-0.036267489664143504,-0.10020520439241132,-0.027746146822093642,0.0514849220034197,-0.010624355433169974,-0.06086954405484857,-0.008750293610216175,-0.030756142401828335,-0.034308930639455504,0.0854636655073957,0.03334092419794654,0.06698776503033166,-0.04668395006148973,0.04301738508369102,-0.030045994710940604,-0.035568602977742,-0.04042412532555506,0.09832534659244807,-0.041034154196812445,-0.026816216206207777,-0.05710818151543684,-0.0386986920957364,0.08756259583322201,-0.04725852504558414,0.024912320379896435,0.009996892783719069,-0.019451192510187454,0.12220857479425806,0.033858111293978865,-0.038890870650084786,-0.02372481680712024,0.026759076549898175,-0.010451985712917278,-0.052888207575043644,0.004370310212332029,0.018991154272140598,-0.2713983585131796,0.0761595354801452,0.029037934462998294,0.01671732167674289,0.06445973050215592,0.04244263939283055,0.040488914078249394,-0.018263774376027442,0.005655113588744598,0.05640731012869349,0.281448166089711,-0.0340736116021203,0.05826563641331273,-0.06490135098020922,0.05549605450145556,0.020927244478949447,0.009016021761684812,0.03909491606382076,0.08771980017052616,0.16349131296865238,0.06451941364838998,-0.05473790435141801,0.012576188842501779,0.04581489591717691
2022-03-13,0,1,0,0,0,0,0,0,0,0,0,0.02832321149361139,0.04257290654653367,-0.021628031507904488,0.016119917966291197,0.028881675522651307,0.012971880007977887,0.03043303080295967,-0.007561039572799189,-0.03915288599623068,0.03815564946706296,0.041732263112324475,0.12202240284044219,0.05085622854920757,0.034367643504207734,-0.009350231749031046,-0.04352838360194511,0.028801010308219688,-0.03024315168663616,0.02210487056731747,0.030545235027158668,0.01934468328063854,0.04362473637632913,0.045576449566335775,0.01877216330058129,0.023920183717652144,-0.0020449904877271052,0.03824034299371437,-0.01136215270317198,-0.058260073752972374,-0.01940537361948458,-0.03584240728263666,0.04048037143798666,-0.017508614250973054,0.011509644542653241,-0.09574991123698595,0.07104714476495833,-0.047914113006309655,0.019689551217303425,0.03550972327077773,-0.12208072820912008,0.20125659439091148,0.041755265703253386,0.03663764256123514,0.0933199093552135,-0.2021974133159512,-0.05614262844898832,0.05452521882517125,-0.0023833179106658164,-0.07095090900966472,-6.387282428574892e-4,0.06860504210897567,0.047786168181398914,0.04246611715352255,-0.031128341116153813,-0.0289537372934916,0.01544730465118338,-0.026794353137520766,0.029623903058582535,0.024017467417844607,-0.013822209589692491,0.08541775115435168,-0.03321492502268253,0.054707518036573255,-0.004437663969253158,0.03573581246981483,-0.03538193684611546,0.19863577554624445,0.05678381185017756,-0.013113054498884225,-0.03141619623337899,-0.06896727934885494,0.061485083650680394,0.06681958974265445,0.04096653750655843,0.02810212870616624,0.029209308832104597,0.045051548536765296,0.02388358954641312,0.03243454814890345,0.05781318680307557,0.02790431210514388,0.020271379458954186,0.03754371122902711,0.05074287523691989,0.049935858394428934,0.03883333129169575,0.2995044014624666,-0.007674634753108478,0.0019114373452682187,-0.006587894394027849,0.09183391479020386,0.015419355484664443,0.07276951476728666,0.0646882703079914,0.0884222903298415,-0.00344049366361876,-0.14565084114814653,0.047329094393870896,-0.00999553983167889,0.07180982498015798,-0.013425540807855185,0.06996189142768472,0.04039371940767911,0.02404715978283356,0.08487669545086707,-0.05336924631244422,-0.16511324983422782,0.0024086723809118027,0.05734999177959832,0.01902102044228382,0.03938709657236927,0.07081542190446122,0.04054116376999506,0.0035842332278148703,0.3397679081540961,-0.002159142262571301,0.004167897240847651,0.0203018307587568,0.022943120008335427,0.01040901591473542,-0.020341712463955552,0.043385216829521234,0.10095227386548622,0.01313356352618733,-0.11819808356176509,0.02774059758580716,-0.03174342136718877,0.22200661255519094,0.01842662501126746,0.011880609519945295,-0.10332311474752043,0.009539496995570218,0.07473838398184185,-0.014701095978962186,0.10621999143054506,0.013967926788702734,0.7465024737696035,0.04705568210605371
2022-03-20,0,1,0,0,0,0,0,0,0,0,0,-0.05398260100367125,-0.015921449773006024,0.040551265528733005,-0.03561003572745314,-0.1173332022916096,-0.057399664207301804,-0.0869044109681294,-0.12693820205584494,-0.08035765838635367,-0.04894551604173447,-0.037537919319064805,-0.07218236980817316,-0.09636787463208396,0.008611463334919023,-0.04237583405623102,0.008354478972759871,-0.12703744441869702,0.06351677990577365,-0.053383694244347524,-0.06415797578221838,-0.10264820229910576,-0.009972643356214839,0.006518662317065882,-0.10264533614560811,0.0014864979201014705,0.027758532212206255,-0.01677627811926552,-0.05973672731099544,-0.13221121629788968,-0.9168338700453234,-0.11987428362247421,-0.08423477111329625,-0.07352353336065498,-0.03190015609601282,-0.24791757771357137,-0.08785426308133992,-0.06348580771490031,-0.0039070180584701575,2.9382752535767054e-4,-0.10806513276268426,-0.25183996960054866,0.0029806281381379307,-0.005777296031356904,0.018097560010802205,-0.3214594442320271,-0.1110028435308239,-0.07809072946232476,-0.0246603005254169,-0.12291996200422606,-0.040567637170470405,-0.0753911702144654,-0.06256183397716075,-0.06363092834556561,0.0010085729548841016,-0.0972442255217505,-0.04113606738241682,-0.08024846027491428,-0.03707825275660781,-0.07890322446120734,-0.09042965850446993,-0.010208905370243215,-0.011092579395449498,-0.11347172294998664,-0.027047662178533827,0.02241868026898075,-0.08193892752136378,-0.06871355162898496,0.0058216623802183065,0.011204778364809265,-0.08247055865269282,-0.01742541671385922,-0.08107027940021272,-0.037888839158585874,-0.06764873772015179,-0.09290679840943739,-0.0332163854960843,-0.09103517238789038,-0.030590620593953233,-0.03627200917280682,-0.0033572850979659563,0.03603433813918677,-0.06122783610505245,-0.060924716718827376,-0.02955314774805995,-0.03213572926429453,-0.014636222741076566,-0.18332631857522053,-0.061505485119372594,-0.024268344446545242,-0.0882492416545837,-0.0027457458216915143,-0.004948055617369107,-0.05763367643147088,-0.026297343455530253,-0.047290951396309566,-0.06663009845285206,0.13553953154382548,-0.19851634695688958,-0.004576667027412107,-0.05437652651315705,-0.019469979416010474,-0.07069538779308893,-0.04503781455088163,-0.05456091520155315,-0.08903274926683302,-0.15748039409604875,-0.21738142808644767,0.02650995995954286,-0.06467213059732035,-0.08500081014546357,-0.012355677312792857,-0.012828164254112373,-0.04860378586945391,-0.015836016105024164,-0.08876792056440586,-0.11152484594388845,-0.11077562432275556,-0.01620835753463279,-0.15226230326945878,-0.05973744151279092,0.03153146408327867,-0.07932146710855381,-0.069027367528534,-0.059198547545542546,-0.18868462032024347,-0.014241726780197084,-0.08434385022733615,-0.07618528390922386,-0.08739182211501006,-0.06711426007711374,-0.13927340396923782,-0.04941341130708832,-0.06484608420763838,-0.06654547688036239,-0.033546122491204144,-0.03125942389876357,-0.6441581802747463,-0.039165972297668716
2022-03-27,0,1,0,0,0,0,0,0,0,0,0,0.012779726646399148,-0.04630309589434667,-0.05285991902750542,0.04116984843020077,0.12872099413731508,0.018374206350941336,0.03687175850213631,0.11350896573680824,0.055230387798833824,0.02783096058285306,0.004408359807404061,-0.021209702806857855,0.05552490497785012,-0.00402739166998245,0.02085261042645392,0.0061577323066766,-0.03276696071578922,2.0580366403155637e-4,-0.014453107749685223,0.0482213835194063,0.04846474926255695,-0.036354465380819434,0.005467260758242887,0.08087666652430503,-0.003140758016128231,-0.041153889644443886,-0.005478013345512345,-0.018762733652825325,0.026727135057473816,0.8329553370966716,0.0927485250516531,-0.022770861783554253,-0.020687138532608174,-0.00455443325598015,0.3463692805299061,0.041135631139395556,0.010978565050683287,-0.011615447061392281,0.0110189353131247,0.058414537607675676,-9.466709447929489e-4,-0.039149287132751454,-0.06598215461078816,-0.04929300796548919,0.40840412565355333,0.12721834615412853,0.040823622189327224,0.007512725690639321,0.2872211839530321,-0.01797817994097084,0.03176572118480703,-0.05107119421946216,-0.0185047685805797,-0.11639790668091266,0.04466336839531948,0.053576722914121966,0.06598809941678141,-0.02329703013476081,0.04680139045859644,0.03715878345264567,-0.03802739558923918,6.861848393668879e-4,0.02157248525412836,0.032979321713841436,-0.007177064300362801,0.050280860785359316,0.039781131837608896,-0.04782756692883172,-0.05988870904258459,0.012913206403179167,0.005971717084508832,0.18212175659348961,-0.043716173171993944,0.05518285701939174,0.09041981492505435,-0.023176285233398985,0.05103477741181983,-0.1378424437783714,0.004521174984628118,9.411765400635375e-4,-0.06556625477030398,0.02729413150446547,0.027128506160353894,0.012444090550440379,0.010455659104338544,-0.022151072031221908,-0.11485348191352873,0.0506610721052434,-0.010929070532189833,0.07000449820518106,-0.03241412583193615,-0.022067094028678902,0.02627285662894252,0.0012802459820591139,-0.016393809775676615,0.03200409078404931,-0.06725222700916689,0.1558623428920125,-0.09018571763859118,0.011253226442579312,-0.013779936631243217,0.032722755990867824,0.028794901947944318,0.053113587335960055,0.0437408798843828,0.1271676949425702,0.3783567893500859,-0.007840102879360877,0.019058279326330307,0.02080765250640404,-0.019642223077204868,-0.04685541728150522,-0.0027378892421507928,0.01131464887656719,0.03668208486209057,0.06680141727791344,0.05735696047920591,0.0030591458255537773,0.003417972077543574,-0.07802945087858681,-0.051062142866699745,0.03966775979392878,-0.060984026358864796,-0.009020074311099968,0.09057706552519207,-0.033181404175553375,0.09040447483902714,0.014757154127813976,0.0474253002955658,0.043579469559289485,-0.09009859564529243,0.047334408479255075,-0.02303564482856757,0.014643208698901233,-0.03415891881131916,0.05100255445237245,-0.1605517406925978,-0.044313950049081896
2022-04-03,0,0,1,0,0,0,0,0,0,0,0,0.06825185626223185,0.059673654023421285,0.02215074278758955,0.02651431360036227,0.029329485149976797,0.04544883760612084,0.0689885309171645,0.06388271173599236,0.05490984159738055,0.011279946065066326,0.037487351759119214,0.01735478301641269,0.16606533414120683,0.04033761572657557,0.030408014365052694,0.06780616579273246,0.17240961405346855,0.05065516511384516,0.05348326899177902,-0.02851517030802153,0.022186093053304212,0.026999971689055435,0.026503494118228055,0.06954845792271058,-0.008312599819365829,-0.028941772726402526,0.01258985683322944,0.0554385465603735,0.07912424207207458,0.012400332396037328,0.09973664522448633,0.059374205377411116,0.061547506464536994,0.05750494201150769,0.1070454360227453,0.03530058875191866,0.016110820272698056,0.05957573179544173,0.021883250330885673,0.0451010512406409,-0.0184806916513498,0.03736197655865592,0.07960538350732183,-0.02661424077884167,0.061875403718087085,0.030077939571370393,0.026863548139360205,0.03781150009389833,0.006840251274996767,0.05477611955722139,0.049543743707731736,0.07340462867010977,0.04340232020230683,0.14912269096854835,0.040760482300500556,0.08561213529749612,0.01440557250436214,0.05179878040824537,0.06257795676714029,0.04819686839409343,0.04113202397553639,0.08094810274692232,0.07426351008195908,0.05398260100367125,0.01666705248521172,0.018804419332623112,0.03316041210475884,0.0189176306453831,0.08485149412576032,0.048850060548713437,0.04751968053640887,0.06997816539060153,0.11008170394818073,0.021346057457618528,0.04726605344870638,0.100854366598222,-5.039687646037905e-4,0.02359167449639976,0.05304147494995526,0.024951526692968073,0.03300523872099159,0.03793913143522687,0.009307766911597959,0.054838913811805945,0.0037078277555258055,0.03028119811447283,0.044234315652606604,0.028733197201250782,0.06374837388860133,0.035494026826885516,0.021633095355426235,0.2251698944594427,0.02830463764845792,-0.004359540178120014,-0.0010785548412082235,0.0779908085182921,1.9760893256659529e-4,0.0668762050675955,0.13240123616593813,0.03377431711860446,0.06972219962576265,0.058833736731374486,-4.67982225216268e-4,-0.007476670343019798,0.023930987447455365,0.038875006190946415,0.05594080485188968,0.040113360972235945,0.04260331211811863,0.08332133590217605,0.07103577311675124,0.029491129372169134,0.04050800049216452,0.040199877457778754,-0.005852983098731279,0.07231138518480407,0.07149096738032767,0.08284523569189517,0.08242087461058922,0.15739547043117863,0.03244183246378274,0.05157043224808788,0.05113286841806186,0.038330928368003114,0.4538741012104843,0.042286485184433786,0.005022612266292192,0.060277381668232266,0.0027673470912388254,0.02848106617177848,0.30031759433683725,0.041921434510955535,0.06285515362966265,0.062385925856728974,-0.020619287202735315,0.06936112779750303,0.06718160491678216,0.03280025551906007
2022-04-10,0,0,1,0,0,0,0,0,0,0,0,-0.05824914059017239,-0.028497861356105325,-0.03168218905314113,-0.0681921953176694,-0.04202703487774517,-0.03146917583727582,-0.06269287488049358,-0.07537035418346427,-0.2279232650525982,-0.04902942724031867,-0.11158641978800432,-0.06641293593192188,-0.029752025438257057,-0.061270825393041406,-0.07774347005884774,-0.1756475535365123,-0.0247597189278439,0.5918970545601097,-0.0807137613213813,-0.12218319805542155,-0.04487559870765789,-0.04174529801579485,-0.06983604185730918,-0.07389265857258387,-0.10517503851735199,-0.03200707176900597,-0.04858021245755406,-0.09789656892465004,-0.008327095936952134,-0.01765158004804057,-0.04630456804168581,-0.013161163301049328,-0.022623236637974387,-0.030632500126795748,-0.06510433774725843,0.01650240819882054,-0.031099069229928666,-0.0993669046596315,-0.07880484516170583,-0.03934311819652159,-0.1917240396728035,-0.07360353539251552,-0.04411778867600624,-0.022832719107905852,-0.04154064349117714,-0.054232904121951364,-0.06334260333092523,-0.06695671335305864,-0.03768554375443056,-0.02679344245934079,-0.03292793656615611,-0.04809882483925687,-0.01956420564636474,-0.04251719750292349,-0.10415534390792658,-0.17730808850876656,-0.24101686625401975,-0.06519768590554165,0.022946743270853887,0.015980155026709575,-0.08133513166505413,-0.0803195133379564,0.07327000345627255,-0.07007370468899055,-0.07194882989115126,-0.08051716259843644,-0.05872986627583998,-0.03735390701940133,-0.06556991665731093,-0.08071508401657557,-0.21310401532154444,-0.18002320789423543,-0.038537138643442326,0.01897405499438598,-0.08995085628469202,-0.1132587576820665,-0.13918240019724593,0.16999128346305348,-0.05304147494995526,-0.12078596699955124,-0.029103429186244867,-0.08341320956334108,-0.16374869909919454,-0.04596269232759376,-0.006311511577179019,-0.04980282248381851,0.12992784862133355,-0.10236201266156897,-0.05341730821263457,-0.065743029585704,-0.00697255648706907,-0.07960420733763485,-0.08724055832217648,-0.2224370417630004,-0.01851568597634401,-0.04616894418824824,0.14982258718817665,-0.06874361924239114,0.06470341519351397,-0.10933800052401654,-0.025848388234142483,-0.0708598386871282,-0.06744490942030179,-0.04651008884496832,-0.025436445014435982,-0.05400801639177644,-0.07940604531282247,-0.09900951549206738,-0.13741545130873423,-0.006955743323862507,-0.05843654122123709,-0.0435293450482277,-0.0384672930549943,-0.09992151619626011,-0.11552498809234191,-0.06621380531668564,-0.0625592116799698,-0.09892495265336798,-0.12194385133024888,0.04370729713201005,-0.06756617064978165,-0.08199838645399016,0.025283695049424182,-0.11980615444879739,-0.26210861273679775,-0.06830155774272484,-0.22573541765376426,-0.048069540799058785,-0.12844967115871508,-0.06734740239719539,-0.05458240169924533,-0.10306648308907196,-0.012501938654041922,-0.032554401422491,0.06933065227043667,-0.05375887159930848,0.16525629623976723,0.015496963911816763
2022-04-17,0,0,1,0,0,0,0,0,0,0,0,-0.013447796593652583,0.02204060528019003,0.04219375872815334,0.09817603173248557,0.042864468193721805,0.009234412075071141,0.03858346603915663,0.06922863713698835,0.14138971628725994,0.03909713685505789,0.10823595875785408,0.0713166235164513,0.10006166969109209,0.07512786005446781,0.05228240586057531,0.08695323035543101,-0.023508660726749397,-0.5169231484705206,0.020971779270771762,0.13450368244346222,0.017678716168793684,0.040727120465492206,0.021900969220024713,0.03940102560949654,0.08152528763375955,0.04210011893674093,0.06014907979766004,0.0726816837237525,0.009107970556160083,-0.20761157073212466,0.020295429167489942,0.03329587865089323,0.03789548239163132,0.03378798180416531,-0.030205842057066334,-0.019318650379345215,0.059825645767670466,0.05277581329351744,0.10971432487789023,0.03114980770735798,0.19621626606248466,0.06732267131710046,0.0452835617154701,0.03853984831326418,0.024499716429283502,0.034821038613226385,0.03225121565852085,0.06031217063438987,0.03197153402368702,0.019426531482056753,0.028650124305326763,0.03784002477464288,0.06472847270049353,0.04121553770312758,0.1287097530840633,0.08923281999891497,0.17126658796711425,0.042418308278809214,0.0073305154162532915,0.033637297600805915,0.007036383529449353,0.04670695773012312,0.006368255273428325,0.04042513669519643,0.06293548613858668,0.045767680491498375,0.02237724715924383,0.07702368992702713,0.08079222396471497,0.08890696185488078,0.09201386326646155,2.2304003661144378e-4,-4.3343206631085707e-4,-0.007255170881172113,0.05590340832565133,0.07221820781179922,0.12764795455297318,-0.014143456191128223,0.041502509278021016,0.09690898708559814,-0.004879645336258953,0.09369690266564312,0.14439450488189376,-0.009451595493181308,-0.049628504305160526,0.05170137437688993,-0.05303456204693724,0.1319732931902342,0.04451086988490793,0.0045808600489669615,0.021869383691448974,0.138941981039018,0.13470948033195373,0.20846165902539848,0.02568417545495638,0.07833813109743115,-0.13200169061806477,-0.012223941585713938,0.04670736224540395,0.09667853531426118,0.02603063718671539,0.05477309772079142,0.05092600945379022,0.04713528423888658,0.019248579966365753,0.040896982334770904,0.07077398655217237,0.0754190048789507,0.14666898738953282,0.007879530918425637,0.03862248528832257,0.08256630785646024,0.018392056202161555,0.08311948617451126,0.09364490048526353,0.038371525296994946,0.0600686156647221,0.055019744849214014,0.059311267201049844,-0.03188307862000528,0.05857599922104839,0.07240995128011818,-0.02886099611447257,0.09189736633172085,0.5049216881290253,0.08838890152076306,0.18882332682521152,0.01780462463350574,0.13343786737731378,0.037018589949522784,0.10538697733470492,0.06987743589668582,0.030897281637729535,0.08197049472588702,0.049702852474737824,0.02438641202661085,-0.10727475820254373,0.0021240907492074967
2022-04-24,0,0,1,0,0,0,0,0,0,0,0,0.03161595788828908,0.014394613307036508,0.060849629130122374,-0.03922301637468184,-0.0664027669199978,0.028552881614166914,0.004038150425726528,-0.02879341865464813,0.0639050716506544,-7.92236086768483e-5,0.043775454021865556,-0.011243969479112437,-0.15411618100883917,0.02167969961536098,0.018609589249170888,0.11799622345432148,0.021366349272362584,0.4114363553810092,0.03259852894437465,0.027288653707005395,0.011268052079985935,0.025674288061876993,0.044783602626973895,-0.05356652385986571,0.00460476638674745,0.06298472476895967,0.031832474966075885,0.006422858833052381,-0.09326178234092275,0.08962849442165144,-0.045755902941557736,-0.031031538091284006,0.0180006042994183,-0.0355670778998185,0.024041994480238138,-0.019219953370329,-0.01340009541213405,0.012625204116054611,0.07962767248804603,0.019469270431012653,0.05223730200971488,0.01872546912349904,0.05043658357993497,-0.04485850932410784,-0.01270754833888077,-0.0062948389176709085,0.07524218301166741,0.024118559761748593,-0.03139061457031378,0.027821849006013366,0.005156271249365574,-0.008658552721945156,0.011331566009550542,0.032674271142373534,-0.03474098212108245,0.01131802826096262,0.06078030018523961,0.038956767441214346,-0.03153275163293934,-0.06370519895658067,0.08753989617466118,0.006575217276854062,-0.024188632066950433,0.01589982350154795,-0.009335794915632079,0.034361308459054385,-0.02297973458978486,-0.021636727964737368,-0.0013464718357187877,-0.01782122523373797,0.11799972373474343,0.01263174690590052,-0.06569525926539477,-0.008286666966005107,0.018036332317911352,0.0249591371122051,0.007493525888738084,-0.013682230186095268,0.032068298407444296,0.052178927068922576,-0.0060512082595014505,0.017745851096156784,0.06384206995569386,0.06839797034773021,-0.003136027658348084,0.019032634958059624,-0.011400988385708466,-0.05036571199811046,-0.005214863716273221,-0.018864615203794344,0.023008187770625632,-0.14377609284795767,0.0034281829940683295,0.05624582659194566,0.038877247582328245,-0.055752478448681586,0.05971079556258285,0.048796600024870074,-0.007106228088296085,0.020095686133168478,-0.031751637550290646,0.020318373116065658,-0.01873403600672674,0.018985299911080666,0.03292568218730629,0.008244266779996678,-0.034414051084809216,0.028618805305652195,0.011632354899036024,-0.003700281742855971,0.0470585780394801,-0.012326812480658589,0.022601597403571816,-0.008431106890362194,-0.0045558165358610125,0.0172733286704565,-0.04276963227108688,0.04124625574098495,0.03671320657712407,-0.03204468766112534,0.029658164278898447,-0.01751123460914883,0.004534891492676607,0.02963316119036108,-0.5187441313084893,0.014929389058569775,0.045889707235650334,-0.033741427846244676,-0.016103832701308995,-0.0022218116897700924,-0.03243265870228296,0.02287229140909819,0.03967642211504874,-0.06021616287048026,-0.06212537247329486,-0.029840589591973554,0.09984620197199945,-0.03798281918485813
2022-05-01,0,0,0,1,0,0,0,0,0,0,0,0.0012851820301262862,-0.027956599731673748,-0.020854296016648455,0.04163847648628494,0.052176276913805,0.001027749319653104,-0.011285464415936808,0.05770761217094211,0.008344279064731452,0.012753065861871526,0.003740719372933299,0.010894502412826412,0.0844725374466222,-0.039160864570178866,0.03846922893665816,-0.12944697578229825,-0.05607768316089157,-0.2076439906279548,0.01756926310171636,0.0061592803605350355,-0.0070712634533727226,0.018230199015063064,0.0015769764750448445,0.04060457958299324,0.02470506286707952,0.02499517529880091,-0.010611519483190612,0.02563342596468754,0.10854562992817662,-0.28681121983208335,0.052998666722412935,0.041005269934371924,-0.003522536108381047,-0.031657753759583684,-0.012772402222006818,0.03484344942968587,0.044871448732237695,0.005197817073616662,-0.0033873026869688516,-5.340770978206066e-4,0.054834570595732934,0.029021189344187626,0.017351632351070734,-0.009401130649859368,0.06564802973912887,0.024055700749362252,-0.0028056641771705415,-0.004796632373878396,0.029239415215836395,0.0041107878825741295,0.0011283145433234054,-1.136815780222733e-4,0.013986241974739855,-0.06645231681943553,0.04500542781375039,0.06972621096431197,0.022813025403002563,-0.011528511962378474,-0.001789385074236094,0.12245349165127184,0.0018337413451412488,3.2492148016771694e-4,-0.02400424971948656,0.010915881407941974,0.031951599806602005,-0.009622961123662677,-0.016318390057795895,-0.019120011571645,-0.010404255517433292,0.030727676523496505,-0.1143840891464496,0.018977557215615448,0.039191035599897006,0.05892440671873711,0.019937192020166528,-0.023593949186865082,0.03053006414172099,0.011106116349250073,0.06633079264678354,0.02217832839657241,0.047727232253303775,0.04002073130956951,-0.026504740577458108,-0.007824132723880162,0.015196084352345984,0.02002630208349121,0.013743671828442494,0.023992426743220996,0.016849816697203757,-0.07064281100587522,-0.05302711776051261,0.18963687837032683,0.00699124682378649,0.038424444199822716,0.001373155038969287,0.048435617099594985,-0.02312134813029143,-0.053538192597452294,0.057730534000785205,-0.011133082804739125,0.002254792387089033,0.015875099130478354,0.058235361873604674,0.00244998080898462,0.005916966113401756,0.00462991270460833,-4.625346901931948e-5,0.007121914278465091,0.013442705177762804,-0.056722375243624334,-0.015315951241291259,0.028655255760376086,-0.0011334948918273469,0.01603454984725694,-0.06404752043989959,-0.004259056920383308,0.045155486082986585,-0.014195821988192137,-0.005775021825122906,0.008841790581461062,-0.0049802358685262504,0.02611201538174779,0.04144596594451677,0.014136101780542809,0.48588108421384923,0.022032955806169596,0.029998989054936587,0.036446743505862855,0.026524664270527687,0.0210920244547248,0.05860149764583067,0.008176191284176682,0.006903445936402797,0.05825883204397364,0.03655759573379758,0.009629548975842894,-0.19169428442089398,0.029180081386078527
2022-05-08,0,0,0,1,0,0,0,0,0,0,0,0.06729608212440397,0.06945138632377024,0.09194080664426973,-0.014289676491650916,-4.2462845648660874e-4,0.03792102652586227,-0.021549826198298483,-0.01732049480474629,0.0061820177100431195,-0.010537173850389436,0.045666226895728634,0.06887635532020209,-0.08398967891478826,-0.006765573555744808,-0.029447546966200555,0.10969891725642444,-0.0019461569554861669,0.5669374288679823,0.010395275525646674,0.04774534117186491,0.05235136635375781,0.037207049593584784,0.06389817434328382,0.037764487532514046,0.022487611534841356,0.05049433057684549,0.05749702384910904,0.06438683690052294,0.025541749556431625,-0.3842206965705772,0.12354635634804012,0.04317733406653801,0.07820969925228916,0.0994925131365747,-0.03385609093102726,6.938822991484628e-4,0.02891527470607791,0.0617985958529248,0.025467382699874364,0.02734282338951477,0.05280229478167886,0.061566431505963415,0.09644775195262056,0.11228348009034494,-0.017450107221594457,-0.005608325196449826,-0.004314922407665733,0.030308220031287192,-0.05344642691836121,0.04367149778560542,0.035207969376666703,0.1138847899907871,0.050112041427347265,0.08456649106073844,0.047082127720130984,-0.020739563839144104,0.03094956411264871,0.05741995533577793,0.04556025506108874,0.012849761084051003,0.07498000185799025,0.021691662705367598,0.09381290670010767,-0.019779714301728646,0.027568941044986417,0.04484368889370316,-0.10967735655321498,0.039973347408578164,0.05008890580966696,0.09025759448732629,0.07421703259810286,-0.005145019337851053,0.03814145003098002,0.026413193063981488,-0.0022204139090806763,0.03880085379999443,0.04358694613026515,0.12817942488714706,0.011579947430959692,-0.010271917950574583,0.026697056571186373,0.054682489874268825,0.07766968840467303,0.07108529982713652,0.029716472328477295,0.043378799243624755,0.1440060778181218,0.010504973869285728,0.03490870460139828,-0.002001334890817219,0.07184808418628386,-0.1194699533290855,0.04209221548530451,0.01084660480695998,0.1063206035110289,-0.008841343873917218,0.0579793508973232,0.003389144435678837,0.10767645558206596,0.048389250079949875,0.04710849928307592,0.05313999680114101,-0.004431886217959757,0.045054460548767494,0.002697332697288779,-0.005105989838094516,0.03874115209815088,0.002114297162223444,0.023276395785117643,0.0966913647239327,0.05475051477140802,0.053888793220913556,0.04495818586637235,0.030142538656289908,-0.04568580942636746,-0.004781687731765238,0.1035441132854018,0.03373738675841409,-0.008842407817467368,0.08112554481236867,0.06536417138400719,0.016334894407585843,0.06117281675518704,0.045613358555441685,-0.41113154661849904,0.008331766856957579,-0.018807298835912256,-0.012974582816479341,0.013130981666911623,0.03617965657750233,0.06344558785728971,-0.06385304184647733,0.037649672926499456,0.010561289038529154,0.015267472130788384,-0.00794816984917368,0.17066670047831867,0.09543990453427043
2022-05-15,0,0,0,1,0,0,0,0,0,0,0,-0.021114726915606674,-0.012032426899898141,-0.022147797948258052,0.021330145171632786,0.026095271661105812,-0.018465902122741795,-0.023925672013086263,0.02872651977514984,0.01212878574375953,-0.011128890694710236,-0.03115710289599427,-0.06399489513886092,0.2729102163567987,-0.01738258146942151,-0.0023254021795784396,-0.07360859636306927,0.0035650661644961446,-0.6369035261460674,-0.0044418926369020895,-8.366451021393218e-4,0.06237649254822131,-0.016602977630902238,-0.028107527690440115,-0.03191081228105386,-0.016859389427388294,-0.004612554303370153,-0.008509323240616595,-0.038943365118724316,-0.009934767669090405,-0.04973368379472376,-0.01634329745999441,-0.002920499642073082,-0.014948223546875639,-0.016074145798225636,0.09985613416409667,-0.027900063103334816,0.025950286060535177,-0.03209812467653084,-0.022443756054299158,-0.008060584685169125,-0.07637730976690538,-0.02312713606018768,-0.040451326696156364,-0.001362583669055617,0.16157061268891582,-0.036246932540162646,-0.05785709026475239,8.392782699946366e-4,-0.0189473030128946,-0.05247105173745403,-0.013027517294522895,-0.05746878192705118,-0.023388971286594007,0.02022127724723255,-0.04101195655905876,-5.9536212918764875e-5,0.025361194755670446,-0.012485556953162558,-0.06847435430234317,-0.04218416857244911,0.01378556083868343,-0.007552022277846682,-0.06675288684114289,0.03928277703415617,-0.04258917179705879,0.018812435990721355,-0.05057398078719899,-0.04679372577756258,-0.06417364569140549,-0.03607926416339957,-0.04184821149668849,0.08799277793899662,-0.02282676402469974,0.11372988892321789,-0.10654675541733294,0.03079817015285702,-0.05110161038113947,0.018496526666243795,-0.0017049300111553478,-0.013947227480850088,-0.0432550316474698,0.0060530717130777845,-0.014858419011591906,-0.00556540773721359,-0.007914117055991099,-0.050701923588827746,-0.06619079338728984,-0.009858631069665336,-0.035885995526081516,0.04770310667370836,0.023359484156250332,0.38009464776108803,-9.77995187976255e-4,0.007243868572675005,-0.059410830689925476,-0.003100304889859018,-0.2802344496969873,-0.023691625046187603,-0.049562792993328664,-0.007405652456563772,-0.027869093629496078,-0.006242217522499871,0.0013775160975226797,-0.010976198005588245,-0.045464022608204147,-0.03846861509756039,-0.03274606854257378,0.005698727018002003,0.04237676247153033,0.06715086734154063,-0.03186366595131762,0.0067579841050431355,0.002657874282094852,-0.0356873479708959,-0.11959368326613617,0.012908256178637778,-0.06897937953321609,0.026672288817117362,-0.10591901888373734,-0.015267472130788384,0.019613813183112505,-0.04524008947997604,-0.08922205967564878,-0.023683042937702403,0.5605193368177641,0.02552762678120679,-0.0016380020042383592,-0.02571623087668229,-0.03925652400039059,-3.501400595995463e-4,-0.15133614143164564,0.01736023672572884,-0.03626147240609434,-0.005275982507926713,-0.06440385007144656,0.05116728896915035,-0.03495851474677547,-0.06254400820223793
2022-05-22,0,0,0,1,0,0,0,0,0,0,0,0.02423186167792224,0.0030462363260630454,-0.019848332179754458,0.022335953942064002,-0.017005260862179128,0.014750267429300301,0.10392895139681979,-0.008986439389173206,0.004010456854874889,-0.004165337646865552,0.07082066068662929,0.036541542093233126,-0.18074279267479643,0.010570922960011053,0.012953149496575556,0.01277378316298261,0.0449158355933168,0.38655428814550863,0.07356607526579229,0.023574292710965672,0.010832106739071534,0.016602977630902238,5.699629678375118e-4,0.006786259684359308,0.00543255924930186,-0.022441334472680374,0.030175387785716268,0.03351093107223857,0.00834835853325444,0.050755772351137374,-0.11202573476795852,0.007097108653271178,9.711738722977259e-4,9.858461470235724e-4,-0.09883381340714159,0.029286384951981326,-0.003477430208476129,-0.009551528745039839,0.011500614986513114,0.010368189262885075,0.034730737085369334,0.004668414355335493,0.03599256280691865,0.026108332633944187,-0.08847872868357953,0.048695489613147735,0.03854247052259119,0.04492987670335147,0.04899751297942867,0.03012525722896786,0.015564516541111573,0.03328709692222542,0.024709103491517226,-0.03613176729750833,0.011879518321208593,0.016006011614672744,0.011373318194324078,0.03161011709211348,0.11620242560848748,7.830853963213258e-4,-0.030064658021951907,0.007234074100720633,-0.024320828163856056,-0.024863832640657613,0.01128627075442079,-0.013578779184611811,0.013366863987383404,0.07740704886756511,0.016063102196243406,-0.0031157295235306748,0.02022152181597292,0.008959790651977606,0.1599582959883099,-0.08101255876037694,0.14961873608425424,-0.01409677337697346,0.00849601859852367,0.05597532211816514,-0.017809909752460662,0.024468366616515524,0.06583955072336156,0.04035330110107793,0.02531338788965609,0.027275555490025027,-3.784295220183864e-4,0.027500452642922113,0.09175058019679927,0.02907983746557985,0.04024545947978275,-0.01593701841573214,-0.02047499284199006,-0.3569558033704343,0.023530497410193973,-0.015959033851565607,0.0315747879393653,-0.02672190360202631,0.08400772744542007,0.0073179477421749795,-0.017800398796315342,0.017539391680892358,0.04173844823999939,-0.013131130427555426,0.05389010330119426,0.011950382203431253,0.05358295597716545,0.03477131229902941,-0.008495953216087315,0.028856936269126443,-0.00947982657528712,-0.115963293557523,0.006966114329590489,0.03483459138574485,0.013814869096639093,0.016093430335350156,0.021889009650856828,0.03703447979393637,-0.006369852394866982,4.485310682946775e-4,0.10906936277621693,0.03906220524076254,0.02003004606767078,0.03800399139919186,0.0713691585293148,0.0013984793818426766,-0.5119525281940618,0.022320279346662808,0.015937888186290827,0.009873534988456,0.12088189156044926,0.02575546390619543,0.10240080777658456,0.03586510204566551,0.04766338220839916,0.012450934180167295,0.062381604690678216,-0.04530462561099835,0.31873710459834026,0.03454875653860334
2022-05-29,0,0,0,1,0,0,0,0,0,0,0,-0.009380706191687516,-0.01512559112041778,-0.010073881608791524,-0.034328638201822415,0.0029417966162057496,-0.032537548736198296,-0.002783619908699464,0.021238491697033623,-0.07869936132758149,0.009427248854897208,-0.05745231538504747,-0.06476210973548469,0.35327935493759366,-0.02636988593509404,-0.05333548694226131,-0.03332806582187775,-0.0708061888056486,-0.23231289508539543,-0.04849149554005372,-0.08818256588009277,0.03151139332845876,-0.042670129973973125,0.028091734867015106,0.03325722175648238,-0.005927894849292237,-0.07713126838992324,-0.030497916412928205,-0.04410023130197338,0.17101429279099278,-0.012794325772642168,0.11454372170985927,0.010246073505445707,-0.0410950418542928,-0.031748698314580714,0.008816605093338481,0.05786367318020691,-0.0357049786748318,-0.03134813266197689,-0.0375909739388085,-0.03781568476399588,-0.05993150409196968,-0.033146050648150904,-0.005177231795046033,0.03677556156851658,-0.005996546294576355,0.011047755326440978,0.0238119673104098,-0.07348433633681495,0.054293722463137684,-0.016954794039222953,0.01568237083839996,0.0022839355892374513,-0.014618200509554313,-0.0031496089028966168,0.11135312210273973,0.015407729441043294,-0.055655890340932324,-0.05128644223306189,-0.05171343271440776,0.04252699810084959,0.012305206060993612,-0.01732107882461964,-0.16673440859885336,-0.07687109344832699,-0.0037479547269967384,-0.05505508718047114,0.009582965351482287,-0.0544050876473392,-0.035711344874849615,0.05034924240201466,-0.08017441659700708,0.0193271023250583,-0.02190695690650557,-0.02912827292302378,-0.02858057256049218,-0.01823362866151612,0.005258342901832691,-0.005799455514214458,0.024378463074536505,0.005467210437132941,-0.024413509069064254,-0.06766649030476657,-0.06137549262829012,-0.003957462498640929,-0.04055392548298897,-0.02622300735942318,0.07603407614805668,-0.05107310281999755,-0.02548259335172265,-0.09647527875376305,0.007824766058230459,0.40760300309668995,-0.07850412339782054,-0.04822254672833637,-0.06485572970486242,0.04448131289446877,-0.09765499807973832,-0.0821083973153236,-0.21473788615592238,-0.05667285001611777,-0.047369665520913706,-0.018785908420119846,-0.05358424613410584,0.0013622654631761932,0.03882309184311428,-0.025290234074721418,0.006632105557999424,5.999160297509576e-4,0.0172928086276114,-0.028932537423233207,-0.02853630726493428,-0.06835728342438774,-0.04339677423973676,-0.01830472408021766,0.02741517245490055,-0.04792660625738954,0.0421012492465227,-0.04384724360347114,0.021664825227244222,0.018325120125880723,-0.030606415842047596,0.057475694295868074,0.10315706661003432,-0.03158811118515281,0.7574297121218763,-0.06664380445573936,-0.04251752599100289,0.08026880063536979,-0.0831612695642816,0.05341135687592402,0.10455226227978098,-0.04988085404854736,0.024205518649209168,0.07488675628206742,0.040174011345144756,-0.013874513087707818,-0.35534249870495405,-0.017316956558261154
2022-06-05,0,0,0,0,1,0,0,0,0,0,0,0.012726789619583734,0.040602825171206725,0.06141379495628119,0.13025726289048478,-0.010016426197299033,0.07665476569239527,-0.003386309488708328,0.03238345610624105,0.1040869061161045,0.011621143473712792,0.03506627755245706,0.07111345985116735,-0.3811798367169352,0.08581858312275426,0.13282412899789797,0.07057992418855008,0.09675788183060607,0.46743212383946364,-0.026889911522225418,0.06669857493357867,0.044053990091444284,0.07105125975894655,0.050240108402891615,-0.055071532968343107,0.04757043589954524,0.05223768998079592,0.04077038028503832,0.09641707837751134,-0.12387776969060482,0.0800603950491725,1.7961383074815984e-4,0.05627527442182689,0.11360859398144463,0.07257069283483553,-0.048064566574255174,0.02177044704549136,0.0945969574241925,0.09777844621965048,0.06430747966459904,0.15635394462344898,0.06149478160780664,0.08934510033584964,0.06772768070723068,-0.0349175650154292,-0.09142410316368288,0.09162025410664132,-0.014589142546020284,0.05331982198288365,-0.11543679693972386,0.10479961071650568,0.03970484859277246,0.06779964678570316,0.04898138704026955,0.03533060370099239,-0.0406005079210523,0.01682058079980564,0.06012927453248462,0.1177068979689535,-0.004700853412376915,0.04510388688883449,-0.014034313120044217,0.09406420820236772,0.08662656919637168,0.17247043324489475,0.08110725737035374,0.07584176514210572,0.04840286471756805,0.07297991888176547,0.12057416126856602,0.17559890197024508,0.07727280548707949,-0.003631877312453291,-0.059257176340913986,0.019512814223581643,-0.030550310931983127,0.06323701737471765,0.04460553408257795,-0.06832177297806119,0.00227717378640957,0.030869284482100134,-0.013670437912422173,0.05621349675403842,0.0222949753587649,0.01744301687482963,0.026450394588185766,0.0509421595800994,0.0018794610972747705,0.08702972409858489,0.06929368995203689,0.1518411315398529,0.0369798606920142,-0.40599915351471516,0.09728179544605897,0.09173785919960675,0.0433771030829071,0.0445495985478086,0.051032658671873676,0.09956417941855644,0.03928920864972962,0.06316175463931462,0.0927653275406195,0.019842767533498673,0.06051668290975076,0.0154383614332394,0.01862825241623689,0.1317375051583376,-0.10237594224449431,0.011093332585287996,0.011661939747843242,0.09057415972587801,0.07441673221604717,0.01274830596006371,0.11074319807422484,0.05458938303178318,0.009286869328549052,0.1023347947412887,-0.034214713042210576,0.060597060826258264,0.009643276271804169,-0.005723220616874691,0.06081704669115062,0.015821784549618023,-0.01009743584168632,0.08722169772953237,-0.7437660843990912,0.018795898327869764,0.08531240368729431,-0.015070093877282531,0.12211447513847595,-0.00950878796902721,-0.16649253577181966,0.08492238521261442,0.0546688768115251,-0.029656607782944988,0.15671700688166634,0.025497724059218463,-0.08367939293205318,0.09918943789279133
2022-06-12,0,0,0,0,1,0,0,0,0,0,0,0.014685247328562134,0.040948241930916396,-0.043908388202720694,0.03959486984355376,0.05011638083966119,-0.009783529686598236,-0.0836196758369736,0.027442670932713575,-0.08588330892808305,0.027290630790423265,-0.027212563524884104,-0.04777435239025696,0.3393459409930557,-0.012964529628625598,0.054923318783674624,0.05272287871696335,0.008403410796379518,-0.65673081828419555,0.030581433249061263,-0.017058431962442278,0.015388550070535523,-0.06421274217392448,0.02291766968139708,0.10578833722984893,0.012675234248125555,-0.02801854454937036,-0.045458772997154284,-0.03573218150588975,0.17945353872302938,0.027528034756418407,0.016917864099548652,-0.008844695281146286,0.00874349301680688,0.0010804971337545766,0.024148155025166318,0.03395840862361599,0.04517039739254525,0.5425413051593955,-0.04262811523284071,0.06071493946366058,-0.24116205681688818,-0.05291677102978021,0.11037590262657648,-0.008522022281243657,0.04774903966102162,-0.07116787448272532,0.02160543961978334,-0.0020025493675621675,-0.013651513938142124,0.0013082891315665535,0.048898877546720954,-0.017940989127305684,-0.0089629281196979,0.035889019120946664,0.051411424025268104,0.024158336556274307,-0.09584992973330042,-0.05046971233610531,-0.0524848748465816,0.04931931438362369,-0.06586619761048684,0.007920252608758283,0.06910576378781652,0.030969520401317396,0.04712969380271659,-0.01718888238051086,0.009424602102879653,0.008913156309173331,-0.05062162750905852,-0.011685579822151126,0.03733421276286819,0.07205098278349009,0.024811196696287396,0.025153104039258523,-0.007861556854997787,-0.03473152437679072,-0.01019998291648605,0.04100839196137507,0.023516933913361626,-0.041457985096982064,-0.034456330791807765,0.0193995154840092,-0.050488546330840656,0.014266957022064375,0.009551170984343216,-0.018211537063938188,-0.04754759722159374,-0.01874163636030257,-0.0014677685455062317,-0.021237911644098162,0.40496423156375894,0.40653291386899415,-0.059745689759890475,-0.11535111408905596,-0.04914667618928359,0.07142597820890728,-0.08942926231404247,-0.024081065136686064,0.0939082012274639,-0.031570605283398834,0.0974402692612566,-0.007528000350087716,-0.013475535364580793,0.002677377770717193,-0.017681794800966877,-0.04999940289955607,-0.16033155676267086,-0.012653863482376515,-0.026776722639108463,0.27796468149897446,-0.020804699609538346,-0.01311494207782804,-0.018064653314125323,-0.032917526435128686,0.03393765992822573,-0.04176941287629443,0.0753178631136251,-0.009155409491621747,-0.0720864110461994,0.017072323602042694,-0.036842834493537424,0.016470872110204482,-0.04443189820034199,-0.03788650776517244,0.7418690558407022,0.012273622288031305,-0.10795745067193518,0.12730625084214253,-0.05045235427435557,-0.03253398969011645,0.03411776789273979,-0.030000834957768063,0.24397283761025612,0.13405906765901854,-0.2517598427464227,0.06394507227931445,0.11900026534631003,0.0029082585633890545
2022-06-19,0,0,0,0,1,0,0,0,0,0,0,-0.05758726887277188,-0.020873711168166942,-0.022935711680734272,-0.05326924996842308,-0.08100063459142781,-0.04927286562795796,0.004325517574144122,-0.044770594041306566,-0.11036953229530155,0.003283322920556664,-0.06616619608562768,0.04008072019384468,-0.2280726550679928,-0.04254870399879973,-0.0962347967906867,-0.1054981782720068,-0.06801137056534756,0.5827408897542874,-0.03372478929909306,-0.11919120593225152,-0.03985047858647928,-0.033070487599399456,-0.08504719920807524,-0.05634006181586759,-0.06090649951254168,-0.0836634120472537,-0.04220035449037596,-0.0513355922916956,-7.827789049414946e-4,0.0012381347021230837,-0.06634131064649473,-0.03910802056686258,-0.03537902227659728,-0.06944615223462147,-0.04998382235408094,-0.017673814859115566,-0.04925574124979537,-0.3597502923389797,-0.03324539648214575,-0.07962534539702659,-0.14503517442979152,-0.0683688951778052,-0.07833864986574568,-0.048776791699335575,-0.09171216308213825,-0.03707012213402461,-0.054876610225834455,-0.014038859740692189,-0.009948068284314715,-0.022477100775661008,-0.059918272796330996,-0.04082610508625972,-0.06098642359321005,-0.015095743227036884,-0.06633336217922547,-0.04595318870361087,-0.09976322088387857,-0.03766640886511219,-0.014660259591908087,-0.060859290987315795,0.011029523575500022,-0.056806136275956653,0.03494144277828237,-0.06710641358747704,-0.09818383411126508,-0.03272790523528002,-0.014314587397071143,-0.05237063592461766,-0.03257498466690745,-0.13056300333984883,-0.14106703081301397,-0.053593357125025776,-0.0869395146777876,0.009377732833133479,-0.0682234281033205,-0.03157701801035362,-0.04384131751602727,0.039563979261332705,-0.040634495483901745,-0.0067856505657930555,-0.05072897216986494,-0.044791607029912583,-0.12665998916527244,-0.05350715404757089,-0.026195642715131306,-0.03985720911015633,1.596466490898507e-4,-0.0319676233933226,0.002082643816150309,0.00685360938168067,-0.20584251135436826,-0.1703339311426948,-0.06265954849301814,-0.1114798616274193,0.016205621365313227,-0.011105254735188197,0.1509804351769226,-0.023965830644867125,0.06925264548503574,-0.06317182280242051,-0.07038797244770478,-0.054907174708161754,-0.06571597068463664,-0.006899222460272192,-0.0327627943349631,-0.03540192705091627,-0.04917212227102574,-0.025921743443180212,-0.07450442522547984,-0.17926365372643982,0.001068376169999219,0.012028575865606683,-0.03963244587994108,-0.02810471688702343,-0.004688109905366389,-0.038652154434279495,-0.04553102104503992,-0.012238958742816664,-0.0720658705978483,-0.019946264182379103,-0.048537334807942756,-0.012233256990938912,0.00924692675573624,-0.069642767587764,-0.3668127957933738,-0.0820937947528817,-0.0341569241496984,-0.032210369240225134,-0.10898378015800869,-0.051319934650758015,0.0379841157493912,-0.03523498765147082,-0.16080079661273405,-0.09381121953241767,-0.03758612360005298,-0.03546470957228198,0.3117206012513112,-0.04662912901268257
2022-06-26,0,0,0,0,1,0,0,0,0,0,0,0.1080219770519859,0.014148984062090086,0.05794724404571827,0.0900421421940445,0.08592700055922631,0.036360896691902234,0.04145311658603923,0.2391232202075102,0.08426179699943237,0.0814373508299795,0.07027508733129828,-0.0023533377813471645,0.2336992272626235,0.08624735996945976,0.025767493028045152,0.09326006519106134,0.030558370834016024,-0.5535748561052465,-8.288438104004925e-4,0.07689013737908557,0.08410670428576861,0.03889508149900678,0.07069826255299194,0.08321868840005031,0.04791625502397867,0.08216677919119064,0.04954650256230142,-0.01094456471768801,0.12098701193763084,0.04653876346717567,0.07092200928333714,0.06881688950705289,0.048312414641607404,0.0740252848151739,0.1455454479731575,0.03159135428152826,0.006460776228121468,-0.22891700585678798,0.052674723820313574,0.02126202503253083,0.027410268327021647,0.10693821779944379,-0.025992128562367434,0.08140267938850343,0.029287807636902308,0.18996181842405946,0.13721289688646898,0.030665247983020727,0.08037664150501467,-0.008761607546960093,0.0598095594190422,0.01433515174229516,0.049993749045465385,0.03256852321609749,0.03347430885324698,0.015420328569899944,0.05377724506335024,-0.0019310810062878048,0.04139060995702426,0.006867910602898597,0.006378153740753234,0.043225166132040194,0.05348471063302895,0.060609421036939004,-0.009381146478987468,0.016497836115239473,0.031039584976972456,0.029432706787118512,-0.0652869410607364,0.020359863206234508,0.21238996753684258,0.02618184379912769,0.02526031854795807,0.057700387343642134,-0.00881350572058448,0.06754158816605926,0.07081342455209505,-0.0032394555559669413,0.04773014583786139,0.020961466165670295,0.04992826750701962,0.07093186793963469,0.07275685141038224,0.09535623198144894,0.10054801737383734,0.06170181102397532,0.1671032015819076,0.0863919353521947,0.002031128919155023,0.006087199606092497,-0.21502110876329095,0.2421332486358363,0.0496311363828168,-0.0034158871814069514,0.025133598118493694,0.14588275343995782,-0.07355448762901862,0.06214203483551817,0.03571808260207909,0.05933836922737612,0.02489889788366284,0.08685208089064211,0.04760993399891866,0.06297479916138826,0.03532724438390922,0.18335452413294728,0.1027615773963717,0.05597962100648157,0.03657910536853404,0.04058301734143832,0.013259276725784197,0.07333127308555021,0.02400494771261119,0.04631395428725593,0.06298994580227557,0.035329103666867034,0.3223666553067446,0.04994082592682769,0.05394366533016637,0.05769609123194286,0.027829320396950408,0.05100630916532012,0.0465794554829273,0.035249921578426324,0.41381118979531095,0.031868311479283484,0.04681965323760462,0.05520882402872651,0.06784875226733078,0.05106682349142311,0.10273144021209912,0.06006424074265038,-0.04845010416029094,0.10024132408713093,0.013508130966765286,0.04009971207643037,0.23346919210192496,0.08065234075341898
2022-07-03,0,0,0,0,0,1,0,0,0,0,0,-0.19243286639827506,-0.14325727584896164,-0.05984297921061721,-0.21672026038245384,-0.16895229379880128,-0.10625833630928039,-0.08322039229039557,-0.32727558399382417,-0.15289502093710183,-0.17084942281476057,-0.15755643867500435,-0.09787151849229847,-0.3197169525006105,-0.11412650528232415,-0.1464673281826343,-0.1923822574361962,-0.14930156018874285,0.5957748312307203,-0.0890940508080389,-0.10356485182531117,-0.19405998709229433,-0.08703725817944097,-0.09280591777420533,-0.17915563099518472,-0.07098648582547007,-0.13388806416948107,-0.10972223089362032,-0.08735354979023047,-0.1665291974879466,-0.13792799516359633,-0.17472175136068557,-0.12785577143820603,-0.16181643561570702,-0.11583653036011476,-0.18068869830140777,-0.05279206353653798,-0.12384589242951982,-0.09429649497347814,-0.11790845558935814,-0.20262430913181717,-0.14383609753192417,-0.16564581862622152,-0.10871440544032751,-0.06552269671104138,-0.14196429537739785,-0.33521325308398975,-0.24202077367971953,-0.09044703528571407,-0.09169502380172379,-0.08376988306545918,-0.15605507956488562,-0.11019527206925162,-0.09187006996312874,-0.17978436249089658,-0.12357205272176408,-0.10851216589203716,-0.13852288229101628,-0.11075917056972973,-0.07152633855465229,-0.07012566600590375,-0.06601301568347662,-0.14560631497407783,-0.07041470330407051,-0.24176364041533827,-0.06016495736338623,-0.12591862019970979,-0.14979627787476968,-0.10466018647449982,-0.07586639924571603,-0.14787646354337358,-0.2421319367355803,-0.044445435986209425,-0.097976286764899,-0.13255926960300535,-0.08909999478604558,-0.12566987774397465,-0.12339060761223486,-0.07251918108291022,-0.1125574459369254,-0.11974507773586485,-0.06280980155988747,-0.16352544673281244,-0.1234533896564356,-0.13725530076555348,-0.16005109817303964,-0.10463883932350093,-0.10906423287643463,-0.20720503472551233,-0.1767876333596332,-0.15861788769603713,-0.0929725428012027,-0.18675151849469795,-0.1361286717528163,-0.08073204320517657,-0.08020601297315633,-0.2987959068118453,-0.02584958146132532,-0.13998857429256883,-0.06374351560080793,-0.1283498227213702,-0.17469292693809813,-0.11907239347703058,-0.09237332013101529,-0.16130877680717592,-0.12512270432972272,-0.30950875904697916,-0.2209104185073354,-0.10603430027956495,-0.16431154663795056,-0.19999108790934095,-0.12638154091161447,-0.1532532151046917,-0.11565830813026956,-0.10549907795198799,-0.1180629562924782,-0.16984620361614855,-0.4592837012715272,-0.15448406872849585,-0.08655092787515883,-0.2012196784849154,-0.1295022534375434,-0.15835727635522634,-0.09469587021137649,-0.08765747618832975,-0.4955178614139797,-0.1773833738828765,-0.15909401214719932,-0.1258935236172931,-0.10800062611310057,-0.02997826409586768,-0.14968987424171232,-0.1503276531186577,-0.09555758208168719,-0.1755060313719472,-0.011013327177982646,-0.12241803816053132,-0.4363831475114752,-0.14028998329127873
2022-07-10,0,0,0,0,0,1,0,0,0,0,0,0.13302313340138294,0.15383062861633334,0.055589082725357564,0.207190987404676,0.14119109263530571,0.12484925167303729,0.12046616042142144,0.09341643336816396,0.1316417983249325,0.09276062914716476,0.12229303112785672,0.08704230944860836,0.18154880188438494,0.07618290085204915,0.19868718369433314,0.7455765071409983,0.1437010477280749,-0.5767145840014329,0.11301785279141985,0.054287088187011,0.1286905510936185,0.05239523997603612,0.07008767383173709,0.07696104113612812,0.10794469281986263,0.07793300224968647,0.11052621871631452,0.15359050802659535,0.0714373522812366,0.12704218751834517,0.18268782841461562,0.10424548532722255,0.17410880998111722,0.09176519745793055,0.08443527051015387,0.06551565233158918,0.15126013428270468,0.31968719685294733,0.06979349698477044,0.23986145437872608,0.11139858778339207,0.136047604152429,0.15172593442020155,0.046444632121231955,0.10210980170221529,0.19193877134102788,0.10767402951485927,0.12115623392347175,0.06498260695091229,0.14945994416372788,0.10623699000084752,0.15965332216352301,0.08206927279270104,0.1675855472607095,0.07640235555636288,0.10215420994404223,0.18230686074498692,0.16485796397444297,0.11255893799043815,0.0932707262333965,0.08846568766043195,0.18005400373057778,0.08513405001004148,0.29720727509294687,0.10225511294462031,0.12906031301315402,0.12841767960835604,0.07937471217382797,0.18706778466728746,0.16005509874528556,0.254729972311595,0.039049070080896975,0.16346901897806276,0.09585041710630371,0.16833531481921504,0.17925055202854168,0.06978847151508116,0.057035273767962025,0.07867344854053915,0.0470323155882264,0.03815723943310534,0.12297389816860083,0.13983371840786685,0.06666581310659758,0.08759805931798592,0.07145607137175158,0.013168586145526184,0.19505754992954394,0.15058860167634602,0.19616771699084445,0.26673557510522894,0.06601528113340382,0.14799477572054176,0.08101714655707237,0.1158152283387226,0.10712191013077188,0.07084603602231354,0.1418530041840924,0.04389878215501852,0.13891730847775907,0.21311537711843975,-0.005005539815134519,0.10828877543691462,0.09621635244400828,0.09917736968737145,0.1952017049650543,0.16332942134077832,0.10685000853431514,0.17342781174949007,0.17285764039494023,0.12813623516776396,0.10708587095996425,0.09735083591173321,0.08669206723947731,0.08014531211639842,0.22477648053203314,0.11437843616286614,0.13922538776785665,0.11361255000648551,0.2086016017703125,0.14326579549572482,0.07129371138447649,0.07865332767404176,0.13288891774076728,0.3108415654170429,0.15355219994824232,0.14746398538859395,0.10451029596653605,0.14471430486426762,0.04762602691835127,0.036949251286263696,0.14822342284093715,0.137289939629901,0.13704990009782492,0.07389041961887077,0.15911593332516105,0.2122810786309337,0.09504078325097076
2022-07-17,0,0,0,0,0,1,0,0,0,0,0,-4.7460845693958476e-4,0.001005530502018459,-0.047321644587765554,-0.01677739326904959,-0.037078237775634015,0.006298671961909363,-0.04699648973562809,-0.024363674469528362,-0.021438658191318183,-0.021580532619976722,0.0029689344255459105,0.05719621887936466,-0.1662177963960545,0.006218152108667496,0.008421674333513707,-0.3245703604027437,-0.01572359437945625,0.29125968396247703,0.004684605934095032,0.0018604656529195296,-0.011451792378772474,0.024915428189823174,-0.017791825234224845,0.021791482859169875,-0.03506963230652449,0.04238360456179002,-0.023170826466963668,0.04461648332892221,-0.07947243992205344,-0.008995562908578059,-0.03848508702734588,0.029824766398686364,-0.005369300573935476,-0.010933608330919498,0.007240162639145176,-0.04117325026313523,-0.01808046590999801,-0.09004001735563705,0.01073288663531713,-0.012823544954818189,-4.2007982134251165e-4,-0.041442394416074,0.00540326395404378,-0.010610179112015672,-0.012161565039275679,-0.0018189539969375446,0.0015633642199652797,0.001649807173152773,-0.1150997041488262,-0.012772957334398427,-0.003892837524254844,0.1212052060835127,-0.08135676830940586,-0.013533598736290564,-0.0344810829725084,-0.045674870043140636,-0.023042494147154535,0.003592705008398589,-0.09013635992315105,-0.07375604535086389,0.008841790581461062,-0.006987345968544112,-0.019068755519798586,-0.017314239478492865,-0.029979873908209775,-0.018232969013903144,-0.021845645726926044,0.0043876699633909055,0.020229797645508363,-0.005438761168052864,-0.12390033936259215,-0.026948163109182133,-0.053236311376188006,-0.048956359948441275,-0.05278495691032514,-0.01866642271940311,-0.008873819854068543,-0.05396168980618832,-0.02993453109848776,0.018549502461922884,0.02689292152120437,-0.022277118328432266,1.9572663575750937e-4,0.009835338688411355,0.05356774570921985,-0.013999442162182518,-0.031103106057161156,-0.028593370529954143,0.035171493521017894,-0.017993288319688716,-0.03746898768344842,-0.26981701639281575,0.011234216946153452,0.0322563374030036,0.005970166986504211,-0.061131491084487344,-0.02425162946307946,-0.0042666731393765644,-0.02317265163790161,-0.0018615196990605654,-0.027666659918101466,0.03801259028981274,-0.010434366107988424,0.00958964004048024,0.007442664085091977,0.009346878177231233,-0.019678740100724568,-0.02452663917776654,-0.05573822967011033,-0.06661008249775957,0.00942250907798936,-0.0333423967144153,0.003241184915630413,0.019540256089254804,-0.025914288765470417,-0.03655520161089054,-0.03995722986406136,0.0036197824220005614,-0.017225074110898575,-0.036449366885748624,-0.0026838448745349908,0.029009903484376487,-0.0746240905420894,0.0041506137263134235,-0.45832403738836014,0.03637863988804302,0.006857561589869832,-0.05279700310998159,5.98623184593805e-4,-0.01882979605703916,-0.10610593727907425,0.05558123728309017,0.0067713070416450805,-0.05681598823507805,-0.012419305809841852,0.011082492446792713,-0.20538789525561896,0.03440077591315038
2022-07-24,0,0,0,0,0,1,0,0,0,0,0,0.04954717075312498,0.06994871116131662,-0.01995789693633654,0.02785483572871872,0.07907916175026486,0.006141509796289135,0.3861192197786343,0.07992983994633018,0.06621930244993113,0.032161042448279,0.05689957203790641,-0.03965782666833384,0.12526541727940455,0.02811577447605007,0.06252445585434874,-0.17210541465804763,0.07213636715032479,0.016720273415951503,0.061714230375809365,0.06803206309429655,0.13047795513763205,-0.006807456772283338,0.010461855881932713,0.08040310699988673,0.034614086022737744,0.01357145735800458,0.036344143788992866,0.03746431728095345,0.08714096627277712,0.02899327409144714,0.10232037900589575,0.0033979131880226277,0.025669184899451025,0.04330152301259638,0.04006595475779129,0.06202595700168878,0.05434995673778964,-0.11798437658766137,0.0016353233407304657,0.045776810938434664,0.10764781376234112,0.01872347557064824,0.020460624584036857,0.05094656761810423,0.02417700178368687,0.07006847520241433,0.028952701026289773,0.05107636994148468,0.4460805324819317,0.06936646644938982,0.03793150698432779,0.008038662687001263,0.07278434522321398,0.12277319702938172,0.11075106137727708,0.05083306579923175,0.06717152815706484,0.06521071871820538,0.4665598763735259,0.14997372292843547,0.022342435245418457,0.07701618072378746,-0.014636192483676425,-0.0012650223065868715,0.05264373348542151,0.10598643779566697,0.03546030246320875,0.06746367470439019,0.0821758265821746,0.043468131272227595,0.07793174364793032,0.08608448918855238,0.08564924631462745,0.09284800469920906,0.4539498534998252,0.02912352807936447,0.03750514453867737,0.09061590441616829,0.03681542593641751,-0.03799102115076636,-0.032326375244200456,0.09135005707192256,0.04396663071752016,0.028700872698368407,0.026620915405428214,0.014545996928863048,0.17713654665118828,0.05004505115297064,0.05167436567002426,0.006835571449035349,-0.05685813902095749,0.15283920422944774,0.036614040624012745,-0.013896832871667542,0.009975145056818846,0.212503866856113,0.09630378230315895,0.08978012198246876,0.028170876966695957,0.022667263395683257,0.03205077646598031,0.043743237519265676,0.029978962180958746,0.021900063473629494,0.0197151185031732,0.06967055901243668,0.0896454561260498,0.010804498100946525,0.09287163831748213,0.06346171311241822,0.016705804859696194,0.11327660332996015,0.061637438792994104,0.019740825397117412,0.035241380925151056,0.05118824685344503,0.09702647889952942,0.04327598348182171,0.4396629846777129,0.08244549840965654,-0.012439316699685676,0.03416260758494705,0.23347138552184532,0.049956814206211675,0.20596593308775368,0.024439143991962453,0.07945112003229582,0.06364286114668971,0.03700862874509259,0.033642443457122084,0.6193064251499205,-2.657101118330729e-4,0.02297856291566447,0.044174319458544886,0.004675333191713982,0.005860822636982732,0.21835618603742457,0.0805672185591515
2022-07-31,0,0,0,0,0,1,0,0,0,0,0,-0.04552016069181786,-0.058863734853494165,-0.0026432792033359576,-0.009135924151198793,-0.017756077466668074,-0.013812128646422117,-0.23108626951837952,-0.031049851383526672,-0.02776864735459128,-0.03247162557058303,-0.058276909756309614,-0.014820075892253648,-0.0019193863858033566,-0.027124448496476994,-0.02209750756775719,0.11191157812448704,-0.043701394051102405,-0.02012163723944216,-0.05129329438755015,-0.046426993821210516,-0.07046840253587217,0.0014461318499998654,-0.004496006134814046,0.0057487942170242334,-0.05799859229321225,-0.058598468164309025,3.9649498953231443e-4,-0.07394916216953362,0.0038456028631514982,-0.12337015461530942,-0.07356069390569431,0.0024130756471834047,-0.0544948707597257,-0.027424886629974665,-0.06335110758028328,-0.008487172232249485,-0.010764825508532638,-0.005816083279682971,-1.1141440599793384e-4,-0.04587647705702036,-0.07540029030188045,0.018922818842145084,-0.03693839664974341,0.0267549400457483,-0.05505294842439312,-0.04111908515630436,0.014879313434077446,-0.055162443872599276,-0.26063525258448106,-0.05035735530776542,-0.11270153497795121,-0.13291430658193892,0.0033057881344991102,-0.1546747888539306,-0.05490816519523989,-0.024771218549457963,-0.0757805527828408,-0.06144281674725516,-0.2704567063353487,-0.05704330592615303,-0.09001575518836091,-0.06034674678060803,-0.17739453281788897,-0.020748221909206777,-0.025312283107148836,-0.05905993461402037,-0.017047481696028655,-0.0533987452369864,-0.06285652429977517,-0.037368125618002956,0.014834902409307738,-9.677562009855478e-4,-0.06441993435308202,-0.00918720262649586,-0.27993818674486803,-0.044311669759117045,-0.01064091383497967,-0.045513220573152324,-4.06870301175033e-4,0.03864252941539004,-0.03665507869740914,-0.057981999726479216,-0.031132645902457234,0.024657818484489447,-0.015887359762319697,-0.020583511296504042,-0.004721444087198989,-0.021846002394687147,-0.0554696144565483,-0.018503131393735828,-0.04665428888115031,-0.05636206588642523,-0.03858740090918822,-5.599104289615298e-4,-0.007472014838700858,-0.06732727434980568,-0.10978410326305887,-0.08192754952281778,-0.13556846808959921,-0.028598623462132267,-0.019529448956602025,0.008886092410206103,-8.605852510470413e-4,0.029259608701893036,0.02355084897566062,-0.06761728115268095,-0.0712606302959724,-0.008896328171928758,-0.05689125203181078,0.30477984619819853,-0.018966085748961525,-0.013766195764148392,-0.03989028849925447,-0.024884869662026077,-0.024697694937094283,-0.011487328683789322,0.019282340755218286,-0.02352720197980318,-0.26569631123011117,-0.058081615900738015,0.016194685919980856,-0.0026492031094873525,-0.09912558572756147,-0.059640063231020335,0.01992466537076254,-0.028604163896350343,-0.08596468437075178,-0.007079867191167821,-0.039645255392380285,-0.016638222548203352,-0.29387460936167464,-0.030626339701750105,-0.02856426947352908,-0.009805657604177398,-0.0382986196249675,-0.015087682708664119,-0.039967770990307905,-0.0564169842026061
2022-08-07,0,0,0,0,0,0,1,0,0,0,0,-0.025378426903472473,-0.07328118417772789,-0.02682433449142696,-0.00912467123620253,-0.08055444621148489,-0.024594127617457495,-0.17935429058367536,-0.01948331700369277,-0.051230381741738995,0.0035658952514072695,-0.016785554741570508,0.08361232545055586,0.04397551837389102,0.0037087445156327448,-0.05144372070970604,-0.20276022447122877,-0.037669237093114205,-0.03832115899430644,-0.02437767016442649,-0.035879325912381965,-0.12261421121438065,-0.05324225657338477,-0.01727158650866034,-0.07620466346134158,0.004816964998050288,0.0565994669988914,-0.014534675295477584,-0.05014615403778322,-0.09366310000527278,-0.03984321736204244,-0.07313319444768318,-0.0382376538131588,-0.02098791264882216,-0.04510568503893442,-0.03871451218069044,-0.03983140503855864,-0.0034349539999736223,0.020745760712284067,-0.035112543010349384,-0.0331869248144665,0.10367072424013557,-0.021417622630927724,-0.0536831210203772,0.00197190105798839,-0.04898138704027044,-0.06440489802529026,0.0030949068014098913,-0.05001488805143062,-0.19951623271946506,-0.08375073157513935,0.09644463535930559,-0.05234301345481018,-0.09914590965763903,-0.040885707049345577,-0.04705467186029999,-0.0055235773295416735,-0.029947197717978824,-0.02687155490106452,-0.203167127965437,-0.1260613362641232,0.055272806744487646,-0.029137579802482882,0.10161230269279731,-0.009667487456789026,-0.018963200707756478,-0.04756560335039328,-0.038957112403740446,-0.027808177024379432,-0.07095589841580541,-0.05621786646535831,-0.06417648649897068,-0.10691675340088924,-0.02233734531590681,-0.04598511324182297,-0.25807377693024147,-0.09034868640414828,-0.021870614578169523,-0.02685696198445875,-0.0723787994244729,-0.042848491792359944,0.03318199160420221,-0.05500471043378852,-0.03446357845227954,-0.06368834525454226,-0.024132271390188365,-0.03560653503887945,-0.12963612427822824,-0.030026274929040753,-0.03852243104898356,-0.0214551809078678,-0.0017247755908167406,-0.03044890169474357,-0.03126560780003729,-0.0338918953911298,0.04102197452292167,-0.11234797540934593,0.014372580666653256,-0.04418062678135737,-0.028124268870861613,-0.01809111094915572,-0.038532266511995594,-0.03757636130050912,-0.05031952935029249,-0.02963316119036108,-0.002897216749686571,-0.01808328143196558,-0.06554471806951234,-0.021679760342634857,0.014321762874078381,-0.24659274952861487,-0.024849282825958774,0.032789822822991255,-0.002424243611507393,-0.03463095279856354,-0.04933209052239995,-0.020626297883507227,-0.0684088949886803,-0.06437793698877048,-0.20933332786864156,-0.03330277487322242,0.01382633033487668,-0.03265473996173007,-0.07100546524872087,-0.04218858168203177,0.06719536482152755,0.005351846272557026,-0.052787826039572217,-0.05697693932064496,-0.05070607491792689,-0.040770085568544445,-0.25122700423049427,-0.04655263642151297,-0.04686118080703405,-0.03344804413859492,-0.06278095688378116,-0.010436173735206111,-0.045634229832915985,-0.060384834035410506
2022-08-14,0,0,0,0,0,0,1,0,0,0,0,-0.0058365924444521156,0.04848917205083758,-0.012685159527316081,0.0021460770809156315,0.026906487548288283,0.018366935468777434,0.031720721199858026,0.021942035057961107,0.04255961441879652,0.06028317494338875,0.027961211382534046,-0.0983109322435638,-0.007566705845010624,-0.03797765586191737,-0.04032635697496545,0.15045231960702843,0.04013077679756094,0.243983301602416,-0.01847322861237899,0.10016201623800036,0.04807844656855487,0.020993713051201013,-0.017948488114998717,-0.057941093008762934,0.0075002346327419644,-0.03928074497016265,0.016277388030578877,0.037843386555246994,0.009867583975216476,0.3080552784957096,0.0656213390548368,-0.027151685232521316,0.012972457064542198,0.011822657471180165,-0.10633564981603261,0.014742281737203378,0.02169836246107959,-0.038028779617689246,-0.0022336051185529726,0.006214230510459551,0.036727800417094336,-0.0016666670524694283,-0.007896154806507738,-0.1387159493556238,-0.10804148241108358,0.02790186582556764,-0.021348155178829487,0.01716117841262399,0.017164395376219055,0.05075366229950529,-0.024546687000937872,0.046617343972115144,0.011594332780919814,0.0494119462775906,0.026237036864420915,0.045667932400727196,0.0017178109947639797,0.028061770219945714,0.016372402678975995,0.030474875203724494,0.0568777908550846,0.006833242804272999,0.08276113815684116,-0.01308607198391698,0.052857385873799956,0.020627115389689088,0.023167817408944913,0.029584151105282785,0.005696294641502675,0.05303989768901207,0.03899793811801544,0.03815019452806023,0.019215523981751303,-0.0637545148253631,-0.013461741750898426,0.05863896203548968,0.010874925927786272,0.08276186613256797,0.0029331939774417393,0.03605196844007441,-0.019236187355963885,0.06587328199702469,0.020977022483806174,-0.0019797086396513563,-0.02922345927732284,0.021806572778256594,-0.00979459042219677,0.04393034695985598,0.0434394373730953,0.01633955690132094,0.03537190461986839,0.02844756680392635,0.020009074441449393,0.031087631074459665,-0.027982361015117974,0.004451333070934815,0.39146944501410097,0.05577954421735942,0.0989642642599673,0.006616515743527174,-0.00546427163956853,-0.004214268186776948,0.02768033868544162,-0.014299396987713209,-0.01917374496543811,0.011584829016795695,0.05217703443269528,0.005343060677236444,-0.008807483737042432,-0.06769211872527325,-0.0023224664302521347,-0.08182754238420564,-0.002991774856822005,0.036397607656284414,0.009586130053103936,0.020626297883507227,0.024209496750918547,0.01321142170371914,0.03291657356782096,-0.013689998127761172,-0.0034387019732990964,-0.01766558996692602,0.0977583643205584,0.03327219887892863,-0.03854896552478593,-0.012432404400477104,0.06916206191117702,0.03725035641269869,0.09380556517839533,0.006725322813808887,-0.048770494811341436,0.03108912243832318,-0.01163827039773846,-3.011997813970879e-4,0.08092446418953259,-0.014339868364230846,-0.08438468991446602,0.025267195317953295
2022-08-21,0,0,0,0,0,0,1,0,0,0,0,0.1798795531384032,-0.028943948694359456,0.06820825002653397,-0.02391282047556853,0.016221126685842968,0.08079553021617425,0.15704928381152872,0.011219758668065793,0.11504020405190829,0.006318333231380535,0.10434301348520947,0.08289939903062749,0.0535600823033322,0.10917277321402352,0.048634201830630275,-0.06132911313621925,0.09015639549879495,-0.25305810788573346,0.0874552050135593,0.1569490756186509,0.060491750259706656,0.043285675569125104,0.08736916709510556,0.09468425766648458,0.0362200066547782,0.05072081005017903,0.09239194236503234,0.025553566054737686,-0.022174073866114696,0.9269501135101139,0.03023120313833072,-0.07676249550818248,0.01850898837220427,0.07657286884570613,-0.020534602441707683,0.0026387917473842393,0.024117593064936216,0.06323945813591703,0.06734656886431445,0.031695898948160384,0.3648787820035402,0.013804747113056237,0.020326863888665336,0.04019945283230264,-0.05329694877937019,0.020936203682923704,0.04242807242924229,0.10493730764477416,0.09474844700914176,0.034370983054671456,0.065027356999102,-0.003851690483759107,0.13838271828341053,0.010256500167189486,0.08742535869875923,0.02061469179400799,0.18046046159472695,0.06507443836096805,0.04832750601216773,0.02476674432249304,-0.011289987264598622,0.048824661797723046,0.009471837662566429,0.022035323397475715,0.012947225325280698,0.11018353551520121,0.11665025780242644,0.02429066468359231,0.05301397161163024,0.02307391302361772,0.08149841587562623,0.03274115776631703,0.008258356012346368,0.050643732818755005,0.13704540836387213,0.03191107340789667,0.08032924459947655,-0.054517331493219245,0.07893476997881432,0.05423976893699667,0.04394496299921258,0.04791374833401285,0.17282208931914678,0.05564349156870296,0.0931237892093888,0.03835652439550152,0.019979119162011116,0.033655183977130854,0.034029227615635094,0.1145295524186869,-0.024823542370536522,0.13707269410689982,0.09580947248341687,0.16361352818408736,0.014393143893435045,0.014807276316301632,0.10017676858680247,0.2760500111548474,7.595898580188276e-4,0.11482020641993884,0.025992261549204976,0.025456718095780317,0.06616093834458958,0.058515587340357555,0.010497906580170024,0.020222265965756492,0.04848496044357731,0.053065974411186545,0.1241781638051771,-0.04725930310920745,0.015616998850787489,0.05035698096627783,0.04454539114634315,0.06491996635999886,0.2895774996256204,-0.014917216380123222,-0.03290476916664886,0.10884437285967508,0.2221372804442847,0.011635554672746906,0.024343565678801582,0.05634444453203713,0.039156178288298094,0.07240877824614955,0.13208025821325364,0.06330552552216595,0.10402313046936573,-0.012106226534305264,0.015058463874201067,0.045441368060442855,-0.002150182766880171,0.034731409928818735,-0.02351554179099402,7.026584198221997e-4,2.643754146260946e-4,0.08729639908077136,0.2604324300044061,-0.014955334024755018
2022-08-28,0,0,0,0,0,0,1,0,0,0,0,0.005688759754422179,0.050840293247301105,-0.02270137687034346,-0.04694994574882383,-0.03508758830786629,0.00893503269364615,0.0322995207990866,-0.003221038117661834,2.3880597128478342e-4,0.03233900041485427,0.04461191335930348,0.035801488915985225,-0.19778733318085617,-0.0608832164994455,0.010926122049553122,0.32608776636546644,0.004762580790886872,0.26503771492716055,0.07788145894653553,-0.00420053580834967,0.010116889379199634,0.01441650486247159,0.02082526797742812,-0.03736197655865592,0.08505454183282968,0.021527250099167006,0.04044668958059017,0.010392943266364973,-0.12213377052459329,-0.013244781489364144,-0.08062382149134262,-0.006164952598160411,-0.03030847391438307,0.01896899802765528,-0.017581030480804394,0.03250859601826139,-0.003498305862200901,0.02374100838588067,0.03139947533215981,-0.025672706832303938,-0.0811376449775354,0.05494715381747728,-0.04566916216867689,-0.0021762794225947957,-0.01521665119109894,1.7962458510112356e-4,0.058853721327745134,0.005899722127188589,0.018231946062014615,0.02819243303278096,0.00537577899284436,-0.0028862872567589903,-0.02220199029238401,0.02548286038880221,-0.09022195376238606,-0.00941887399837249,-0.01754373324532299,-0.03273507373024742,0.06504565437767695,0.007017572658646998,0.0403336550351181,-0.01842920906203993,0.049515064527380304,-0.008079686141374331,0.02045573308532589,0.00804473612360379,0.16262686840445895,4.946821767957132e-4,0.016256823665574238,-0.04215398975125506,0.05731052244578638,0.00926437143886183,0.08090314572066148,0.003824096438403757,0.04662464769634411,0,0.049122813726194536,0.056789450990320844,-0.022832840016643097,0.016386740114771925,-0.035368436871907605,0.043396597384143476,0.0542435210844614,0.020179276864959128,-0.049423059343777886,-0.02050105182511519,-0.0219099562101297,-0.037942853769411755,0.021617635038545302,0.03151426725196238,0.06540746999286906,-0.2681744149709093,0.040464949997851996,0.014909754366287054,0.06246507476560925,-0.030621536748150824,0.02171799125983309,0.0442485522799112,0.03726213498066855,0.028830042503351194,0.021597749729458826,0.011418846469494426,-0.012997970605132636,-1.7874698412079226e-4,0.017277053553768518,0.01301261418761257,0.24031031578605955,-0.00483537667890932,-0.037326193821822784,-0.08530615290792287,0.0356315798169442,0.018612782223637936,0.020695130722057087,0.006183886684294926,0.19910538015981594,0.008954437842317198,-0.028457722244322525,-0.002008436103939637,0.02416303088762284,0.02161559047594075,0.06652452290443556,-0.004257199618180607,-2.1514630031482795e-4,0.034870322893277184,-0.5933757221267726,0.0022520418638816153,0.005321992337941062,0.02688839667263032,-0.022441976882178416,-2.4637621772871654e-4,0.08030377518644105,-0.03626312365862905,0.012664279867236061,-0.03405496368006844,0.04875240053203456,0.010395104000339828,-0.2261205942142075,0.05925489107435311
2022-09-04,0,0,0,0,0,0,0,1,0,0,0,-0.12247901209966283,-0.06379570692472392,-0.025189028537312197,-0.03486305204305662,-0.01735567223014378,-0.07642527429606272,-0.01930651825681995,0.023040394417495058,-0.019287000941979215,-0.04523582385702074,-0.06928327369604936,-0.0905204456751898,0.12665998916527244,0.12497633853050871,-0.05161814626501471,-0.21941133331267082,-0.02978521132459111,-0.3835216429020365,-0.11043742666711509,-0.037099976682550384,-0.08854322983172214,-0.027420888599815285,-0.007737633222060225,0.01991792520486424,-0.11604184012348018,-0.09434259385558885,-0.10782755877170658,0.003560650870801929,0.0675648735647858,-0.1620950265393315,0.10300678222416693,-0.04233619544468503,-0.0419172490363966,-0.07660589185388922,0.08069218486724417,-0.2077601304326393,-0.04403956141083398,-0.07573092418787919,-0.06102856297752801,-0.057445837270529765,-0.07573724615525457,-0.061549653731080234,-0.022388255555016556,-0.03491626510622847,0.12547313746113176,0.027109293377119315,-0.027733713460586173,-0.057035181162278015,0.16580502649868212,-0.06299598213776303,-0.19184564352457478,-0.0016180043244506948,-0.13655989032767923,-0.079433375117544,0.015625599842957527,0.006657814206866952,-0.025443590513262393,-0.026284981689118858,0.032510027287132814,0.01895791374461364,-0.06592079191893419,-0.033345949446733414,-0.0376208893443053,-0.11123131608917003,-0.09918129929186748,-0.05630777875688864,0.05961817920345247,-0.061181156475081266,-0.05940961260722233,-0.04924988455936674,-0.07352802665234304,-0.06109089540878898,-0.10381428015634153,-0.023167059281534286,0.10225036703259782,-0.0022170723583174734,-0.05658096595719986,-0.03301372664862079,-0.03379388138638095,-0.030145556286200303,-0.015695200256826247,-0.07258650767469099,-0.08253836327514819,-0.07409030914624104,-0.06763349607723956,-0.0461233004315309,0.04491490056515168,-0.02391654661998288,-0.051637533274128344,-0.13077479338011422,-0.0629702277432651,0.08602751541257536,-0.11470092215174876,-0.0832386321623213,-0.060339029925303045,0.03489342477110835,-0.10115858013872892,-0.11639273544847839,-0.14795193618657887,-0.06413398557456862,-0.07444393721651554,-0.04155419624774659,-0.035847147677628755,-0.0178560069241831,0.03013750302371232,0.0015753823559618851,0.1388411017795832,-0.053086744218518334,-0.02350962123721345,0.23605394595548645,-0.0665683339918246,-0.07662463703400046,-0.05291048314245117,-0.03598463700192944,-0.020922296232505744,-0.001581027997318074,0.08961363410448264,-0.062209109264546036,0.04453513064091119,-0.02754573548113548,-0.11256439965916964,-0.022765452735063363,0.014143721654733099,-0.07066851123497564,0.5468860210642443,-0.0578809432758467,-0.048630941177295384,-8.734578016245109e-5,0.009220904429812826,0.11318200397194023,0.14186239658652866,-0.004189365155276903,-0.025017378130550938,0.027881483244520666,-0.057513906200607146,-0.06958397539067107,0.01227192892832285,-0.06372641602936113
2022-09-11,0,0,0,0,0,0,0,1,0,0,0,0.10778487016044203,0.09414163205303794,0.04343814263417123,0.16666705228002154,0.07965301916526268,0.12219875013305348,0.13875707939073223,0.04158865462124872,0.13505165805156594,0.046846637666119406,0.11276838563578817,0.09570575544811,0.02550161462022693,0.024066756290737956,0.16943099395651906,0.07501531581175325,0.1226023220923329,-0.01459879942115272,0.12222042173943404,0.21547892533458146,0.17936778859466695,0.07092158678936489,0.2182005883434739,0.06176617445181698,0.09770834858129795,0.05030876734662204,0.12316327864181442,0.08456156465773201,-0.002608379589362997,0.16931064891762304,0.12343387453856636,0.1055254699422985,0.1424282605469429,0.14739894384498875,0.10352790640689769,0.06815516160776003,0.13904985179713325,1.0322096516195316,0.06524599311465806,0.12489043701176517,0.10019284306414367,0.08286256727706665,0.12304532923199218,0.10890751709640956,0.15366752967895358,0.08121634837858949,0.08264844627596446,0.11274658206934074,0.16459047285112227,0.1267870241681308,0.2685008420719228,0.06634940809353829,0.15750638767423109,0.08875202146741312,0.04771880982742971,0.04074236294894984,0.10975013283162216,0.09213719283717214,0.17024473431082754,0.08045932226940522,0.08482494655808726,0.10034407913525989,-0.0484498422933024,0.22675298284227097,0.3280933050028185,0.12229889449032072,0.008606201351315512,0.30468961757936874,0.13234897901622844,0.10811162705449995,0.20564439144771818,0.16245646058204777,0.13647573636410382,0.08004270767353638,0.26026656810853055,0.07574965394983124,0.06990121114928982,0.10731146812775627,0.10194191761506666,0.04879016416943216,0.015360247984393283,0.13209300897110232,0.12535586855986036,0.0961191322550734,0.08614595071320075,0.08777980103134553,-0.06756910448716713,0.09077171818705398,0.08671666398367428,0.2372072391905009,1.2188806030363084,0.013530128346017634,0.10271773038745913,0.1482615320935725,0.09652303622953351,0.027285037635289555,0.10329134554327624,0.13840886601285352,0.031722192450156506,0.08819073456673898,0.20353042219114936,0.09788512318948239,0.0758170047015625,0.09820119078002687,0.031286700592557004,0.12233185598069252,0.13371294289019708,0.06581554402387813,0.09997124400263768,0.03073903915702214,0.09306217065900668,0.11346589459503953,0.08148941524488507,0.07882391183490434,0.03483525785536834,0.10270101486833028,0.04220250054437358,0.10175968872188346,0.1027436145018541,0.05582142875734508,0.2000797225558335,0.06122201851223341,0.10588650327531113,0.1348588631587937,-0.13724161784667466,0.13418913633917118,0.10923772130305132,0.0712744585934999,0.06000352894308669,-0.052475250004828666,0.05982876025433104,0.09243094017622155,0.11700011770105956,0.09239014764062858,-0.01965863766318421,0.0859946000845433,0.43713633304643196,0.07197610863365966
2022-09-18,0,0,0,0,0,0,0,1,0,0,0,0.018132308942234054,-0.025464338865935687,-0.04466528722306595,-0.0063400918326266265,0.06275757676657623,4.719578471936714e-4,-0.0031438686334421817,0.009826881683206778,-0.04036130383046199,0.015691497409047628,-0.0272668450713498,-0.033408612753416556,-0.03478286317487367,-0.09646825752495314,-0.04225895140274716,-0.046138655975980214,-0.019288241021498287,0.3559429000960348,-0.03895858045128353,-0.13259126552881373,-0.08644179060785007,0.01382362347176791,-0.09910504429549505,-0.0057208394012135955,0.024230728515060918,0.0010111224319491185,0.001432127635914604,-0.013486348941436965,-0.041079941492359495,-0.037586571180581174,-0.05677779394993365,0.07125236053295936,-0.025113461817289462,-0.06719592581024969,0.20334935390873632,0.12835670025347845,-0.02160197690135046,-0.43009974615750846,0.0013555553769304396,-0.03480253469426664,-0.05061674367682212,-0.011498785187590066,-0.02994154887857814,0.07054284147176215,0.1210397781766579,0.015829777581616966,-0.015462987975526588,0.028401608503111575,-0.03323825506734046,-0.011555124325030697,-0.006276483867464044,0.021128026425836666,0.00937799933318395,0.012386734781427045,-0.02006825503446663,0.01992129163549894,-0.027299126075626567,0.02499569720519723,-0.03187638463281317,-0.028732752311817933,0.05541800239588213,-0.006417604443591074,0.05202638401708892,-0.027609316329504807,-0.23471392832705895,-0.01331884823975038,0.04451435356997102,-0.09126719100109515,0.008975222010776385,-0.006136557226954942,-0.08827372693119884,-0.10807821737463286,-0.06116634994236314,0.014714920512356677,-0.09796916539408418,-0.03173663027497309,-0.014165285909958136,-0.0906308612336506,0.001759595747084397,0.02405756837200279,0.02072183552872353,-0.06753595484326347,-0.03633626516508848,0.00336360895668264,-0.004950505159856178,0.008791265411170812,-0.01218936423424477,0.005828796101927658,0.02955051830120503,-0.07159178551005319,-0.4653952269214461,-0.07921029520817413,-0.00353461340014416,-0.06596297050576982,-0.02651934892822272,0.008398975412545084,-0.009767924054879806,0.00473472545837339,0.037892481719275395,-0.003491379847115894,-0.05255297450878782,0.05438156521308546,0.01288797484051063,-0.014957898958667393,-0.01517761828510178,-4.64403482084208e-4,-0.014677135561571575,-0.06447775118221877,-0.045384456322449473,0.1514629075656222,0.025809991988318792,-0.05249204979618405,-0.005085155072666936,-0.011550902330140111,0.003404630089253402,0.005492283944594334,-0.03601315325759202,0.021160764080972783,-0.024798120845455962,0.019135863068560965,-0.06834387542938014,0.0067017287264867775,-0.19090760363778614,0.00838034091101747,-0.24951103939442376,0.01884007723101977,-0.0231023846673013,-0.03208986179030404,-0.01272240288438109,0.0126734673739195,-0.04960540834271843,0.01644982050485755,-0.06887252730243976,-0.07439598242965317,0.07212457756648583,0.033019507991260966,-0.487936548143888,-0.025596379586197315
2022-09-25,0,0,0,0,0,0,0,1,0,0,0,-2.019182238051087e-4,-0.014991422359619477,0.016319933518373908,-0.011706122786272033,0.005428326267024275,-0.026940339731385876,-0.005078359307098879,0.004634154634802101,0.03780593617077255,0.023690692720658824,-0.007046365506004015,0.020240454324500945,0.021275395340466297,0.04086834338819223,0.033034567337020704,-0.11261263635896146,5.192108112490601e-4,-0.44338934344014547,-0.005379092711360833,0.008703275128302046,0.007804740588957415,-0.01506528962314313,-0.06743082253184784,-0.00258509407210461,-0.013388967538957353,0.012553516602189063,0.0058435988805243255,-0.007464338430032136,-0.012404151320826173,-0.014830184647546929,0.003222893172114105,0.00970344775106291,-0.01887199719869237,0.014892402772569646,0.08301467432956056,-0.019842318498630718,-0.009817210703417345,-0.5226457341077761,0.01653499607970943,0.013940405264932565,0.07334645415778862,0.01606153074600858,-0.022522643011960497,-0.0078079185258976835,0.02942784729921133,-0.0073240960029110624,0.04609023521966371,-0.02292922272505038,-0.0016490039330996353,-0.02442137424799906,-0.04853035382951809,-0.04694401394525016,0.013597242864532788,0.06403739359012572,0.008186247110657519,-0.004381168015562764,0.01953126537076688,-0.022162191965872324,0.009848253580583943,-6.861063733989425e-4,-0.02927790016443854,0.0013660903303307492,0.0766039620393153,-0.012460111364930526,-0.021637226851014546,-0.01886345696824243,-0.002823469487919006,-0.11225048147298367,-0.013335274094203875,-0.03159151568872787,0.010870786982705383,-0.015362694089043671,-0.002049181044935011,-0.019131711470945945,-0.036932030571856345,0.014377703821594423,0.025972776791046925,-0.022284040980215636,0.030568530153971096,0.025434897147820656,0.03466691361988694,-0.002566998486933869,0.018688304689455926,0.0069158111671425715,0.03483459138574485,0.023047822363108317,-0.03748576584315089,0.008860016371178503,-0.02363799762110652,-0.015180557177015608,-0.6811873592063806,0.10203533652780106,-0.00310306861482168,-0.016356889508875483,0.002824860635554316,-0.015707732158562138,-0.06141490307997888,-0.015117869112802218,-0.0047581374464167325,0.021726447905481727,-0.05753239813696709,0.005546007713191692,0.004741217889821847,0.03762868969079669,0.025088380918849573,-0.01629707325134433,0.011259461482138633,0.07298747519602955,0.023105417701349218,-0.30214015562701135,-0.02102252927441217,0.05746873191846724,-0.008778025383463728,0.025949952293519374,0.0038706639318402125,-0.008045259546178407,0.03653353292022743,-0.004424506301421438,0.0027953090921872814,-0.03690094907392094,-0.0129003222361046,-0.010531249043733482,0.022902374405317616,-0.016100137460742125,0.2938941305216076,-0.031688219708868814,0.04763484295213871,-0.004482660900377411,0.017357780127313482,0.16108300361366634,0.025781969553649198,-0.001381475886899075,-0.05585193064668115,-0.014835560434381279,-0.0819634106923246,-0.013210231736806577,0.017375553492270157,-0.0329982152300623
2022-10-02,0,0,0,0,0,0,0,0,1,0,0,0.016025984015843875,0.020925624273036902,0.004098860470385546,0.029810007707890662,-0.014348820891470382,0.010501034079902993,0.04084767990728899,-0.038826582291869194,-0.014172451088112048,-0.03463490391719137,-0.0035868044192861603,0.03125728597602251,-0.05239202311211599,-0.008489773959164282,0.005520897364513111,0.16333083609931176,0.024103731036690057,0.08540382949780057,0.0072621960417853515,-0.015544806945018586,0.07980625008527564,0.003289742753884717,0.029079166506339682,-0.0031686617323103405,-5.67697999918515e-4,0.020741484306816993,-0.013230773376602833,-0.01730864010129718,0.044590714680493804,-0.02017019351269589,-0.048068403041022556,0.03280165189292994,0.030759668791004557,-0.008246161538658647,0.00892863074430128,-0.035228691883743224,0.03478776943708972,0.009272594466670725,-0.012617704744528169,0.018957457647392317,-0.036856825742248134,-0.03657373895646998,0.01748991975735059,-0.0014261946795848246,0.023421717808437492,-0.0030408943382553844,-0.04541293600491869,0.003556164607222634,0.030094450714244658,0.013511067480316719,0.0040831339772742226,0.023379260721199557,0.04559878111557225,-0.06317890162153184,-0.0062724375246592246,-0.013842690579228822,0.01885585942568202,0.012484697083806395,0.053905048387766996,-0.002749142624921319,-0.03338942918635457,0.010731361609344958,-0.1000834585569832,0.024373649349273663,0.014337163146407761,0.022025681591322233,-0.05772329161310008,-0.020401523633720053,0.02454493766755217,0.027415071156250193,0.14827578897672034,0.07447100726320421,-0.005914894446808816,-0.018274620243481365,0.009000438193564442,-0.0076423757520380775,-0.02101835775984373,0.20860499165409152,0.001703668622688781,-0.014603835694914302,-0.05840837902233087,0.058867043175466094,-0.0013197301544929374,0.004436564508687901,-0.03341765880719905,-0.03145855578597345,0.15101785234872267,-0.02626450443099504,0.023845075545269268,0.011406967793376133,-0.02012876743061387,-0.0788084859179845,0.00663768201496584,0.027347295936895222,-0.024558630029059003,0.027791647880697212,4.288471225750712e-4,-0.007835033237187261,-0.042214059973255225,-0.002535724211049306,0.03673100584404132,-0.022761133051003135,-0.012427447089922161,-0.04823395700420274,-0.025150804839715768,-0.026892859499067612,-0.027213647680605746,-0.016632873766587508,-0.011275959941849045,0.5545172832640395,-0.02147398370880449,-0.012488454533345461,0.03315502593991759,-0.014136582770270856,-0.07975337256359616,0.006421058600349028,-0.023758870875052907,0.0294616240381691,0.007500140496586205,-0.008751149735140018,0.014560467287146217,-0.03425933080235133,-0.013431256965114713,0.0029930306681240637,-0.3845688428164795,-0.024307834410242535,-0.004187026354216528,0.01810136584162514,0.04633911971066951,-0.031078277265065957,0.010939497252677732,0.003637964245631231,0.07085613106073385,0.02893289816689304,0.05814971336218555,0.032060318638901464,0.7810617177105073,0.07518734795970872
2022-10-09,0,0,0,0,0,0,0,0,1,0,0,-0.02658231428155844,-5.380200990616757e-4,-0.025342486850544077,0.09202668748126541,-0.018966672728047307,0.016439305651482883,0.14782160468244854,0.12481338461856506,0.010006000960689931,0.00631792985718338,-0.0015282962474847395,-0.023886245231432568,-0.06341364691329865,-0.028908351950020617,0.0057286228987232235,0.14370389894001256,0.02081057927788077,-0.19991890404885027,0.021192087473499654,-0.04647810571606659,0.012606951411973988,-0.044703870920015376,-0.03955721836294046,-0.037329830331896297,-0.02530324759873004,0.12438657792080399,-0.021933139081063757,0.059707117537196375,0.19498185956524594,0.12127311891788217,0.040268481676486445,0.11522206651094002,0.09322043893452481,0.003433588926870179,-0.018203905932482556,0.05843901752846925,0.05267487109810354,-0.019145015075787697,-0.026966586623760946,0.055348261921079,0.11850000218720247,-0.01214055555699467,0.048611047041641875,0.05978473263242812,-0.03913542894360056,0.0887507979920592,0.011125653803446767,0.015959578994543477,0.23561139853432778,0.02181183629820449,-0.049035727699779486,0.04952640568989608,-0.04744209960986101,0.01137668698210792,0.166783964377764,0.04127133175540454,0.0013247427721685412,0.04116843872105935,0.17404522528559951,-0.010377125289291023,-0.0281477798780827,0.05447300262846966,0.03130314951104829,0.04886715743672099,0.025626531519584717,-0.007182117902659435,0.050331494493221385,9.694620245479513e-4,0.11144460522167954,0.15058462814154705,0.07241678071834912,0.03025156753506586,0.13918984393619027,-0.03886012243622439,0.12012467914795533,0.010493275715838024,-0.004320571555935793,-0.11584874831423875,-0.025974086553744336,-0.06706690884050648,-0.008605469455758907,-0.027708835653319497,-0.03588617326799337,-0.04922186424421238,-0.01354261609859364,-0.06653920223938137,0.22637226679563227,0.043752459032555535,0.012101403081627993,0.021085630709990255,-0.016305975072892664,-0.10398472132435899,0.03154653145271613,-0.041549002912872446,0.012640214260318139,0.1680643488237905,0.14192822556525364,0.08272180071453228,0.04538866581402701,-0.0415427647458948,0.09054520971817936,-0.02759409613995345,-0.009221582220566127,0.003884811912147512,0.03845450229252734,0.07356738289828257,0.05374031056406281,-0.016914212320679134,-0.029840236212481663,-0.5987668009155875,-0.027983399048882696,0.012798676344425886,0.002380307222885847,-0.02558364058871021,-0.015014372563683764,0.036802956732162606,0.06088074632704377,-0.019251665805271934,0.15543318460268551,0.056628109739992105,-0.042600826889695576,0.03582127645181732,0.13008493600879234,0.030155203265675112,0.017735470886647065,-0.06132901585539319,-0.02952243926632203,0.09420606715558222,-0.013230167137915139,-0.11005544756940644,0.24718025565265922,0.02936670007177966,0.11869640172044882,0.08470007970418258,0.03613624731961629,-0.03139564596571098,-0.21579335025664292,0.0446471633913923
2022-10-16,0,0,0,0,0,0,0,0,1,0,0,-0.050649033654431186,-0.030693179371232837,-0.00842631999369381,-0.10972468248367484,-0.017533013146786125,-0.03945981062439152,-0.2073735335794904,-0.15505354719036735,-0.08253483732136857,-0.027789311892866486,-0.04725288485054513,-0.043784354314691853,-0.04033407062670147,-0.012783439625675186,-0.02396694473594696,-0.25824457086989216,-0.0840831172105414,-0.07322738442041121,-0.0545947367241455,-0.023886188805553488,-0.10213304002230661,-0.001126697206678351,-0.00552487593196993,-0.03195159980660289,-0.014962872676712813,-0.13470354489173708,-0.023430251808385982,-0.0656758120357388,-0.30972924291438275,-0.17469630307658335,-0.08912040664635779,-0.15701154964547293,-0.14582010223220365,-0.04345972188502145,-0.08730186355666891,-0.06432757292457492,-0.08668917051693636,-0.0030837783560961896,0.019639528928683703,-0.12891010143163495,-0.1762552759416982,-0.010946578403437712,-0.09710311785978831,-0.18075433381561012,-0.028270433938256012,-0.08666918746217789,-0.05512174371810907,-0.03733443857927732,-0.3267003619514153,-0.05775471104444119,0.008957892542294843,-0.09030236923129475,-0.010510143115372905,0.03173102281900331,-0.22246705085456675,-0.11379871387345286,-0.050666396655829615,-0.07014282561551521,-0.24132864959198308,-0.0038320896920973624,0.015947547217135316,-0.06939668740543858,0.0409495103005062,-0.07234563171950192,-0.003679480847886829,-0.016781966190936082,-0.02278002833181958,-0.06092747775018292,-0.1165431098930636,-0.16825316181982242,-0.2450588381526595,-0.12192218777576969,-0.16294144983785142,-0.015457585576642785,-0.16844382876357678,-0.034169910531987924,-0.031649908826382855,-0.1078281186985155,-0.03766053979943429,-0.036069483818029546,-0.04046195088754967,-0.0936426029823032,-0.023599443864524616,-0.014048463309145554,-0.03654041886645665,0.008744995001907618,-0.40800696320129415,-0.043013497240200316,-0.04190166233309078,-0.05011613121453529,0.0016426144723551417,-0.049315979701194834,-0.07649960915070508,-0.015390556628450902,-0.018439012765220752,-0.24744500411082093,-0.1509728640661816,-0.10156772128199876,-0.012759343753759644,-0.01709813323294984,-0.12934415181020498,-0.06654615080205861,-0.014606697348341413,-0.026823167867828346,-0.06688403416596689,-0.0822380982369717,-0.08433978765903483,-0.03410704313339963,-0.040736357050654703,-0.002116402906376713,-0.006597246150141345,-0.090174506603943,-0.03389436030245285,-0.009467846473239838,0.008505836641804265,-0.08019776604516249,-0.11579893232205052,-0.047380323247907086,-0.20103809880326473,-0.020861564611552197,-0.01595248186187881,-0.059330765679323605,-0.23238173700024412,-0.05427942286258336,-0.18341915071944292,0.021895571649246826,-0.03637831465045949,-0.18667828590356805,-0.07315599112144522,-0.04836006065745835,-0.3596717938371823,-0.040953731472153976,-0.17064502713211915,-0.19001713977361412,-0.09731168159833903,-0.007670539526811737,-0.5892383866714148,-0.09770652834384208
2022-10-23,0,0,0,0,0,0,0,0,1,0,0,0.02166149678117879,0.016602078182525126,0.028219269136852354,-0.02178854598461122,-0.012671126895493323,0.021633838084047063,0.026380426680104208,0.05497596464369092,0.05859132851689708,0.0477289906425824,0.029003706198425405,0.03548810147634551,0.039497075390560354,0.051293294387551036,0.006318368529073304,0.07385678529449802,0.008599891755297406,-0.008093443872019712,0.01941233070984172,-0.005681833467431119,0.018719179318812174,0.05339356177521015,0.010535797271297831,0.028651761804047382,0.06175420216715022,0.02390940924883367,0.05152315302550026,-0.003568600139246314,-0.026201064642918936,0.0019416372955021188,0.03725663189471806,0.005412200472783013,-0.0025306987096040956,0.018132148323415365,0.03763271894788822,-0.02477171295559355,0.0014486457697833188,0.00939294754936082,0.02386600180042464,0.02712579655508751,0.06314187286584971,0.08562338957209992,0.010727044725585166,0.006955619268227409,0.007466355087577092,-0.02636423023930412,0.06315621111149206,0.02582115350689751,0.021082823046677746,-0.002543059976471085,0.010816763117122541,0.016029261843237386,0.02030214301999056,-0.029471134851565495,0.0403749672441478,0.045833351022833035,0.0221000010817054,0.023819447480026845,-0.003995783362315208,-0.03480464936191474,-0.006019170019801123,-0.008081031454967302,-0.004771651862109039,8.947344881349295e-5,0.009782022162466042,0.01963986705117282,0.030960572699110678,0.0524126470811872,-0.0021191376324267708,-0.025084261461684854,0.10591429206125191,0.008706697327177437,0.07208721623242198,-0.01878194542673839,-1.2134449717571272e-4,0.03435968185811067,0.0788849214326044,0.006365616231784443,0.029107387157716325,0.022726808164603263,0.028014011145476303,0.019940937826806504,0.0405136078008681,0.03156446771630428,-0.022582818929951287,0.038122449478247944,-0.06830648255204785,0.01448370722012804,-0.005347263185077722,0.03160494627554211,-0.002817564672145778,0.07919272887183215,0.04097575787875041,0.0705672100980621,0.001162452906257272,0.03227560532921281,-0.047550667304053995,-0.0031919551210117802,0.01117330059812538,0.022804282809804732,0.01815814373037572,0.019424269365067026,2.72442448217447e-4,0.027497249457222317,0.00926968440362419,0.0184202978513186,0.011738001348978955,0.031884690034405416,0.03813670220702292,0.023865482683826933,0.020004115922144905,0.09265282261841001,0.0024133781753370442,0.015975534395747282,0.022411867482942327,0.04997677829303804,0.05426940706683325,0.04950998268107032,0.017508395504055585,-0.07808597700735209,-0.0022638671472314797,0.03273154097194286,-0.010752791776262427,0.03463803866618509,0.009369085601981908,0.08566663924535423,0.03853674415236963,0.0046922369642103945,0.03940153018846093,0.008289068417716372,0.07485095366643346,0.021678688714182215,-0.024470219996298503,0.029507822597354405,0.007410490890484844,0.003675860446433532,0.26025356096544083,-0.00371048311640898
2022-10-30,0,0,0,0,0,0,0,0,1,0,0,0.0052383566615894495,-0.023283617516007382,-0.03772171623324905,-0.04005424016392389,-0.007211447635554258,-0.03436727028513964,-0.05814420037914392,-0.04221631097809819,-0.012578782206859707,-0.036337492356486756,-0.031459085654709895,-0.02530989656058935,-0.06374335902908967,-0.03436142751731097,-0.048899181739538555,-0.05800954081082654,0.001871408111998818,-0.018286870228934937,-0.02903501810198872,0.01095590860468132,-0.025588910938445508,-0.02647762895899941,-0.006145903220388327,-0.030818609889137427,-0.015684399383022907,-0.06730673354682093,-0.05181055064207829,-0.02758656764054912,-0.0404933672943244,-0.028157836691807603,-0.03079248527482914,-0.06546962828133651,-0.06103773342707264,-0.01959171204036636,-0.012670872044102666,0.028140846485755766,-0.0652979936625071,-0.008706841175961877,-0.00861278778428698,-0.01778160438600196,0.008090870184118693,-0.05443692982091619,-0.06118446221698903,5.330490531330057e-4,-0.03857409172758253,-0.022812572248135154,-0.00899146631802239,-0.044670531585810025,-0.059904864984643424,-0.026030312467584693,-0.053021805323574256,-0.06139462989383748,-6.091989222829497e-4,-0.013636574949545732,-0.04368830090892395,-0.01979065197187957,-0.028450438375595688,-0.04999025481209163,-0.02450943767764535,-0.040189740513734584,0.02010390990154054,-0.018311162845582984,-0.008233322667256182,-0.012695439048433954,-0.01183204338062005,-0.03912347657449455,-0.020913625303505157,-0.048045266985746515,-0.037266810154409136,-0.05277632563488943,-0.07524398645798147,-0.05135216813282106,-0.07024000631279126,-0.019591009477169408,-0.02227154234972417,-0.02458825370957385,-0.019736144163227998,-0.08837177894912784,0.033409534099994254,-0.028005903666891818,-0.018705082941251838,-0.012714998220305418,-0.034923097083983556,-0.026859683690982905,-0.023104608814399796,0.002093105148063934,-0.03800049691313134,-0.008958831288158109,-0.015474698251523478,-0.006793679653220863,-0.03785789896646374,-0.06610961336961196,-0.025261039797166873,-0.04241001012188139,-0.010217575389317446,-0.03634134851833437,-0.04421805507532017,-0.02710299439868269,0.0749013081731178,-0.028569249336305447,-0.0642875864043777,0.0011556444002964739,-0.017310502314319187,-0.03166175313346198,-0.016294946129074006,-0.034000930557750664,-0.04684320114923857,-0.04038298083061154,-0.05736259443839664,0.8395249550818891,0.03670905762588195,-0.04331323452228908,-0.026784589193249886,-0.017471522706842713,-0.041857787327014506,-0.05284561094648854,-0.014709924583991452,-0.04152094143396301,-0.014788021749698288,0.0018322214260617642,-0.04322772320299251,-0.03612482553092278,0.011639440176949734,-0.05454819862551474,0.04588215116867822,-0.022277287431823112,-0.011420434931429746,-0.048299545267598276,-0.03370859747202104,-0.034866062328501535,-0.06667325564351145,-0.05687407127085642,-0.025207080318869757,-0.05914792454051643,-0.03279893780391774,-0.0342696808931926,-0.3674010114552022,-0.05558767689042021
2022-11-06,0,0,0,0,0,0,0,0,0,1,0,-0.055868447753027795,4.654410137545639e-4,0.06398874692384116,0.022340673499915198,0.003256668866515433,-0.01049455757431872,-0.023724631237934446,-0.0019971016462179136,-0.009258808961365439,-0.006635162339607703,-0.006640760577560023,-0.04003116806543705,0.02924249257608036,0.013931937116836934,0.003935263726597249,0.0627570479823385,-0.016970104218462012,-0.019403163713385574,0.014101643819828702,-0.04928812769684754,-0.017617516390842525,-0.015649944757630152,-0.08159864388287907,0.02054971868562383,-0.001977960520540556,0.04979655854001841,-0.015205564126063997,0.00848776410181351,0.04194861858194976,-0.12523877891555024,0.010256500167189486,0.00813945848164721,0.009115833408010587,-0.031016510045265733,-0.06951926187830981,0.04158689005685279,-0.017248972960380193,-0.05299136369381596,-0.03670714122260854,4.0650407063846927e-4,-0.14057459377619708,-0.00914919465358821,0.02342214968927614,-0.02345437073537049,-0.044329539329933,0.004470529937834478,-0.027338691675875992,-0.00836957116240189,-0.0070523413163012805,0.0030838596376945304,0.019769261152802642,0.007149136811008816,-0.0012195123462612756,-0.007464863834520941,0.0029089590613438077,0.031210687864200004,-0.009987918359595227,0.003537113868764763,-0.020017870711763308,0.04199512103660297,-0.04090044479122934,0.004665814448488348,0.0020646944705715597,-0.015524008225709096,-0.03977083365996403,-0.03046600632845209,-0.014870162479451388,-0.015239866178154315,-4.834680870944297e-4,0.0049466569668714655,-0.02047992938865395,0.031155167779795434,-0.030788136524632748,0.021353124470569362,-0.02646704860924931,0.01830670645365373,-0.02517819229600171,0.03229272917401893,-0.040870811702138354,-0.006086130796647993,-0.00596179216289805,-0.033849641552405885,-0.0200331550717765,-0.03098436610314792,-0.0212606433275484,0.012314478715208743,0.11793914513695736,-0.007928501014499822,-0.07177846672242083,-0.07384913948759486,0.024603267046420463,0.002094241603114888,-0.010959013789719307,-0.006965321783643397,-0.0303866095682368,-0.008131929191628195,-0.008254015114970592,-0.06020787609681921,-0.020082489723529662,-0.026775063344445016,0.02575930023524453,-0.0019969526842240626,0.029628762982833123,-0.03864358881564467,0.00586852359762613,0.0015888781892803294,-0.009204409125798563,0.007046560563019,-0.007609860314142125,-0.7958109940759117,-0.058282074767601166,-0.006483004878078624,-0.01640404083688729,0.0016318763395686275,-0.039963981541159654,-0.005334484004012374,-0.040367345728610005,-0.0475516931966764,-0.05846347617038106,0.03519952345062549,0.017205846772253786,0.0020373521478447287,0.08356593308269389,-0.03110020897718968,-0.08680720268038655,0.0023731059258329523,-0.022347298691996365,0.06331548274439314,0.016558497326665034,0.01845616243270598,0.06120678172866523,0.030242677023603726,0.05894067163280159,0.037323706651406496,0.022906029420178164,0.030928548483357687,0.09046848390520523,0.014758100281873965
2022-11-13,0,0,0,0,0,0,0,0,0,1,0,-0.015366074526906637,-0.03427067677315687,-0.11369641730053015,-0.019897382946290065,-0.0408558635487255,0.004344442613463784,-0.016235416374308365,-0.03457555679293822,0.01942239622979791,-0.01872954885990641,-0.009948427180889396,-0.025351591197415146,-0.0303586886959879,-0.036258445896098834,0.023415581806737862,-0.07890572426934739,-0.045007596057436317,-0.02783284348708026,7.445462334860764e-4,0.011186457540715011,-0.041640851675444956,-0.07125668650216266,-0.04445176257083361,-0.05170880907238384,-0.04660756686083367,-0.055485738612179425,0.026992677771542795,-0.012425683119102082,0.031667275343979284,0.10268767886330288,-0.03954729708825422,0.09335251948089152,-0.005309254405933217,-0.01351371916672317,-0.01901314558025824,-0.0645519647985493,0.062269414755493635,0.03917898940620379,-0.01297416235062876,-0.0376328665443042,0.05088932349788422,-0.04347344067264736,-0.0331922253694934,-0.030183656451194807,-0.06458537161428346,-0.02930737023459784,-0.03640651875176282,-0.010120817951077221,-0.08840907529401143,-0.031091833673814406,-0.011184547863633654,-0.06264731468128826,-0.05776872817076395,0.02222947048856483,0.02138963363042201,-0.04670966926130582,-0.009373957511974673,-0.026777996225949785,-0.04123838586171047,-0.03263350988417013,-0.00618326871653796,4.5183445554464186e-4,-0.059851459113085426,0.026652504952771494,-0.0196232711841402,0.022409901399583987,-0.051418743540485146,-0.002345277947947366,0.042447667186126026,-0.0262834727132919,-1.0346076259803993e-4,-0.04210688298312881,-0.014239013849469906,-0.008841790581461062,-0.048022796060974926,-0.01869573583027684,-0.031140497093360864,-0.08176467011175959,-0.042496905035762644,-0.05390126832116415,-0.12397964846090037,-0.013736901141454538,0.02809491625354088,-0.051153157180255704,-0.003188524024626993,-0.0736314721255873,-0.16528859798080653,-0.02416979482209136,0.038561649108379115,0.06518282300656786,-0.027782919963800445,-0.006717069755943328,-0.03520064407808654,-0.01163649494080854,-0.022637858739983585,0.03386196261017549,-0.039335479062831524,0.02763038722284339,-0.09945097247035672,0.019650799801402385,0.01676016885746545,-0.04497315522718193,-0.04879689095110429,0.0023467832776136177,-0.0659798886268943,-0.015600316379549284,-0.14217717558679155,-0.061154423153330306,0.0188035808482514,-0.013958352250707406,-0.03425053091495833,-0.08055774543176675,1.348223717307917e-4,0.014702180117706298,-0.01579060088532014,-0.0027852187260624106,-0.04400880355288095,0.009665857026228686,0.02468581420883975,-0.07766818330116543,-0.05307693034523098,-0.025422186670256863,-0.05405039972679582,0.02345374260338673,-0.008483613977814386,-0.030664672027636897,-0.014979309440374067,0.04290857033880968,-0.026739264345303937,-0.018294898120148062,-0.02494195023694168,0.010259098274986833,-0.05734263810280549,0.057906780191206764,-0.1292403008679095,-0.05291512600208215,0.07659908884460886,0.0828528873170793
2022-11-20,0,0,0,0,0,0,0,0,0,1,0,-0.31713615246892957,-0.209916383091878,-0.13251338895474163,-0.587403944713742,-0.20966055536037764,-0.2459379222440834,-0.44541511258536826,-0.4019333015515407,-0.5218408579116627,-0.24848356277112416,-0.33835826708732686,-0.2662908824704635,-0.1871130040638853,-0.18269792111905936,-0.5895456367289977,-0.45174110051657657,-0.3690517945380618,-0.31412482772952455,-0.3184165183545522,-0.3167231841020408,-0.20864510659755098,-0.13288178663897998,-0.24059340934626228,-0.2165318253125914,-0.20210403315966463,-0.2577070762309859,-0.2970767259867557,-0.39263462814095007,-0.24807008471657355,-0.5411022465325326,-0.5044177948977113,-0.20419002641837558,-0.3633791821816228,-0.2670259532017596,-0.3977549696821967,-0.17183681326568134,-0.32616508915337405,-0.29816801264292003,-0.21009817403690256,-0.6470156792941788,-0.6432338540972964,-0.156759675471271,-0.35020902754539573,-0.25043124877749356,-0.2787267887226763,-0.5781302746949573,-0.27593646032928376,-0.2526082450485765,-0.49453379662431196,-0.3264801762424945,-0.2824843417631815,-0.27868877876188236,-0.17395330712343782,-0.3468984416766583,-0.4171035645014163,-0.2804528996629658,-0.6751240356440604,-0.3916287302799679,-0.5109216542763289,-0.26374426953516483,-0.24545142859308733,-0.497230959855834,-0.12419038023138373,-0.6548643629345534,-0.19909914740596513,-0.3052312849166601,-0.3351253771787288,-0.24971308728141928,-0.5677598923103861,-0.5305341753021686,-0.36759832953571703,-0.16036206020144306,-0.21997703114925837,-0.3287754675239052,-0.5657336552106909,-0.3589008769668869,-0.3153065148900893,0.005955363575797179,-0.17551449272483666,-0.2007773190732891,-0.08168650271877453,-0.28836874418102276,-0.4505200999685375,-0.24016660571434922,-0.2934203947301768,-0.18270038523038235,0.048753561618229746,-0.42277700332869905,-0.32160536437191745,-0.46315101970055395,-0.1934563222769512,-0.17694429631564113,-0.2773781225974279,-0.3389625330814141,-0.24488183791941953,-0.40438933793234,-0.3059739052334196,-0.3339866404934675,-0.12069182640461484,-0.3292455193103434,-0.4006291746767481,-0.26824705638101953,-0.22955621434091,-0.18030411969497173,-0.2239337528567109,-0.6182188579122627,-0.6513497910567008,-0.2026030632132052,-0.3525942309533958,0.1929741209101623,-0.23545042084220924,-0.271251008855792,-0.21912968802477906,-0.27321491345322624,-0.431092963799113,-0.5053340434421854,-0.3978293910955468,-0.279899581924524,-0.4915539758072791,-0.28034209114979003,-0.26709059725103845,-0.27750184477942597,-0.2786510635569197,-0.3709880389304585,-0.19319192736731683,-0.2483058586964919,-0.5602196526880725,-0.300339381834668,-0.48088006067444944,-0.27436046641917944,-0.5767569185169465,-0.41413412813431094,-0.3258429367900506,-0.252943590641042,-0.05956453023518904,-0.3646713426384274,-0.23865643132268133,-0.18018520287064277
2022-11-27,0,0,0,0,0,0,0,0,0,1,0,0.3022138769310265,0.16611232295069023,0.18473047093685668,0.5189885144266926,0.19666367485144587,0.20850963275136536,0.3142121098035515,0.29441945296587324,0.47296275846253977,0.2417500181605048,0.29794476439690776,0.18613555584303842,0.14141165404982914,0.1625048130796749,0.52895968990725,0.305248690718364,0.512796553204204,0.2608717425646292,0.24588743970183646,0.23502023873087463,0.19361166208308944,0.1587590502606151,0.2114651364232385,0.19259020942596727,0.20225219228283375,0.2540697638290519,0.2556805070236887,0.3372741178340606,0.07204507042392017,0.4687225643251809,0.432063958670148,0.13593054428756624,0.3300969692096558,0.2751836202866782,0.31585294941847675,0.16319558429560477,0.28607734670324536,0.25355028611749564,0.17906720178303104,0.7091874994869647,0.6477728689824591,0.19707687996248158,0.2715119743780292,0.1772527552100076,0.25252441632865263,0.4734521287357838,0.2598197997192546,0.23849226151320213,0.21794672849751873,0.28220609569903576,0.22341205174094814,0.2406913955291019,0.17459951070004465,0.30956996192272435,0.3271595620227403,0.2582734791268635,0.59397653500681,0.3351811798846578,0.3365114338617321,0.20186093563440632,0.21307501527688633,0.4065538398433608,0.11244281488143315,0.6094936783513898,0.20062237694648655,0.26371652971750414,0.2852987595237426,0.20106640355650107,0.47455892953412704,0.4917996661210271,0.25131442828090655,0.14707979572849705,0.15282432195835938,0.27401726355005884,0.3753184747385161,0.36259055976232535,0.28136748125259814,0.09956723509330878,0.14751559845445872,0.17944095966551377,0.15405809152109562,0.33014580142927663,0.39374321870577855,0.2174910657447926,0.2593123381492699,0.18014463133500147,-0.15175400964379193,0.46583431295500954,0.27533835859074784,0.42473423085464024,0.193946158191717,0.1281751934239974,0.2862165639721761,0.352044114978904,0.19182826664874586,0.29936894387126234,0.17622466537764225,0.2959417064291987,0.15254425377898428,0.2975705265421391,0.3215606512010547,0.20978664758455512,0.20857193140221764,0.18012379330371608,0.194802773091161,0.5182414843931458,0.2046486492893944,0.16068115040523967,0.30024822933653805,-0.30146313073976927,0.22674683008797736,0.288028752989141,0.21444520578593718,0.24772027885383796,0.3647128936064288,0.4316715680659797,0.32173504700279487,0.26721961109426573,0.38389446948232386,0.26909214399190784,0.27685471062594313,0.25260624243933893,0.12167730815116684,0.342966280192865,0.178818624038521,0.21133119555691948,0.5740088400004693,0.15892313519546875,0.463068029259496,0.24764209943057924,0.4259072595949558,0.3748126034481052,0.2555683289896882,0.17875213623377206,0.08408849712677657,0.2519917056518679,0.10537935141940391,0.08152936929140253
2022-12-04,0,0,0,0,0,0,0,0,0,0,1,-0.06541969893421662,0.02445206807497602,0.01566611674439944,-0.022068860836543358,0.004066351242534516,-0.010731272680948756,-0.03388575937600713,0.0669838675001051,0.021127948586523893,-0.008829274038171242,0.018250853740111594,0.06757654442056538,-0.03159032428759012,0.0023969330747215523,-0.0032927260569755035,0.09080483203030365,-0.19834889270099332,0.01513677838589178,0.004630746798009788,-0.010645193137395204,-0.027093770462260025,-0.03236221489406699,5.68235643664039e-4,0.04763566383058038,-0.0026702285558792838,-0.07567087947889561,-0.015816503991844755,0.038149448980070666,0.0827878237793982,-0.3930887918729926,0.08728079702501557,0.02623273416545402,0.031197916419300142,-0.03403451524386014,-0.0070814661127833745,-0.05622716660306537,-0.07634206308598657,-0.03533805863947315,-0.004624803111202169,-0.023624923218726224,0.006770124589309923,-0.0121920407653624,0.04943274631827954,0.030679993756933754,3.8468936808300214e-4,0.06126192984896761,0.018053690763883523,0.004215311040718817,0.024916062564471098,0.025841231183886926,0.0019072600846570253,0.04402532026704531,0.03927040382883629,0.039018145039060315,0.061876978830058604,0.0327805238277481,0.06246272064737379,0.05081031770657507,0.0205612907405035,0.025446665661164047,0.018179695605955004,0.0496894765621585,0.0011072154664999445,0.022530157516689187,0.017245523326293366,-0.029300115445137997,0.03451171888795557,0.02274671591128108,0.0114100667380308,0.041047651747885716,0.041992856910437304,-0.03233585262813676,0.04723700324564106,0.05164501489062001,0.03433540811373437,-0.01898110013958032,0.03252499087182592,-0.15022874122039553,0.056248554375271986,0.0103093696588612,0.00646056700294384,-0.08498153250693719,-0.020813944448294208,0.014489257363504038,0.011090686694158691,-0.00463346849154167,0.05262370692291718,-0.030431117202539326,0.014468915352756184,-0.05302760267143025,-0.01679051791299102,0.15572901280430074,-0.008204526931967493,0.00743319571639578,3.2621106144770096e-4,0.03810630186112007,0.029936231949742265,-0.13681787744200946,0.03553472964006321,-0.018815591751967453,0.002910483947181852,-0.016231831324240886,0.032221934560688226,0.005754376605086264,0.048247858413595246,0.04869468814179889,0.07767216994429127,0.013066852585897237,0.007868424000497143,0.06540542369329572,-0.0031007776782479013,0.02465034091027718,-0.022371276289778308,-0.007029663682778242,0.027051204478887314,0.04272318841474387,0.04990601348391088,-0.019956316383459516,-0.0342984641199191,0.023992426743221884,-0.0013504390978713587,0.03864125934850815,0.1151781258192166,0.010912767767541354,0.1786053545845423,-0.036444184279668335,0.022955687237541156,0.04183925111141562,0.03685810472315598,0.0366663030174621,0.06219343832986102,0.02023940389189871,0.06386709404147872,0.047452628611711845,-0.00030670142856603633,0.03263692931302309,-0.12018038063246461,0.03977605569489029
2022-12-11,0,0,0,0,0,0,0,0,0,0,1,-0.06505746250884314,-0.04170612444670141,-0.07079209936291786,0.01754977544845371,-0.09963390922261084,0.03230622059802801,-0.03808432249143934,-0.0183105189373709,0.004510098974324528,0.005700519712299901,-0.03755510674689155,-0.07713895638051316,-0.08062605024290637,-0.07298523476550844,0.0022402328668045257,0.01403198631259528,-0.0021030501967791437,-0.0797664645778573,-0.020440077516968636,-0.059074026665492774,-0.05520372959836539,-0.0035605481024134633,-0.07426821105570003,-0.07115836509440943,-0.048857011323439004,0.005599118771050904,-0.006866655918595477,0.03910641678266824,0.07352554821781965,-0.600743869913428,0.018992283573799895,0.025297444948382264,0.012101146109145589,-0.011607209200726665,-0.38337585656169093,0.022018821699870017,0.046479780662649794,0.008438868645864517,-0.024714108148501168,-0.0292532961775116,-0.03301007011003598,-0.06386319366695314,0.08098193336724702,-0.05424650137962761,-0.4091256458628951,0.0019768179678596454,-0.03453978291856252,-0.00657389860883395,-0.03757815829733069,0.02573615003399965,-0.04493906826733429,0.0416124459091316,-0.09916854540990538,-0.02507253843904511,-0.0013704974827781768,0.020050935492774258,0.028830590630799513,0.0203972054521655,0.12015880183943661,-0.13027864008047096,-0.0025769520345058083,0.011138786950326107,-0.0987835602316327,0.0018776768128052623,-0.032583247310002506,-0.03966800632333989,-0.07401278178691495,-0.021651725383039278,0.03681464646920496,0.010057556044041682,-0.08400686796933154,-0.059521964300367713,-0.02449218254418195,-0.11256283165447378,-0.04506634597901993,-0.008929516620816536,0.0163026552594161,0.01747060812288126,-0.04895336470104006,-0.11565432583668489,-0.10342025464576299,-0.07294531908016744,-0.03318449135444812,-0.05057701522429969,-0.06453852113757108,-0.02324027580323129,0.16989482661475908,0.01800178519167961,0.03382251921886947,-0.06562638016673006,-0.010513238259802549,-0.1945075415594859,0.016965534158297046,-0.035253437927471154,-0.0553182753103556,0.04030014593658837,-0.23865060010010364,-0.08883924580287239,-0.1289977419111814,-0.031101195863824316,0.011804173547959707,-0.02351638063339312,-0.0074308088152124085,-0.0395004725620165,0.0034979182712362444,0.0030718736088815035,-0.045565141791431785,-0.013469564182721605,0.004738783894508991,0.005852859517252895,-0.028160438062990067,-0.045666876271935664,-0.013760618787260981,-0.005270104424236699,-0.1422481843324599,0.019069070969351287,0.0020733010956721643,-0.020362694518884616,-0.019303378769715884,-0.040687305315391775,-0.04194875520284569,-0.018628819833493182,-0.04820843133240338,0.04219841856374007,-0.06874762000614609,0.008922569135844327,-0.026683974309136715,-0.017096872317262424,-0.03069581202862004,-0.004961597886533831,0.06515796522943784,-0.006571765163235099,0.06224124321256319,-0.006552473623592903,-0.0728345973029505,-0.06229842245110895,1.124527318394689,0.03988143336231964
2022-12-18,0,0,0,0,0,0,0,0,0,0,1,-0.25928052162805937,-0.2803380981960224,-0.17084109998329833,-0.5647889583888954,-0.38370038399819606,-0.2609028822140056,-0.38887025470534375,-0.4153910127515834,-0.4404961626316197,-0.3077529181960008,-0.3125141647829466,-0.2207443621962275,-0.2996992338658959,-0.10013767746584001,-0.4943330065109004,-0.4099276434046093,-0.3869902083803476,-0.2988150293213332,-0.32332329178470864,-0.26050405204839855,-0.2165011442045799,-0.180883742024327,-0.18179140976769315,-0.36056161181938506,-0.1492751514971582,-0.19276111952933217,-0.2756650188690344,-0.3859544735761782,-0.31827039214108943,-0.4743127257637907,-0.5765620572569601,-0.29143532679446515,-0.41867463335336375,-0.2601039209984446,-0.587687364966583,-0.21120344405404978,-0.35375206659229264,-0.24128089929132823,-0.17259774855218524,-0.6409135946127531,-0.29511921938174,-0.1559525675545821,-0.3902373659021814,-0.292130892577104,-0.47406513758491453,-0.5748722119294793,-0.3513423991006652,-0.24099181570324824,-0.40978731522984546,-0.4171761294173013,-0.27678008142230404,-0.41708737949094843,-0.20732285899937164,-0.3440600977543724,-0.3940218808858216,-0.3580978085141453,-0.5361989369146105,-0.4081787330568538,-0.5557605406146715,-0.30440709784639175,-0.3893965078419628,-0.493035144330201,-0.2271213218709569,-0.5367505412082272,-0.24045976027843619,-0.26078155523189395,-0.5078512947103917,-0.19117044247703951,-0.45745609079349414,-0.5495699195686692,-0.39551477725499584,-0.26150503485713195,-0.3086097377284762,-0.26826398659467987,-0.4783917971758367,-0.37185261554708404,-0.31716948436668435,-0.1591488888224628,-0.2145820315062208,-0.21608898505980356,-0.15340281291270497,-0.2540606828606924,-0.31893650178585276,-0.23087397565233392,-0.23906483190241712,-0.18768349993534006,-0.43184152923325403,-0.36880848076198003,-0.33675990551630086,-0.4464717107663434,-0.24708154180865272,-0.4306060970662662,-0.2841576570693558,-0.27709735824569837,-0.10839087912683887,-0.4006132276792851,-0.4462871026284194,-0.34281089127789244,-0.08180949258542203,-0.2625162273888302,-0.40141129750785876,-0.2128170608062785,-0.25874010508342415,-0.289611433560621,-0.38779380515488615,-0.5686997570122605,-0.5681250349738916,-0.17776696084276633,-0.2819858420863124,-0.35566312943107903,-0.2169620199699951,-0.22980284340418677,-0.23802221675262558,-0.24870562332951796,-0.5626942921625098,-0.44419961728930524,-0.482598672842828,-0.286539867873004,-0.43733406418681753,-0.3406898725654157,-0.25224093240567314,-0.3547897202032262,-0.1648287103351791,-0.3508425314848189,-0.5205004411509693,-0.22611697402637354,-0.47027260311206387,-0.3012360362055304,-0.4361354493821006,-0.31311302413383046,-0.4983797123482612,-0.35769125113573974,-0.4899242795360905,-0.36104459628763763,-0.1599410839619626,-0.3210506722628397,-1.1052158511646972,-0.29700630797748495
2022-12-25,0,0,0,0,0,0,0,0,0,0,1,-0.20250367081870913,-0.0736494573169022,-0.021274020291453866,-0.17411629007397078,-0.09055957704572659,-0.19517222678057689,-0.2669035038670353,-0.12518459550632421,-0.2866340374213543,-0.11937049506307407,-0.2308801952497488,-0.13129557923835566,0.04823532316758161,-0.08305987454039432,-0.2878259469934292,-0.1680591098733899,-0.23955291655495525,-0.1711885999244016,-0.2025196790482351,-0.19704341831222383,-0.13376023430521933,-0.09078551414483815,-0.10813670752825821,-0.030756634741151423,-0.12605693838268195,-0.24418255533770328,-0.15728109399945378,-0.299452150469647,-0.0076426125412307755,-0.2226768068483267,-0.12811014981223234,-0.3040481995349946,-0.24631111529563476,-0.1033061681242291,-0.2045507182375932,-0.017060964797035005,-0.16890214711975382,-0.20594034632888825,-0.10652492535779778,-0.30880302867925913,-0.6311000507601463,-0.06378575912978857,-0.2956525376559602,-0.023925590360949656,-0.1341960652977141,-0.2086541778614892,-0.14194910150356677,-0.19729161494189462,-0.09050779000801157,-0.19767908097658893,-0.08965836478427924,-0.14696300551233943,-0.11620200765906485,-0.2692663359346694,-0.20938712498023726,-0.1361501033435939,-0.40222788270832144,-0.2614240991977832,-0.2746829091756604,-0.07498091333157397,0.023422233423119998,-0.22939255642831746,-0.03324981618675338,-0.4116668000814201,-0.13767201882939784,-0.20145624145698537,-0.15267549733134533,-0.1425149832369934,-0.36931483128516174,-0.2488583579936181,-0.14275471508507387,-0.017399276604971092,-0.11577328031703793,-0.07160383902767187,-0.26254890501244077,-0.22865160988393463,-0.19934804114338256,0.19304587688248276,-0.12190202411876871,-0.09366996524392501,-0.0028585059959640446,-0.10050730045460377,-0.25707469147743556,-0.046325538777026054,-0.14698219034864568,-0.10189607942259826,0.11747175160717749,-0.2027413958026978,-0.25148527084989425,-0.31331416807715406,-0.09524574889034998,0.14460842896342996,-0.22511154614897677,-0.15774839425568565,-0.13556408114202156,-0.18499453052484505,-0.21978799563311746,-0.1387722399120177,-0.1811727915900816,-0.1945200195410477,-0.18283658458005103,-0.15167552386644179,-0.12383943565217237,-0.07931616711618439,-0.08527656848454246,-0.2766609714845192,-0.06066930822953864,-0.16530595980979879,-0.35452834859722326,-0.03943489432757463,-0.130468195183699,-0.15481905458757517,-0.12247838651801679,-0.15839469432801856,-0.11732678841614508,-0.24591265957548636,-0.09905107930057788,-0.1970412337864209,-0.36379241170759613,-0.17407165732181262,-0.12091633976605642,-0.11220368131284442,-0.21261236360237312,-0.2922997057766157,0.09840342002712799,-0.10051678658670404,-0.3068345046665364,-0.051172176245184886,-0.3245429702486726,-0.13588533184996443,-0.33137343653718876,-0.22042032607307593,-0.08091995270638108,-0.09494552147884328,0.016129381929883557,-0.1297727413123928,-0.45722235488475427,-0.22400720152971942
2023-01-01,0,0,0,0,0,0,0,0,0,0,0,0.2590639314388339,0.17571185723851368,0.05037824170817551,0.5346137062821743,0.39715261378320577,0.18189083919693783,0.4234370489208388,0.340164484503898,0.3863512565868623,0.20910444384061488,0.16247499952214906,0.15317430061416282,0.15169704505367143,0.10334797530828777,0.519992115907276,0.26530470478313184,0.3767313265389314,0.24354444365964234,0.21168892589071397,0.18459143412002543,0.11639190810995714,0.12783337150988405,0.1545010447943458,0.24772732694828026,0.06770472363777369,0.21950686880584502,0.13967057599081834,0.322272373055986,0.08768848589875233,0.4383602946996632,0.4670798088727173,0.17036955861276404,0.3367083362563541,0.1591134691693874,1.088325643957834,0.06233228099808308,0.2772970194041875,0.18163986031724644,0.12430758467988845,0.6753595442316094,0.2176995593505735,0.041275149620339846,0.393177557789838,0.17671253928402209,0.883855456121001,0.5863736694814055,0.23396251256282508,0.19521714059562267,0.6350754725187215,0.2990282488390825,0.17977263870353433,0.29941299532747934,0.1436694023596754,0.28541525369326415,0.2679370471832083,0.2593600666936098,0.5063125793593661,0.36393185301025355,0.5049686614494409,0.2632548686528242,0.10989754138239327,0.4234813314723427,0.11795910749414862,0.6688767561802607,0.18135428281881172,0.1862431304471368,0.2636474375802731,0.09050666191827172,0.4340714323099828,0.5113655034177018,0.2423923154004397,0.07625409086842705,0.14345335972786977,0.21639816317467808,0.5629416249050045,0.3205656643216779,0.22576083764416577,-0.13222140377362734,0.18607886421386954,0.1689773502428027,0.14600692224433853,0.1216528562276773,0.15268525674520728,0.19001617895499745,0.1887113548927255,0.12667610842108523,0.06069787384005476,0.3091120394073359,0.27006667589548794,0.5067677610082448,0.09974591720496218,0.2238776759036467,0.19421700120684804,0.11642295384182777,0.12552538679982117,0.26101263296499777,0.3443310763472205,0.19666386072723618,0.1588958413121624,0.11411330676742093,0.32965736104860444,0.21806161625542408,0.1755245599358899,0.16682580021976,0.22333751892222775,0.6072994791257011,0.9952615131935785,0.12153924357925838,0.24902854262333118,0.23005033752746407,0.1740873943250154,0.1650119192588626,0.1501245187906619,0.13813012012254777,0.2454478883124196,0.44977883492751936,0.4030388912665597,0.23530287577412867,0.2823880649055637,0.2609186552529641,0.18484259516117696,0.2369300818369,0.11813609452280893,0.26273665092130827,0.12761603361474982,0.10979452046494131,0.41075926989825895,0.09737979134468766,0.46729182514935097,0.23294951341947634,0.21099117918352484,0.34391818970802124,0.2812631184293517,0.10997438861677722,0.04579247831651578,0.2809545122387247,0.14633415744682576,0.1897507265273095
2023-01-08,0,0,0,0,0,0,0,0,0,0,0,0.312250632878059,0.1531888638446759,0.19032524675106455,0.23095437141103137,0.17235317216922041,0.20529222407377734,0.30264523328299475,0.15759289660633158,0.32078054945572365,0.14643044028915853,0.3038317678422606,0.1473000099789532,0.14901779331979537,0.10978585582351474,0.27277250165457456,0.25288866831979195,0.32844228900204087,0.2341717370899774,0.21724909823793404,0.312578401411467,0.2233879870084694,0.09654692067451354,0.15261483765029915,0.2673529908133556,0.18411172414116006,0.18393949312285862,0.2245638619922552,0.2449751482386544,-0.008660705400357571,1.2787406601964149,0.20923092914756936,0.19601451577804063,0.19876958483462737,0.24469188752041315,0.1700605820918959,0.09716374845364761,0.21130266558936217,0.17515189922818397,0.16062261711047654,0.28651244144018406,0.667594800422834,0.15981394915652025,0.13810835677643762,0.13779427652227483,0.09030265807370252,0.22028231903317774,0.11476728304447192,0.22291509618907135,0.13709422328269572,0.20106373860369509,0.15464383463425513,0.14081847558458627,0.14282713349800336,0.3264675533555712,0.2394127679457707,0.13223369110404626,0.40361447968838515,0.20348192313281555,0.21372823379610573,0.14306787244101304,0.24076515266402865,0.23539405069776365,0.20361130999565802,0.27030147638759683,0.16856245848856233,0.31292343426560443,0.16373059895350117,0.19612443828753356,0.27277291726597763,0.238662098089077,0.2970885641259269,0.1779369443558254,0.1782404390264869,0.1635336429283223,0.2827382311577482,0.26082136757608865,0.19484662801959196,-0.03301558951799066,0.12896193287882785,0.10482302572282176,0.0841728851604513,0.19484559564071446,0.4080621199860248,0.11173754477710496,0.18285220153975779,0.12836070497262408,0.032785097047904443,0.206068907003651,0.20831869165321937,0.3536930628828623,0.11927860264810519,0.1799541121190762,0.2463930532040859,0.32409832283940077,0.1392387841753795,0.1689449183422127,0.5814213165609825,0.4680214238950944,0.26138435258114256,0.3010307154405778,0.22722117968893674,0.16435841720675537,0.1510548171388839,0.16000435507871913,0.16338055284937436,0.24196688583417458,0.11917826326970804,0.22233893815560712,0.33233443720833744,0.19825426255052303,0.20533223612876572,0.17324165829208749,0.19575869860030082,0.235818771414686,0.19653147066853283,0.2365268138157095,0.1485918421156338,0.22588653557039517,0.4589388827076393,0.1802096235908106,0.1837948953049331,0.173069433644792,0.2189581145555497,0.23853047635083247,0.027023821119156466,0.1395846346362548,0.3737905635142811,0.06899699816779936,0.2553574350822121,0.18268658691299233,0.27924892985457106,0.18436195742022754,0.16820526863077756,0.118559119116048,0.18335207851095348,0.2248778228732755,0.27771702808197585,0.13995882425897044
2023-01-15,0,0,0,0,0,0,0,0,0,0,0,-0.11577876501898743,-0.05225511462343935,0.012285474817037567,-0.06517351606223798,-0.014259720938584408,-0.055341734378770546,-0.08424711076586178,0.007069248880258172,-0.10213936790204414,1.565557733140821e-4,-0.06606820314438622,-0.03403573483589639,0.007936549595736864,-0.040291018292391456,-0.06247414305707011,-0.12342957804459331,-0.148375524595175,-0.01605062798026413,-0.08093884538024998,-0.07922462249251705,-0.06345286257908533,-0.030373610877940216,-0.05883442485487933,-0.11209721638805359,-0.07923126225857402,0.03461338448275253,-0.043342741251279904,-0.04164748748165081,-0.010748442108996059,-0.4334229132365248,-0.015872645364860105,-0.050457463463297714,-0.08001650256615989,-0.09504720220434848,-9.350164309065434e-4,-0.04425500900404078,-0.09796915925109229,-0.03494531948981017,-0.031776963999734065,-0.08599803456209543,-0.12202997060027165,-0.05384199966735537,-0.054987062819984445,-0.057778953729547666,0.01197619104671599,-0.04283169247381924,0.09636177251056566,-0.06513690551764828,-0.06872972575603953,-0.03621903349153843,-0.08730373191058316,-0.038090399817199305,-0.056363251731466946,-0.09003662032969562,-0.029145961080802252,-0.032581788874332496,-0.07655360893223673,-0.056937253445381586,-0.033442105956032364,0.05625311300384883,-0.05720978942114563,-0.03476899909937359,-0.11515340539683727,-0.10185196477650571,-0.1131379244886972,-0.1102089294991293,0.25117146037695726,-0.054816314822457635,-0.040908034093450674,-0.05323396427061766,-0.08657123613745377,-0.05921711239910188,-0.061773444399767286,-0.0019175461292721963,-0.11765423488340065,-0.09901471700518627,0.004820986467144905,-0.027113510468433688,-0.0025389930215631296,-0.03312321172422816,-0.05732563512426303,-0.072310650417179545,-0.08093781431635705,-0.06649138904240193,-0.08484348501689354,-0.03723691642990179,0.011978722714718337,-0.05582007009769008,-0.04336250486738624,-0.15047386715484645,-0.030051380127924077,-0.15769871848381456,-0.06942196396296207,-0.1066189624630356,-0.024608213721266203,-0.025463531335389256,-0.07136596050109034,-0.18082896932859782,-0.030630265948243363,-0.05142059093820528,-0.03370671995006269,-0.038658028656605836,-0.04116932873368562,0.0023319093349787323,0.002558948572397135,-0.04713224723814058,-0.09139421149698101,-0.05232471027377805,-0.07924164648476584,-0.11753105127808183,-0.09881038391018393,-0.06946970531939822,-0.06368706530248325,-0.02076902770272948,0.32274127742037084,-0.02918946868829586,-0.024227368948610106,-0.03327204279770335,-0.1258719724347941,-0.033474643990586195,-0.06552050558026856,-0.01784353744885614,-0.09463821203349099,-0.050875670660452954,0.008965056267264515,-0.009642669830610906,-0.05847655240041405,0.0792735811721137,-0.05389653807756023,-0.023923581893851242,0.053354829988721875,-0.02267670867103,-0.010215939894617776,-0.018457961976544368,-0.08467322416461176,-0.061539556992098454,-0.07504777277633146,-0.035918880143739784
2023-01-22,0,0,0,0,0,0,0,0,0,0,0,0.048180593897585666,0.03232230879351583,0.14323373621383517,0.04686521122078968,-0.027130027415290137,0.053343489746435324,0.1004012644515413,0.029855121333785206,0.06817053439262999,0.050890113559404426,0.07757580999586633,0.09662683568907138,4.939491332827117e-4,0.016260520871780315,0.08309874625590385,0.036569856373048104,0.12616800619705426,0.036549472271089734,0.07356670015133204,0.0313942769038178,0.044592654416448774,0.021460328463996703,0.006569908128881252,0.04280809249188433,0.053512092916717435,0.053744276006690406,0.04843922115776422,0.04209875102721483,-0.006567338582502913,0.3782097522402488,0.008278119283070318,0.040879283053971704,0.047715191267970525,0.046402376310006765,-0.00876923878235214,0.029231707305426013,0.06361909172190305,0.051769472275440265,0.014756093955492489,0.058145747307646545,0.0945637254277889,0.0477417628852157,0.04622056960780174,0.01629762278809821,0.02003602676042071,0.02107756865533883,0.03418547655180504,0.050237492035025255,0.11698864613849036,0.04838710088303966,0.0653276833513532,0.008289466615967633,0.0513685927573766,0.08103931685433619,0.04400964926204942,0.010524774094361256,0.03439659647782545,0.05237511124725813,0.09446421854723752,0.008874604433474431,0.04106857324176083,0.025551425553393514,0.07769291923154764,0.08443024596045134,0.08480480730878526,0.048473076301728035,0.031450324449916245,0.06338290062078933,0.07117531255729492,0.008509348540838957,0.13224343485000745,5.990894020548865e-4,-0.007333536746690683,-0.005292290437477476,0.20121248065757946,0.07931773223916228,0.04540502476206587,-0.06198405945614205,0.02060816956515943,0.10918779381331944,0.016124565542606994,0.050776587521076166,0.07379492680397703,0.047863921226220185,0.11059223461526457,7.293281388109918e-4,-0.07797857903470362,0.055041405468118754,0.03616370210094111,0.13366518799807814,0.050060501956918024,0.014723609605825416,0.03841566816145914,0.07690020648469176,0.005176888179533101,0.05976872883743045,-0.014553473128495753,0.14277132940401227,0.021539294246991858,0.0716466488295664,0.0720934331166605,-0.0024820067345814323,0.028136412628667173,0.04812445905220297,0.05952873129579839,0.030025098916508952,0.05819719378406063,0.026091469614820895,0.05202305373450322,0.11227532864841017,0.024604415774219568,0.03629666731639691,0.03697131792343633,0.046593391281549046,0.016277743879362205,0.027771879442668457,0.010928468823397708,0.03224887527440057,0.20487040265336365,0.04846293416844638,0.03679940446427121,0.045986994994374086,0.01915042972967207,0.05113443634956649,0.04557601917660392,0.007554332431781496,0.041576426845740144,0.022846378441178317,0.0752921049149391,0.01785009927003589,0.19764588976809794,0.06406927010573238,0.008443878918314773,0.049188271404284833,0.048900060317682126,0.06921124785949573,-0.01940989205734933,0.016851755906980515
2023-01-29,0,0,0,0,0,0,0,0,0,0,0,-0.07975238977339938,-0.04860277543094682,-0.1191065195828731,-0.06500140217179773,-0.07267287563996216,-0.04658929050026739,-0.04512651171419346,-0.04538453199180914,-0.079933871674438,-0.04527036726770994,-0.07358003549385739,-0.12604072089536444,-0.048049697641707745,-0.05580395067743904,-0.039292162503377526,-0.03217534870454841,-0.09224495631109786,-0.03688897320797846,-0.05242426357752361,-0.101856284144767,-0.06896124543340587,-0.05866804129391401,-0.023510379721715324,-0.0527981855669708,-0.1031236833877145,-0.12301604862499893,-0.06767962827913898,-0.053992030473593466,-0.04493391069181918,-0.03317807860723221,-0.11485098516044001,-0.044354553174775546,-0.06457516465775193,-0.06841172952667574,-0.02613278093760041,-0.10086758580573107,-0.0573713241921876,-0.07230056127912565,-0.06128360042347758,-0.07792136619070344,-0.14596502478367235,-0.10045157930474335,-0.04909895969778155,-0.08357842612463795,-0.0792974907971482,-0.09602160235055379,-0.04687816875681783,-0.08837694195492052,-0.020709239216857078,-0.07591341431777199,-0.053191104164996617,-0.09364284012039903,-0.09918032008963351,-0.10309550902697406,-0.04910579186405961,-0.049332375319732336,-0.11955281774452953,-0.06339934254749835,-0.03903803236595493,-0.0793735875415118,-0.11261887810814919,-0.08756668727213324,-0.05391260543509713,-0.051142442258209186,-0.14697245519354052,-0.06322854186764726,-0.039178935452421015,-0.05133819011722629,-0.05162826743775906,-0.07915393490558209,-0.10888794699670257,-0.06169574686219814,-3.424071254132244e-4,-0.04489039754584656,-0.0837054669742976,-0.08629581345283555,-0.06818451253157676,-0.039453993098806706,-0.04990552060580722,-0.05800287475464838,-0.0537491219657662,-0.05431275059180152,-0.10758372238225267,-0.0697989980924758,-0.11444952001502262,-0.05027216947949853,0.12095836152690786,-0.09856767051801008,-0.05664440103773494,-0.08183147019436632,-0.08074049571385178,-0.06475856734816254,-0.04793869404200102,-0.06384590089381792,-0.085854168547356835,-0.030752592344551744,-0.049278946622098196,-0.0530256147875825,-0.02699739746571339,-0.06639269628840871,-0.04490194541909087,-0.03348174538013282,-0.05103937449791118,-0.0844921032230781,-0.09482869958729978,-0.07105418279656206,-0.06088634763798595,-0.06721390507859937,-0.07044229334808971,-0.07532476402966815,-0.013815100321481033,-0.0608402449081078,-0.06105158386599552,-0.06451050640181855,-0.036431132398438315,-0.08693201820853869,-0.04293345020447248,-0.05501011146091894,-0.04280040694539622,-0.03728269348752544,-0.10174107013461509,-0.04623824075592342,-0.05124878395461607,-0.0653955794095955,-0.05890147377375321,-0.034344984283896096,-0.11987798871995192,-0.047347543275689574,-0.12515543139708107,-0.06686116966567379,-0.044682435534403986,-0.09742453864941414,-0.07055187929722173,-0.02585642768583085,-0.04134541771985223,-0.06798350062117287,-0.086972643572369,-0.06331863177896935
2023-02-05,1,0,0,0,0,0,0,0,0,0,0,0.0732604818298741,0.0666442283801496,0.1067217876848483,0.05257250199772212,0.08046801533456094,0.06419315763905953,0.05562249671381103,0.04281731957137591,0.094432858502256245,0.03877756487700168,0.11540838845410661,0.14271381463631183,0.034876896252447054,0.07306326235257732,0.04209506916705319,0.09676694377032291,0.07214666279717807,0.052904898281892265,0.09724475048402592,0.10915558662637803,0.05984297921061721,0.06853162312366656,0.05490915412466979,0.06854654253510972,0.12371956262471873,0.0891509474040415,0.11156639628310483,0.05094204222954257,-0.019103092238315966,0.020209115499486785,0.0793005074366997,0.042121692504322183,0.06074532480962347,0.06506359334706158,0.018871501992562045,0.11348298843580551,0.02996920842734685,0.09554587136373005,0.0746022468157328,0.0753165750945568,0.1530957324124591,0.13397427134338713,0.041638379899475275,0.0741581843000505,0.06874020799127134,0.0742113434682743,0.051429611382662443,0.10103056534829147,-0.006414327838053069,0.06354128611544141,0.06677188223416675,0.08171992995023025,0.11197367154954296,0.10803953538385436,0.018739829785788586,0.04055902470428929,0.11803358535509112,0.062205787601747886,0.06240606328450582,0.09964858140292243,0.13716715931341028,0.08551232102286477,0.23357988064417867,0.027366894116251927,0.16801126148101275,0.08145543072396766,0.014021801380772025,0.054744381318514,0.08386294239084613,0.09811626869598822,0.07763907524525404,0.05538733578254984,0.0769293308413781,0.058782836546963146,0.06966010074419593,0.050434556679132214,0.03849118717427391,0.007634637446134462,0.050439027835628814,0.13452092346977818,0.08178834203015928,0.055743804704981414,0.12038042021562667,0.0828745679731071,0.11917766121096829,0.11022647270864017,-0.13629573439867304,0.0794970050679078,0.06684831475046149,0.058044515923827866,0.08852263615590683,0.05337864368540046,0.08094499051017134,0.14534995618968605,0.07998499927406222,0.03650450245637682,0.08630955650703598,0.09108325471216805,0.03684223275336507,0.0908540572081522,0.006262185142206,0.06202186607431237,0.055552696436405036,0.04217373750874032,0.05982337539030613,0.057024166344900706,0.04244455641659961,0.08685179240025231,0.04391277908062374,-0.0437765296891417,0.0683567391499782,0.0914144323672641,0.07606179160297444,0.04298907545180786,0.03609931069425443,0.0556760104872005,0.04076826497533759,0.051053772502990924,0.028488892552140044,0.08407315481857047,0.11304062538854787,0.0533307516604582,0.054836637354906514,0.059253425924382874,0.0302295063086655,0.06643659965020277,0.10682178382262641,0.021106392725949163,0.09282819676321097,0.0750889326818438,-0.015161477784938704,0.08271452819754632,0.038784109488908314,-8.5450427521927e-4,0.06247077618693986,0.0895303557529159,0.16796537670596834,0.08201657068049961
2023-02-12,1,0,0,0,0,0,0,0,0,0,0,-0.02742680802013897,-0.010785765975091621,-0.031311539837672875,0.024049562240066713,0.04839392055367586,-0.0054941911870365345,-0.0015645957594934146,0.010017489901725796,-0.021887889470943556,0.023603626226637253,-0.020695491032777014,-0.05580609144309534,0.0168696632705867,0.0052704350886125795,0.010000716301861168,0.003972537997625203,-0.012843142090318338,0.012057981020332953,-0.03405032356401971,-0.07208205368511766,0.014967849703586111,-0.013836418017608487,-0.016096096582923103,0.001249219400432544,0.008152870672882173,0,-0.045259451815938156,0.016549703131141236,0.11485063143671503,-0.020300665440043275,0.0033012409623633943,0.005862075224330354,-5.016051365380747e-5,-0.02405487489759306,-0.003491512831223176,0.027346847415792297,0.012016320207267839,-0.009074830476293982,-0.010030251452668892,-0.004427736555449258,0.006466535235746029,-0.03761028897096086,0.0049416867788218966,0.021311752673716988,0.03476595784321379,-6.108175795205284e-5,0.009111519456242334,-0.007606506353758924,-0.015821870931763016,0.005630378134261704,0.0023319093349787323,0.025393888154924937,-0.011363758650315248,-0.05271430262556631,0.021685176769812742,-0.0014384442268875475,-0.0030454065619114346,-0.002923590122285269,0.015711446838150067,-0.04466644698556976,-0.09311858771656123,0.01508354255857558,-0.05813602658766914,0.017222475637893808,-0.020571625713686537,-0.0059970194723737436,0.013299584259373276,0.035355108898770915,-0.004918511488371635,0.009576782636329106,-0.03102527077585293,0.025292192902127475,0.03581821694907905,0.004746093389255357,-0.018293193047325573,0.015557053232602591,0.021363695926905457,0.13727942545025584,-0.0021357388279623635,-0.03954200541567232,-0.04336137834228193,0.03267778649674291,-0.012614465486628035,-0.03096222560396722,-0.026946436994934153,-0.03431302619596899,0.13023878069048234,-0.006971445424350797,0.011041043180541443,-0.04722813551490912,0.018651116626100084,0.004757382902268681,0.012081239205446792,-0.029640581286293433,0.007245158482485081,0.037930264415982684,-0.002829389796624504,-0.017996211692553388,0.059959477566472685,-7.180183004233953e-4,0.040909724770038736,0,0.04505200268489418,0.018924391584878464,0.03135228915278265,0.009411070595366056,0.0034061912012877116,-0.007591198173027891,0.023444678916256123,0.14944294261157332,-0.014205846373984699,-0.028659578411717845,-0.022010946191408642,0.007982936192959755,0.06307165678089355,0.008520230915197935,0.02869509301666362,0.019914896119677117,0.0394856489079114,-8.521517345663199e-4,-0.005199318471793113,-0.0027035639877199813,0.0586487270815077,-0.02896456717156415,0.05961491344349934,0.0031330562795597316,0.012452704577258444,0.02975609265718404,-0.003231020581446309,0.004624285697113706,0.011670795938226952,0.016533639979013692,0.02106894896090772,0.04168701122379126,0.008570606487750432,-0.0056253664188687935,0.21088801147977954,0.019502111166520564
2023-02-19,1,0,0,0,0,0,0,0,0,0,0,7.721014410071447e-4,-0.013486236724746803,-0.03980739548163825,-0.04067275318096719,-0.02536658728236585,-0.1370021156615282,-0.02016618739247278,-0.02941177501862402,-0.06600690330838965,-0.03740006806035456,-0.036063428009119214,0.012089304773639675,-0.026169717733384168,-0.027148692620045267,-0.0531579204598982,0.05637776384626125,-0.045373563219913926,-0.04036689373850866,0.023293800698550804,0.017193788379708863,-0.03744832196290915,-0.022202937518953192,-0.038380625102576005,-0.027208258570528443,-0.02384517682839693,-0.06260854584666475,-0.00453515516539138,-0.030620401537168718,0.010505653510261226,-0.016105191090208137,-0.016523198640469694,0.003464417249764651,-3.2610468249139046e-4,1.493540440389296e-4,-0.014411778661303387,-0.02037985226803496,0.008690735088501711,-0.0228512649167687,-0.04172200416071625,-0.042262117112670694,-0.11261684541636718,0.002045887020790005,-0.054901890015789157,-0.008663619085818475,-0.014531804479246624,-0.018619526812588383,-0.03178839086741192,-0.028943116667974778,0.01245248033779589,-0.112579456477226,-0.01210715823962083,-0.011880168988201767,-0.06873780197912804,-0.024769068112409087,-0.01750842401126107,-0.007601732852419829,-0.03448495994410905,0.05847730239664983,-0.007607886612991166,0.052896946122085176,0.0302722445075867,-0.02228198294476602,-0.06397529949497205,-0.03754205477809336,0.015525743448010054,-0.04445745864538431,-0.009481619939209374,-0.022124796280636794,-0.03851462147875129,-0.04658900481632777,0.011017371816228305,5.876303806662264e-5,-0.014484074474087727,0.03945742755845849,-0.008356496786652734,-4.230118506391989e-4,-0.025993333825647724,0.027146417919484023,-0.0016048028645512247,-0.04734350149688549,-0.006639195496818573,-0.019929968526160025,-0.03674564455337581,-0.003561159769532196,0.026946436994934153,-0.015395936044222402,0.0016187781762369013,-0.030028630762779507,-0.12171671952381136,-0.01040991764547261,-0.04218161403629406,-0.024016524151231344,-0.056510297465866444,-0.07962161704259696,0.007875404511340278,-0.0330889720201295,-0.03283389884784427,-0.01844161994080551,-0.10543937690150962,-0.04080536789604139,-0.026670435685011817,-0.05179552104218388,-0.02440208226288032,-0.00836665842744555,-0.013136592039650452,-0.016281701254510672,-0.010495850941159901,-0.011083099012809683,0.06116969647487469,-0.04175636720620002,-0.025163355902741102,-0.0011483254850377378,9.329962129331903e-4,-0.014156238405224286,-0.05332890736105078,-0.03568154914046939,-0.0038198061751248957,-0.05229370372931896,-0.05174919903092512,0.010178204915756162,0.03388224460639666,-0.01880782010723614,-0.014263701360103909,-0.012313102134976717,-0.0010223524288406338,-0.04986036326801191,-0.051722318681672874,0.002621641713872691,-0.010967268710932565,-0.001484046772494807,-0.032797770084960653,-0.04921321043422289,0.0038436097683529624,0.010124550453356918,0.015124305232578017,-0.033655183977129965,-0.0588163928908374,0.0018993358036532015
2023-02-26,1,0,0,0,0,0,0,0,0,0,0,0.03215059850406021,0.058187577555837144,0.121635802436038,0.03662846274864062,0.019217940751231843,-0.08376388221533837,0.031675585798844,0.020250755085746697,0.10149411900421423,0.03630257389495384,0.04540829796707779,0.04407617571195832,0.0376655028864743,0.08170324654400929,0.0656752950627455,-0.00925036175594407,0.06255761792907055,0.08069661607323386,0.041177765867671745,0.04873299681197718,0.0377784094390865,0.03957918224168644,0.00796645401693663,-0.02434789972075091,0.07095843673092173,0.058773975275702384,0.04654584174767695,-0.029458411434389653,-0.03519085487781837,-0.0013499990412384477,0.02772091225805884,-0.013130761519922984,0.029077853432854184,0.027108318758077843,0.0016116038943412292,0.032272262451925826,0.002615272398581503,0.09046916593405196,0.05963635883911245,0.052580808743392105,0.07985771579943712,0.0930514928678523,0.00435046003377515,0.053337610052800244,-0.004633212921487662,0.04751805215878857,0.05921681928294653,0.009455928791585855,-0.008843528206658569,-0.08727982505170484,0.022790057957564613,-0.02606379832101169,0.13439177220056564,0.06169356900533973,0.01620993332402776,0.031167161404604293,0.06378933477719873,0.028583980188239266,0.03575842825010156,-0.010594566431395336,0.047427855945294084,0.03743341648323373,0.10671095475569725,0.02646015972090865,0.014382167775755406,0.03817208283042284,0.006835815772638476,0.01057033485876957,0.02796727722322334,0.02305850740613291,-0.008190254205862502,-0.007727512277366344,0.023923852244779553,-0.03426261068135439,0.033014996565954746,0.02651235549330977,0.041805269647481325,-0.001770375357981635,0.03701964058781648,0.057091285103790135,0.03217755264942923,0.038811018277117526,0.05920770237715445,0.022253292781685197,0.04404150615482383,0.04781892731329318,-0.042049890098303955,0.021799783526320837,-0.10138973682109054,0.017922348429117108,0.10357320508373036,0.04514903162871775,0.057332463096327224,0.0972747472255362,0.009166589393667657,0.03122890186408256,0.03792105065716633,0.017987538879534526,0.02569234351533467,0.04032640245222385,0.020904390554631114,0.04525321517741432,0.02941175423010378,0,0.006068445365921882,0.0384291141662878,0.014107691247103205,0.04255961441879563,-0.022657267051020114,-0.014454102560821802,0.05025994213014595,0.039426919979457686,0.019587027494774034,0.03779899668337894,-0.0339846643198074,0.043133065574305185,0.013794421981602412,0.023826705943165827,0.017548974689478136,-0.02477700433690888,0.04996262220184544,0.03170305832785836,0.011905243209284322,-0.02157304869519816,0.007872962446127119,0.06448548621406136,0.056389947422535336,-0.013413912343979817,0.05562225313037761,0.030631634862478663,0.028417212723576668,0.0547936544793588,0.01137758483610174,-0.013895079528914778,0.025197716714781215,0.037783544128405566,-0.11978892731406265,0.004387817342189848
2023-03-05,0,1,0,0,0,0,0,0,0,0,0,0.037648054076919735,0.05854126278512961,0.039132769788751354,0.08069323074427537,0.045218949205805714,0.14819079764716658,0.047607478650910195,0.08653565090373316,0.06459624286115773,0.002412899207452135,0.06506026429987699,0.023087511005975614,0.02947379995115451,0.03630838666737546,0.07625589561880375,0.16187035094298885,0.022556273940357308,0.018771365588102107,0.08807096496484945,0.040556695210764104,0.10129284796281368,0.009982817168310731,0.04835094719429556,0.06980314669634957,0.015373324623138451,0.015791234753594452,0.029467781032411544,0.11801278113222846,0.38817375821660605,0.045352638911081655,0.13139031889117092,0.11842149954084746,0.2070177357244951,0.027241827963228715,0.18285818143790245,0.04951842399174833,0.08986520087446692,0.010868671049997225,0.002689955968561364,0.307901712634723,0.11774779522856171,0.0015948966698156042,0.09615390913780963,0.042470497503710014,0.1439260964211586,0.11337531138073675,4.4455844110835585e-4,0.054364378022647486,0.1079085891020668,0.18781381280789677,0.07388847735669657,0.10711135379035497,0.03483756832488538,0.09603333278268789,0.11754840614432815,0.0657641588802731,0.1263108397714534,0.02523546241649388,0.05204452982845886,0.024933118616206507,0.05086810872896219,0.12439567221911219,0.032855120416797945,0.06445183222069417,0.045417042133595764,0.1267937392239844,-0.13099344354396258,0.057527281420671095,0.10600345163833946,0.1989660285247421,0.1146823426879795,0.0714099554852865,0.07991447489589643,0.05810003349520976,0.029114235734594374,0.04767116761578993,0.03294055008230057,0.09585681444258931,0.011002590827251524,0.022009917836263604,0.051615759981800124,0.07776555796662521,0.04056064667666881,0.028312514219020812,0.029913305532378587,0.02454788401388175,0.13547124041500247,0.07041601526325625,0.16044568443723062,0.07754482957005049,0.006368636988658416,0.08801768585652958,0.05965729793903751,0.03827441547206689,-0.017729751841333297,0.13749978346924063,0.04105500627337033,0.07984179833974903,-0.06182634282533339,0.04259621015073911,0.06327530302374829,0.03932823324912427,0.04399229219548495,0.012712437586210434,0.037065294656430936,0.13080284200564218,0.07775627747940916,0.027954755395640518,0.03253805595777681,-0.035997958399566876,0.0665788469218942,0.05967120895981548,0.04590507339491623,0.021672887253247453,-0.17845281745205188,0.09515907294630477,0.11224207316585755,0.08280688436145844,0.056865510876605185,0.16423314566384484,-5.327650632143133e-4,0.025838423894479767,0.07564099383605338,0.09024031101880148,0.23413559695500652,0.0027805380377268207,0.08849992855383704,0.010038250235833601,0.04592586642342411,0.03930688396850979,0.10916075684986382,0.06233601976136249,0.1009301037760757,0.17554885665230024,0.12736487770885851,0.0063468572211959895,0.053516425356275654,0.14625855610650085
2023-03-12,0,1,0,0,0,0,0,0,0,0,0,-0.019135863068560965,-0.03205496329186275,-0.0736007129564582,-0.03248457346616185,-0.013918963840466425,-0.03152854516186654,-0.04484718099457563,-0.07956846787920124,-0.09805203048192013,-0.021182385414330263,-0.03897908640996661,-0.052994918739250885,7.081317420896127e-4,-0.031107429317123625,-0.08751445837365157,-0.09207094649569214,-0.038565930393573034,-0.09572018186007902,-0.07907240399451787,-0.08689160933872841,-0.05664978021180911,-0.031541149376113076,-0.043003912745768424,-0.055771263670214566,-0.05598017420448098,-0.04305300649929045,-0.04037386404724863,-0.04802385245302698,-0.06742989710494562,-0.09878859929442996,-0.12291645587102895,-0.02177929495994846,-0.12151234179519754,-0.031903841069039984,-0.2887556098603046,-0.10015312554879063,-0.03131350670623956,-0.012166048676141017,-0.05183110550930081,-0.28426538951936564,-0.20501869901578917,-0.019850437203995597,0.014462275665013458,-0.016534182392597963,-0.26733639054774994,-0.08690541672463059,-0.015261686282395104,-0.031192093848680713,-0.08618611341199323,-0.04023450908354853,-0.04835625118892306,-0.04565177160379186,-0.07998887621980533,-0.09044918895534781,-0.05285255614597517,-0.040235480044430005,-0.133133116223914,-0.037138903984824445,-0.10279810232489517,0.00230591954597692,-0.037761761223661594,-0.1210434695026521,9.78952598984506e-4,-0.05214091313738045,-0.013739175883304533,-0.11888061622685875,0.16646316423763796,-0.09129526187884274,-0.06019478039524717,-0.13245346178176565,-0.04133743141003521,-0.03255827880929818,-0.05773463565189285,-0.09211528890780585,-0.06142431192735742,-0.024658238794986076,-0.052716475465286905,0.022089814499070215,-0.03414009336588375,-0.03334351594691487,-0.0848031077286473,-0.02291437840197652,-0.06005093411129003,-0.05166410474976857,-0.14687599659804818,-0.05892695308279006,0.08852946786058347,-0.03206381545592496,-0.03444645142761171,-0.06298218675908895,-0.04359797875701421,-0.031995811891983195,-0.048705002109852735,-0.05232393815170777,-0.05008098660244098,0.015502760052298115,-0.2639166954163148,-0.04458996079973421,0.006519990497281469,-0.04755899949286846,-0.025709949473963434,-0.0070365014145137295,-0.0397181725672997,-0.0035886335613604103,-0.022704374002897154,-0.11440475144653117,-0.21835257082575232,-0.03125661403832147,-0.09238879174447323,-0.04723897461330573,-0.08436038599426432,-0.04795804429616268,-0.03909384215058154,-0.047020918077651075,0.2533821681516635,-0.0807481750749286,-0.0806740413130207,-0.06664907102766637,-0.012427500090638866,-0.07861643550282249,-0.009638628837768337,-0.023247850557317484,0.014974493796099608,-0.006352454343819147,-0.1182302648961997,-0.05535170755596397,-0.11190525228538917,0.1065822629081481,-0.0567592096674705,-0.05113943639817098,-0.010214446455740323,-0.017169909171434128,0.029703424198853412,0.002899628969876389,5.153311116359305e-4,-0.02068131617028346,-0.059622149342711594,-0.0806279545035089
2023-03-19,0,1,0,0,0,0,0,0,0,0,0,-0.10213212474189959,-0.005958309583630417,0.03155370297031723,0.03262475055678138,-0.09813804335064713,-0.048331736568048456,-0.09901625045163254,-0.044326178726547205,0.01645689185956023,0.004019956280815862,-0.0036106708644370045,0.007009805497427024,-0.042169842840517724,-0.0490495706018077,-0.00315000575467117,-0.060334932852187606,-0.14601679186351912,0.05605145794704569,0.025550030520871125,0.00882323596890977,-0.0404713633806173,0.052926389561806175,0.06182847428927474,-0.04101103809536166,0.03313673328275879,0.09822854452055552,0.031001865889869862,-0.014762463553550376,-0.20033084214691854,-0.9185044826244981,-0.0415141849563776,-0.06294354441736338,-0.031984723819421745,-0.04831568563068345,-0.2923474317122752,0.019080400126743058,-0.03687154144997784,0.0176475168135779,0.039228376311497115,0.02283799159360278,0.08234282768220602,0.005134452571482484,-0.009763583744371473,0.02062536285062766,-0.2583443342091645,-0.0528671222945718,0.02404382455613252,-0.02454214740188121,-0.23231191940108875,-0.026726039971725513,-0.0057572123977047696,-0.01603883619775992,-0.10155778708322494,0.0029265458405687284,-0.050464321125524236,-0.01628005799818233,-0.024424924414999438,-0.08344333542899296,-0.015581271830882315,-0.01859797889628023,0.03357356579542703,0.054781722094277896,0.007797310460031959,0.019785953821177316,0.0076561677711488585,-0.007660947986332545,3.652167602039569e-4,0.07814755736745216,0.022438417456195126,-0.039860754324808845,-0.09330466396541937,-0.04110446396973977,0.006205693674221635,-0.040273899137940106,-0.1055876024098561,-0.00808575256338706,0.01004920103669793,0.01682560175060388,0.04030091545232217,0.048439710121708224,0.01742658021235144,-0.02657790625395151,0.010961323914767007,-0.05913191777233617,0.012832440069884044,0.029379058652202694,-0.1398518391063499,-0.007397347339344051,-0.006726666691756478,-0.041055597727829074,0.008978143223224322,0.003946508082083966,0.035298721821571455,0.028137569724033362,0.046635083812915035,-0.06955710343712251,0.25175793933029667,-0.2029874306348285,0.0713188942271783,0.002964626986054597,-0.012709861245721932,0.01541546350476608,0.01956844309250627,0.017815754851492116,0.030514045575260162,-0.05844503468690654,-0.25087171343201753,-0.002251507473873815,0.010335671259315227,0.027203461210318025,0.030006853272437795,0.023378155147616653,-0.009510158132037816,0.043963123421116634,-0.053013275811462535,-0.03500940966665311,-0.054179478239385404,0.014465752033911983,-0.1308265885124058,0.005016512170348264,0.011767988173084554,-0.0036129476938411287,-0.07341064086614146,-0.009476316272167828,-0.10978882376265098,0.039156212109148214,-0.006943936550930729,-0.0653088278793561,-0.0013914659016904807,-0.013450375996816533,-0.09218442153751472,-0.03396980290849605,-0.0711635784753506,-0.13714711927237744,-0.04855835178188528,-0.014542927568818698,0.13278949068907053,-0.003460162394553379
2023-03-26,0,1,0,0,0,0,0,0,0,0,0,0.038522494624209536,0.02410940884133783,0.026333552104125246,0.007586901341454677,0.08391807256559058,0.1684747945600087,0.15450712873060457,0.08581957373690408,0.005387060691521839,0.02015218598190227,0.021066327675778318,0.05228544909807464,0.2606778435427426,0.060304085644097505,0.03983210544840343,0.10275597070405951,0.06634080097872008,0.05337164907935854,0.014926848050274444,0.035222299869743345,0.11554077295723619,-9.788927058824726e-4,-0.0014046355274244249,0.07822315478141384,0.05738792078354127,-0.022228881154510383,-0.012301029922628715,0.050210857035951406,0.1294739417302555,0.9304233419704531,0.09525063244927257,0.08171474260018563,0.03113419330572853,0.053704178971860195,0.40562496743230003,0.09313295273045963,0.02089365646693686,0.0036376904428250256,0.007824019455375364,0.013695751738852735,0.003976148379639888,-0.013022430367024995,0.029009339753413244,0.05254651868925375,0.37242330090687137,0.052693726923793704,-0.0055394272589364135,0.0931113656538125,0.39517846339788854,0.09969294795941952,0.023200593998832453,0.0676985823562628,0.10435303698152953,-0.1336148894725646,0.054945398004488055,0.04812371962627182,0.02496700330075008,0.08775474885789425,0.1137584042949733,0.040243023663870225,0.054450030209122424,0.005540434053983745,0.05784138803928851,0.02871622301770671,0.016425698886610718,0.08085699260191248,0.002625630565371573,-0.027097566760182268,-0.01241575522005256,0.024254990429322554,0.07651107858675843,0.08963420299365144,0.041263788209791485,0.04076110986621373,0.15380379756792628,0.03117135490293954,0.05113599631862176,-0.034142245476720845,0.010816369078222365,0.01838662625043952,-0.01661866257600053,0.02492352452333435,0.016219943866762954,0.07466991607818141,0.1228299828787458,-0.0013837241678560375,0.13127536042282983,0.050667854604830254,0.13605235630961232,0.08633655837490473,0.024666965317316603,0.15158408791471434,-0.019011979488571917,0.006275441861144593,0.0586530964982126,0.06928318086418894,0.021494551001651097,0.1994736464112128,7.56143703323886e-4,0.011217747610626994,0.022622911240432586,0.01734778412085536,0.007915059026376348,0.05970576550903317,-1.9948798151059322e-4,0.04246808542692371,0.4505852284335088,0.04409427993664661,0.1263797579307031,-0.009725982945811396,-0.016641144742681746,-0.013600782309321602,0.07020507664272913,-0.0017709969890065125,0.015677319904955134,0.03380728941916189,0.08356519227020165,0.07655670623492306,0.04813313392240559,-0.05578056600572001,0.005832466162692285,0.05369029339365383,0.04411736137992328,0.015744336116000568,0.4802212978499707,-0.03184623803771025,0.004942858379914483,0.0830600876814298,0.006361712508672568,0.012802392821705588,-0.018564988666501137,-0.02016614357777602,0.03541210737936051,0.0947356428248014,0.027208933767407295,0.0565799890672416,0.10882359221980487,0.02655626188485627
2023-04-02,0,0,1,0,0,0,0,0,0,0,0,0.010886577193015334,0.022401552062231822,-0.013491619200286742,-0.04597256633754032,-0.014106982023036174,-0.05499417690992914,-0.05775375972586261,-0.02637621487572872,-0.12287657437567834,-0.03150915204225413,-0.14490060337946176,-0.034070009206732976,-0.0060871407283036305,-0.08487288222490097,-0.10743775179328718,-0.16719458960302447,0.04504566473255345,0.4007861974667044,-0.08300764253626625,-0.11577954318622385,-0.0212070876156627,-0.029758369194164302,-0.03514869380365493,-0.050915430627581415,-0.07187646029497241,-0.038363788207174565,-0.06765941723179747,-0.08606923187308624,0.04344797382781884,-0.019812338909813043,0.004667948217238482,-0.0337004153966749,-0.023906965493505794,0.0060816868598498885,0.043784354314691853,0.014497711461905816,-0.02859072163034071,-0.06081754165883968,-0.05228623180197367,-0.07171919824982176,-0.4535055533870507,-0.015410321471192923,-0.03732903744100735,-0.021253596432443622,0.08531723440680672,-0.06058488272164997,-0.06953096996708474,-0.07932743261979436,-0.04373771053774611,-0.01737779327856437,-0.04618135520879729,-0.036153811173630146,-0.1121291259314372,0.06622797496994437,-0.05815297061946545,-0.06037212844304474,-0.18172560921970238,-0.06966914952446857,-0.06652892151331002,-0.02433580172451233,-0.06570507304885354,-0.05288071084038215,-0.02379960887123822,-0.06157860957137018,-0.04471487815317943,-0.10536051565782589,-0.05540753849032054,-0.07861593160515579,-0.060884929666186416,-0.05795736084415637,-0.12041089096704027,0.0021681400438744447,0.01667990174413081,9.737099114008885e-4,-0.060981420621375904,-0.0841003747464768,-0.09911758959298034,0.07702623476121673,6.686727096356648e-4,-0.07043984034019513,6.055101607955748e-4,-0.0628278160718132,-0.19498986371417182,-0.042830140593852484,-0.008087387387629263,-0.002165909445376535,0.07118536242638118,-0.08162270707281749,-0.032713197406303074,-0.023201573224252314,-0.04753422070120816,0.05095476398240706,-0.08718588183258191,-0.18668695637959232,-0.01343621720975996,-0.027121247663256298,-0.03750667188232981,-0.05948403394654189,0.0075301560637530685,-0.11312617416819926,-0.019766899779075864,-0.044482825385023794,-0.033329387448943315,-0.040741743260815255,-0.03753828272146453,-0.03983563902355147,-0.021625484489478097,-0.05838309886069393,-0.09234371922522477,-0.043583838368884464,-0.009821259338149702,-0.035580499929417364,-0.040394696945977415,-0.053204036063464244,-0.05756944753123072,-0.08867287879209229,-0.021513763869327462,-0.07842546261863159,-0.03228241150413336,0.05788527606970373,-0.03935817964604027,-0.050940124685839194,0.01621606945512255,-0.03856231304171054,0.10084899255430635,-0.03763628594977142,-0.17263060754598136,-0.009856390025024808,-0.11342554229773238,-0.052821126401339846,0.02441480771990623,-0.03427085284497888,-0.003813614442029767,-0.018497873670456855,-0.002371230198142449,0.01661887959269137,0.011804395568809412,-0.02929347699774887
2023-04-09,0,0,1,0,0,0,0,0,0,0,0,0.10140840078459323,0.05538739308432561,0.04388788054149195,0.0579564855685577,0.05104941393017981,-0.012782929873329962,0.09918055723434538,0.05722819507580201,0.12927976291055376,0.0846101896624889,0.25362521731383136,0.11994675810169397,0.06714673670409432,0.11721886074720178,0.1155300720575303,0.1948206558779555,0.06838515344940888,0.14429791623731258,0.09299425165000574,0.15576690116056557,0.05536236466426647,0.09365779896775717,0.08317360061796819,0.09399525522301566,0.12983726208438018,0.13353139262452274,0.1602542959150881,0.12307473286673609,0.009584827980406274,0.044369927924153174,0.04170898460146333,0.10105417141951456,0.09594794954938735,0.045436709278273035,-0.018218814870036404,-0.03053672386008177,0.06155956437240828,0.14169784046937473,0.11826361235766392,0.07440616807064693,0.4643983913787926,0.06780895777435614,0.09713728435270852,0.08840008630179241,0.01601172795010175,0.08185984733573282,0.12684651128980562,0.12031489623751224,0.01535579632219175,0.013194659128457964,0.10984569008903655,0.1055171642729249,0.28533740549252595,0.14576479243663787,0.1348557632404912,0.08105148981973453,0.2220868554223463,0.11090652085767694,0.1082113961834672,0.010338977795179005,0.1548780407515551,0.08337005485728355,0.059501615724387946,0.047985287439701096,0.06529479191854293,0.1741052943568029,0.05955073903831298,0.18359562958843956,0.1309220046413131,0.17026011546657127,0.1874763755557094,0.05380786262569526,0.08866647953818685,0.09994441517522379,0.11623543472369668,0.15766015136339995,0.1512164944874339,0.10067331141425662,0.051301649967616214,0.13041330155901232,0.04362677415286864,0.16304968232728712,0.28864851548002335,0.10953024052497895,0.03510532002127409,0.11250750818874167,-0.00158445158319509,0.11360935070172307,-0.007799537787568589,0.09936857380169872,0.14937482727408824,-0.026803487956024163,0.19489488523376064,0.2906795303441765,0.09617960169357076,0.06897097743228109,0.15949022887252085,0.13672207098245792,0.10528549408908994,0.19065843047024256,0.06783558321682026,0.0865250318635935,0.10793121116092674,0.0651310867359669,0.08462643211273857,0.0682696392650195,0.06763636002492035,0.1274943765996337,0.13016051442279064,0.0870500460022221,0.09767744502886533,0.1431008436406742,0.07209840594551231,0.09845580104734264,0.07873883079193522,0.13273946723330532,0.064414807638844,0.10013827034701261,0.13316363635791362,0.10541307669434197,0.1190958325598821,0.10578415472368352,0.07374309993958228,0.09215390158926784,0.02103524524249245,0.08130512437220716,0.22325341526612608,0.007326548055713644,0.18139556101320942,0.0901952782493769,0.15208795190000135,0.10921793112026634,0.058268908123976004,0.05369780169928262,0.06534602935953071,0.054048363486253415,-0.10120990193151336,0.14203591594097276
2023-04-16,0,0,1,0,0,0,0,0,0,0,0,-0.048685347859918515,-0.040383573055312816,-0.024727082359157215,0.031213069690039674,-0.006975714481947115,-0.07842013625130306,-0.019860672513420496,0.0027640688871519714,-0.0045362101629411455,1.380834025948019e-4,-0.03528908570572753,-0.026278884463840413,-0.08407998717803622,0.008541297149910143,0.035452135258084994,-0.09535716014306139,-0.013423020332140823,-0.27870727618798963,6.307158834122362e-4,-0.004192878260036004,-0.024829388591585122,-0.04432126707926809,-0.016790899163183326,0.01454679057963748,-0.034117856346354,-0.11310057444413513,-0.03966930709917893,0.01343668424097455,-0.0058809629660157015,-0.030255055182475843,0.02510256513469944,-0.03051965493576425,-0.04552536711846855,-0.03423934852977073,0.040610068045481285,0.06557618855453651,0.033445163105558784,-0.04714215917868536,-0.029434601826043405,-0.004781838161373564,-0.009465286000556183,-0.0028545497520218177,0.010912806711329992,-0.06604029506628262,-0.019965012523717185,0.008339955924847153,0.003212854169325041,-0.02135474151943928,-0.02189261055027103,-0.1086262055207099,-0.03263256629700084,-0.0572946572538271,-0.12020674511652096,-0.06849120246221041,-0.010760948478269583,0.053230693852015065,0.009454192027216202,0.0414162977172694,-0.028789307868546388,-0.019231361927887214,-0.04435261796834933,0.014728454237848965,-0.047685557849228566,0.01763554636462672,0.002726225868022958,-0.04416561553864362,0.030433093695320323,-0.040730176992224365,0.0033661479226925195,-0.041012649919489164,-0.12055289486108123,-0.010107346771107473,-0.06734957526488472,-0.014637653233688042,-0.02359555286999626,-0.04658094480475228,-0.004671956497137586,-0.0351088640142283,-0.019234444560949804,-0.015369154982063371,-0.07915777322160444,-0.033094987600465586,-0.03834527806194554,-0.0389575898785095,0.06304289128453622,-0.019881681804304385,-0.10184876763814543,-0.0364542608886218,-0.08067047104815472,-0.01332768522032346,-0.09036527983295173,-0.004783817770737109,-0.044641092831923856,-0.054937649401759714,-0.05481667794928846,0.011320711314567689,-0.07418097995342077,-0.06184724040989309,-0.05839045501083717,-0.02670980058972905,-0.003931026756952782,0.010213039663586443,-0.05095553642169559,0.023140970124447158,0.020906684819314236,0.018449585657382528,-0.008206100468745703,-0.03506172043877509,-0.033010744065467,-0.0021290193266487734,-0.038741179439964135,-0.005516807761306808,1.3074459062956123e-4,0.009210079372663493,0.006444934290282589,-0.007773148382451467,0.003349132000712629,-0.0035209008140659748,0.04227073662447367,-0.04647496551662922,-0.08132495483441371,-0.013717831233120314,-0.05581862093364087,0.010825545504922651,0.030124696663477835,-0.06554832696864299,0.026452362610355884,0.02409371362515067,-0.0021568001459053576,-0.02106005192852667,0.024806540622652307,0.002420136708829901,6.193519524577695e-4,-0.009990343034658622,-0.05720202007564712,-0.04548605644878467,0.20429510375220428,-0.09376932291548457
2023-04-23,0,0,1,0,0,0,0,0,0,0,0,0.03626282786136148,0.025247561066344737,0.017412628477177172,0.007388923734989561,0.0025330577402566945,-0.003416237266179678,0.00681624288193472,0.010720458274462885,0.058304100649086976,-0.008736707909074326,0.013170990455861897,0.014684551682921487,0.0473752855158418,-0.008089931761971592,0.006019233360532894,0.015283132488940865,0.01879861681074324,0.11896606560922862,0.036373273771314274,0,0.03356306856033964,0.0212022076506031,0.025935561860641165,-0.036924500892930645,0.012338911453714907,0.042204752811096924,5.831328979297723e-4,-0.01970758631221159,-0.027292365382752592,-0.007893552127424819,-0.013957238975158326,0.0016352802082710838,0.015428030477737664,0.02397858185671531,-0.06394025608831733,0.0012437812548702354,-7.130851420180662e-4,0.002279303169660629,0.012131517297600425,0.05308916437036171,0.024889756326187396,-0.015451400766996137,0.004528458221095377,0.005787531656920031,0.01038877335560695,0.014097689810838254,-0.012686388008338767,0.001988072225386439,0.01973748283832144,0.013335986925103072,0.011936559618988873,0.010342999357333404,0.04338653913307944,0.016643138823096315,-0.008764485347375839,-0.029044299689839015,0.03027937693101279,-0.058007526568217394,-0.006644017163688787,0.035854336306686996,-0.0022828164637767046,-0.013710281990258366,0.01381449444318772,0.00888022078726003,-0.0054599043657086455,0.012963040115284485,-0.0023952107259548328,-5.10204092700306e-4,-0.024847919965619525,-0.011045230555279062,-0.007369230106548663,0.021737757404487468,0.047045613824094445,-0.01712524952546346,0.017221232459527336,0.07077858624718658,0.03186003793712722,-0.003273325344968825,-0.0106297437780567,-0.03186528045932402,0.01411690456491943,0.004359997980833086,0.01817980722786139,0.013587875636908997,-0.008501252456039055,0.005125587848811897,0.019301030958220444,0.05957051068579933,-0.004117238602332485,-0.04191123907501115,0.028741201116371684,0.05594861638470405,0.04421015121784322,0.007691500394996886,0.01007882547615857,-0.05184717653422588,0.014040660331247956,0.014196839862919752,-0.02097726107446629,0.026856213474323987,0.0031164230906233215,-0.0050934816160621565,0.04786990784851408,-0.013447840918787257,-0.036121451244111924,0.004509703489032901,-0.02168063400464071,-0.013953427597894752,0.06859705495796664,0.01564844788532138,-0.01664049727175776,-0.04322481389701238,0.017195619415060648,0.020702291975558396,0.019974382872803176,0.00902798489553458,-0.014161599792815949,0.0032605180499336583,-0.03418310993882123,0.04078235052334289,0.023290337055819066,0.007202227446046372,0.004231827546771427,-2.3753909609336432e-4,-0.024940548011469943,0.04267924992941641,0.03214537426450548,9.436930552499945e-4,0.025369085952721804,0.04823961312988789,-0.04008755288978971,0.06458384280813512,0.003483736736799692,0.011536254230543719,0.04826674096983474,0.023869157064611457,-0.11383799359695246,0.009993251373302314
2023-04-30,0,0,1,0,0,0,0,0,0,0,0,-0.023143106148602044,0.014596152339361623,0.03624008501514364,-0.012152003362476904,0.014367052769074462,-0.012881183788931772,-0.01265193899279371,0.020974840875185308,0.026587209804969092,0.015822349634194488,-0.004837218734349946,0.04929908180515863,-0.03771897255376189,0.0424091819250938,-0.006019233360532894,0.014451264580532808,-0.08107785574507798,-0.025684249199091624,-0.013620227387862727,0.027912845743486514,0.011989548334117472,0.04487324704537077,0.0068040330532017634,0.026853325720993304,0.003755481150730766,0.003056548482549104,0.0010196650555718278,0.012960915021672292,0.04361160342101478,-0.33436773871113346,0.023887181077584252,0.03462865583113306,0.03134668610047875,-0.011917421101649062,0.057937837106218915,0.03800884305774588,-0.005825556870682647,0.008718451039881003,0.023830244984567983,-0.0043655758808576195,0.05665151702555171,0.07839691778024438,0.033800050273401716,0.058180760596068026,0.019760699453989616,0.005737946777460756,0.004570140034440229,0.007382354011522985,-0.0033050877543825408,-0.0022714792693907526,-0.02413766791644445,-7.390203039046028e-4,0.03487277401412925,0.021397212735282167,0.024670792488382887,0.01945629195352616,-0.011192269751121309,-0.016505317109629658,0.005500280965968329,-0.022736864267795198,0.033461299031287695,0.003930145704803323,-0.005502918197230144,-0.01797569526068621,0.02823521592776146,0.012022854384738935,-0.032982628355695986,0.031645031292961256,0.017950459997919666,0.012011947934805534,0.03333844115344764,0.06759892612583673,0.04020386245406282,0.14213067621070952,-0.0010236725142167558,-0.039670412825726586,3.9436064791864567e-4,0.0645262505214017,0.02859333828710664,0.0614942518084467,0.08625523328630536,0.029300685190680298,-0.005711163244582984,-0.012536074330371072,-0.04673214970441908,0.04257600042056264,0.082970502632425,0.00927309593036263,0.00352237067250627,-0.033698433815845696,0.02865664765827791,0.05892022179399525,-0.007065129237071588,0.03273332724375422,0.07658955716951521,0.022097855214218143,0.012685865336015567,-0.09047353982394668,0.08206495305430472,-0.005505207136240031,-0.006317140401261412,0.025635554107812375,-0.010094559641483869,0.025893035976532808,0.03674256927650266,0.009454217804478304,0.02075371279559768,0.043791964272108075,-0.05431595539254985,0.012924924558734396,0.061946804239341624,0.012493831265977917,8.56677804002004e-5,-0.011832199110015651,-0.09440504701573893,0.019661229362198718,0.03745880046256467,0.01396454035037209,-0.007592601676781108,0.0028503582243564196,0.031069471313452723,-0.014672989870159192,0.07810765809871967,0.016415055407044576,-0.10490821341787893,0.04014919104522896,0.021861780632409733,-0.04407718772675828,-0.005064904781364454,0.010502948942353818,0.04561970609269572,-0.010249491844805725,0.038836628080190394,0.015783589652976104,0.006956549793359912,0.01582964918933083,0.1231738842912593,0.02368299511837435
2023-05-07,0,0,0,1,0,0,0,0,0,0,0,-0.02914373029782613,0.021986732853369162,0.026809232570959907,-0.00878417336557824,0.02336577932713979,-0.01333027381252716,-0.028062335485409484,0.014286860366715004,0.02066736696269622,0.01104380983939457,0.00381591044261409,-0.04348511193973881,0.09210760100587212,0.023932766211627765,-0.022069213568610913,0.015925488364828766,-0.01635081930817428,-0.06438711130527786,0.052086508215658966,-0.038137429149585955,-0.0384228054022735,0.015111671295023221,-0.008322348015595615,0.007710595734082837,0.012691576067522803,-0.001527106430650349,0.01689083032528238,0.005532587774352393,0.03317755734342853,-0.4609946826510578,0.02241011862690545,-0.034760434180141075,0.003386207051860879,-0.012918058836633328,0.07311840554613269,0.0027882909918997,0.002865918031197623,0.005194816877103214,0.005184191046845754,-0.04136110373463886,-0.025299078411229914,-0.01871975846624796,-0.023247925004787007,-0.049425574711393416,0.18772273727359678,-0.017537493708615237,0.020326879021276056,0.006273878245627529,-0.013158646736878055,-0.0018356038782387785,0.03046161451033491,0.0016883874638171648,0.005492842617320193,0.014380778805229255,0.014419160777716655,0.019456596614878308,0.09251836921550716,-0.0248114931018808,0.009621689481372542,0.04826072071166543,-0.003937012959339015,0.013700343414130955,0.04642246893433288,0.0011301734888924386,0.022868546918013877,-0.018201607963100663,-0.10610596198780264,0.033547141949606285,0.028056939575169082,0.013573007933140424,-0.008261046681554696,-0.04841103521365575,-0.017105183747120556,-0.09898411286801778,-0.012431321727216726,0.02420804075896754,-0.02353753820101545,-0.024011361168227552,0.0099644952594317715,-0.026021649735733732,-0.0409165526972437,0.005374751666741062,0.01242387980366999,0.017196880281861837,-0.007417562801209421,-0.004987164636157004,-0.015172374417816492,0.015037877364539654,-0.015976784127919252,-0.027996808775042403,0.0019134184264002485,0.08112981544217934,0.009647997655325646,0.028612163766144505,-0.04877565048665744,0.013776213973331508,-0.14888453495607834,-0.05465841253786419,0.01867966255155551,0.017004606052237747,-0.024605014846610374,0.03670041280898939,0.008934989840742702,-0.001980852413961287,-4.347421116204231e-4,-0.027718183432482668,0.007567678058805427,0.005696668621892442,0.005051366188032702,0.026973437501551345,0.030568261940739916,0.04109041486812881,0.002652067599433039,0.026085415007204737,-0.06815980354373874,0.02269371019496358,-0.030890396168686607,-0.013573991624455495,-0.05336360752517777,-0.001186662059271093,0.009980122756724441,0.018148540412728842,-2.3814910516506416e-5,6.230044590571637e-4,0.23517760325937864,-0.009442383521962583,-0.030463387495479388,0.010924223388771637,0.004749098683682895,0.025308412269675173,-0.008177307502786668,-0.02632799213512893,-0.02662741718533823,-0.008459752783998908,0.05209762544406171,0.015919049125248996,-0.15459327521378707,0.03424080664552953
2023-05-14,0,0,0,1,0,0,0,0,0,0,0,0.012348885007176236,-0.012135318772512171,-0.02776644524096561,0.016916647916865202,-0.03137784021383716,0.03228428169620212,-0.00965627197539387,-0.04204669595612831,-0.006419385369791364,-0.043296805753324286,-0.001952671595390143,-0.07626563081603166,-0.19101833537244506,-0.02544775405685229,0.0043820760594499575,-0.026718955735604233,0.02397164570464483,0.3767970490209711,-0.023380763188158404,0.01968872359725271,0.07390908250595807,-0.02272570655638706,-0.012230230795003294,-0.0302917147740569,-0.0028828354099514897,-0.026847250036188264,-0.004303858590916754,0.0047467644548202514,-0.048960730928264695,-0.010192427542532911,-0.04637761776404847,0.03279832517601733,0.026886530025743482,-0.021664625491634837,-0.13073731424907464,0.017155108675588338,0.03307332653516237,0.02540847744881969,-0.027820189983387422,-0.02865813738302947,0.09266413436886278,0.05537495802619308,0.04243406793707116,0.026876113761522546,-0.21751217407570334,-0.006346731405683315,-0.0388988180756229,0.024562115995504286,0.0032201998587648717,0.008343139730317084,0.005703990786713575,0.037000055259146514,0.05217543713894113,-0.035493456042788196,-0.03955526100397222,-0.010726681819773987,-0.04842131359583668,0.01562531790308075,-0.01921732218821326,-0.0719189891563401,0.020256946477712923,0.005505834037466073,-0.014740832954217353,3.162198205828304e-4,-0.04355180750784271,0.011205854597073461,-0.08030617757362446,0.006196397328372072,-0.05292131774952402,0.008879909222740068,-0.007360515885427965,0.04983202825306776,0.009594821745941395,-0.013146552181569682,-0.05119437415299455,-0.0010877448498174402,0.026686837133031993,0.07641484341294635,-0.012457931390405186,-0.03440721377111444,-0.03019927522808885,0.0019172925776782535,0.014042898877548282,-0.005959338792051128,0.025151258065465143,0.005815945998345562,0.0036944865731296517,-0.023783778835806402,0.023199367134254523,0.0519832853863198,0.026643094278879786,-0.17663731823198336,-0.02701689375553684,-0.024594820378156967,-0.057391511984287824,-0.05987152901575499,0.005566767422939378,-7.41106753288534e-4,0.011826681869328226,-0.02061777961769895,0.02116961191599298,-0.011189358645673053,-0.00945541660242366,-0.04650427912698074,-0.014894824464840362,0.01576108601136106,-0.02193582698797769,0.0033081315613623374,-0.029083044868825958,-0.0024222862065945705,-0.014093973055146591,-0.042769676387848676,0.035543445657227224,-0.031925690889400116,-0.12944612009106038,-0.0028087088381285596,-0.012671941811712273,0.08945967686169265,-0.07251905252529678,0.012272988603283075,0.007420266547306653,0.0040983663922817826,-0.06969907118362073,0.013762394423719293,-0.589841270706092,0.01937817537061637,0.005419314312388401,-0.05103062918948531,0.028439903268563604,-0.024857521753282263,-0.19503613373973216,-0.029941999403521713,0.0033191378593446785,-0.0346098735752669,-0.10106111485874969,-0.07788889081037453,-0.012629777297613387,-0.012888048854026835
2023-05-21,0,0,0,1,0,0,0,0,0,0,0,0.031411135210090535,0.04000533461369926,-0.04725906339185393,0.0247854453608376,0.051539618999389525,0.12155520157780675,0.050776020356770424,0.07422486204124379,0.014672239732572478,0.039288784355785644,0.06556182463632787,0.07174657858056843,0.3797464370839734,-0.042022989774848085,-0.015962220985207942,0.026916428090116185,0.00876800779687592,-0.41266729230502364,0.07497385174366666,0.00915837190684865,0.06890370121626077,0.029399936356724332,0.012230230795003294,0.05940585262230602,0.03192911921124608,0.041512493904270364,0.06350013445428893,0.05708004525004018,0.17053259765319062,-0.01364186852159932,0.07911549388434391,0.027224546584262654,0.02472609617307775,0.06418256642220488,0.03755134565213236,0.05847176845533397,-0.03481236845469393,0.03393522681164818,0.043767487729931887,0.09012207660395433,-0.05257360298730074,-0.02718336189737869,0.07100915755196802,0.043078793685380035,0.1057923878303777,0.010592785050213216,0.030753688730456474,0.03631512564495232,0.07841904139599443,0.1516592136300705,0.09915441424442673,0.030174163815460453,-0.009869456018484435,0.08478034575543258,0.10904126024967375,0.0555684010503672,0.027333562980534687,0.014900129107527249,0.059660913222641554,0.035848895605078646,-0.026191681997527638,0.030821441913129632,0.06746710657482691,0.016884652197031613,0.04993395920673027,0.0512598639201336,0.033766862470817394,0.04936699264682076,0.007383585504050494,0.08558191290771511,-0.015008517950259481,0.0379874798220996,0.21661392430265103,0.059092532032332556,0.12807619624482314,0.05727933282437636,0.02359676411542644,0.05956683565683463,0.043448945819704043,0.05086061727441127,0.02605357784838258,0.07547993113472629,0.05086949851134026,0.011369631520298462,0.04446837621229527,0.012201206792043173,0.1155060850717069,0.05002756044456991,0.1327322011756431,0.025691843424442418,0.024590461167824706,0.42363004352070543,0.03415672131580472,0.005891033237237053,0.08415600236959353,0.11914180902811289,-0.09175601329757921,0.045885146702762114,-0.0026160904390515327,0.055671669002768986,0.043908421334298176,0.01404359096053831,0.043795186027780986,0.046834693800398064,0.05489650498257159,0.014529064414150916,0.03699796250249143,0.06363135111374696,0.1629223063436509,0.11517476867426168,0.03662107207935872,0.039866916729887514,0.011395901150599741,0.0362182104668598,0.09468276160952982,0.006807514526570024,0.0826137400955318,-0.03315488191106386,0.0780373131836063,0.04562395822726728,7.39007300537331e-4,0.055813771721763494,0.07181638037604365,0.03730510569259682,0.7592776486856021,0.009454054594696615,0.0459088129643801,0.12243035231912103,0.053593144633374834,0.031577289936048025,0.2151607026582143,0.047647761885008855,0.08081134558739045,0.1377647330387095,0.03775958782703537,0.07182213812813742,0.3535632505854389,0.05924452499062127
2023-05-28,0,0,0,1,0,0,0,0,0,0,0,-0.08304037729632885,-0.039470765819785925,-0.06877774832811401,-0.09101906735524068,-0.031234352838644064,0.008278888248185012,-0.038483172291694956,-0.024923600184934003,-0.045222876584893434,-0.059672111198766586,-0.13283428559036636,-0.03724272888816138,-0.03410176189708203,0.014130548004159138,-0.09371443159386939,-0.04979273983550936,-0.07433955549002036,0.5149713211456959,-0.07977650242772061,-0.08584781794578866,0.01798134887634717,0.0015381237925877755,-0.015311303904447904,-0.01882749313797394,-0.0562815367187941,-0.05733560884351263,-0.08994109357619706,-0.020332840160028454,0.010740072956924251,-0.028889009852136383,-0.013297670920491278,-0.03354469351274325,-0.05610234481940424,-0.030305349495328926,-0.06634194813672156,-0.025398190605610438,-0.028981514209970527,-0.052116001139014045,-0.05830352756972346,-0.09201103696141999,-0.08107486052377766,-0.10275868754682804,-0.0573166501687874,-0.009186081437080773,-0.07565360604655158,0.0058367546675706095,-0.0428513455114814,-0.07171109130777875,-0.07073260847183782,0.06397865126332469,-0.07756671174555052,0.04411523003171247,0.02477798902937156,0.013757517439769273,0.018952487916587657,-0.056051402106259474,-0.08826453011861712,0.0014536647017733273,-0.06838445793996151,-0.001136579019872741,-0.049571719504252876,-0.09949011174381184,-0.0033370442535769484,-0.1262177172674015,-0.060860733187537264,-0.06573904386217677,-0.018512698742289224,-0.031238185383869244,-0.11440402719705123,-0.03293644902659487,-0.15372047977760328,0.0358939454295264,-0.10138891742461453,-0.007512556201031195,-0.03443563688117557,-0.06840575859763653,-0.028620662777503192,-0.0029995407814986663,-0.03889119772104532,-0.053926673132306924,-0.031142647355854258,-0.07465464430072544,-0.0997240251703353,-0.032909734088797826,-0.11163421529976958,0.017405852810402855,0.02324920002938846,-0.07115573208477688,0.05863354637981111,-0.14405595688024864,-0.04409066793432448,-0.10530788269378899,-0.04243589338482501,-0.07557748013308174,-0.010440064996683596,-0.06779713809954657,0.07008333839868275,-0.06145111693402949,-0.05243136289795025,-0.10900044687809451,-0.049384598704244276,-0.020672305030522864,-0.045488445956932466,-0.03633093816760358,-0.03813982930031479,-0.08158344481306212,-0.04665229441260976,-0.06068688164053615,-0.05931548889931193,-0.09675214112122621,-0.09419703665050427,-0.05886986385550319,-0.053324763520041785,-0.053815495828986926,-0.010066985305062559,-0.04311935356893848,0.010394942720514777,-0.02088589097983462,-0.0303596627679088,-8.968610466633109e-4,-0.10588050089101486,-0.024779311913837532,0.23526118963838627,-0.06312904985013557,-0.09158722578249723,-0.005005304510855346,-0.059442329602966915,-0.03106351112119654,-0.06470665683640942,0.04114515697333765,0.038324231720201496,-0.04353899477537482,-0.02993786648728225,-0.057925564847270294,0.034452226265953456,-0.01842426732605862,-0.25359935115432286,-0.04018671338699775
2023-06-04,0,0,0,0,1,0,0,0,0,0,0,0.09580349075291128,0.07529699891337938,0.21497953542882797,0.1339510057001494,0.04611684943088612,0.09047551768735573,0.08283798866759096,0.12567251411152647,0.08068722366017322,0.02483358672185254,0.09345316905711165,0.07999104544119984,-0.189586204637906,0.06884438236350654,0.1549604345911515,0.0730178274718245,0.15108874284906282,-0.1874629562943726,0.010327114155849415,0.07207861341085842,0.06511058015697202,0.10747158033579218,0.09082921636928898,0.07734000332565127,0.06582308803689418,0.1433843405772608,0.08541084477890415,0.09798623556606856,0.03291201937059718,0.13946204733617407,0.07502612506650941,0.11271061281145123,0.14940152258561845,0.10291575125009356,0.0019672137491690833,0.040587429467102254,0.07988054638756648,0.07416920876588673,0.06234575180267932,0.19245620612501568,-0.056681034277416664,0.16348283660892804,0.1392464465186789,0.01576838368377853,0.06556401679271939,0.07184878283596863,0.05586451039074802,0.1217024892480989,-0.0215422712995732,0.09694833039490636,0.034389902252952353,0.07104089391434698,-0.028870365392656083,0.0634261470717652,0.035158662438634636,0.05182994782964556,0.052424414445424006,0.09474878709539158,0.009360817212698436,0.14872060566815293,0.07914015338380143,0.1273535157167931,0.022311902014510387,0.20501272575826235,0.0758570678951811,0.09361286680844483,-0.012622583262472453,0.04292896601655283,0.19789623679168056,0.21379077541918612,0.18518483720396972,0.050866773581599745,-0.062249499607752945,0.06133902193550256,-0.05293590578855856,0.07846123318408083,-0.032111930318675874,-0.00396924361362494,0.07279274939672664,0.055443548660169206,0.08016828848495372,0.04472001349751409,0.027934622182806734,0.0968539111157698,0.10466554598367672,0.05380166148601262,0.03622641191086551,0.08311600754774862,0.10191287982448394,0.14686024656457963,0.06919846521864859,-0.09865788237595385,0.034292409564236515,-0.012063421586182344,0.028087581810261497,0.11342534278072236,0.029490428510705158,0.09178993478107245,0.0941174240836462,0.045169705762247325,0.1133770410765278,-0.011917347816956969,0.05058257388921028,0.013610281546094782,0.0891585410815452,0.1302701044117338,-0.0698247389907074,0.004341965396823078,0.054307868832145445,0.10464597471995774,0.10417099727245649,0.09222216911574854,0.076252213817396,0.03911992448184254,0.00447256511973837,0.10482912449454762,0.0371170380785486,0.10553637958984297,0.02900894304465229,0.10972513564687869,0.15231096896490026,0.09046339205320475,0.04133876555412108,0.09587591826921926,-0.21036921819114696,0.09537158519836986,0.03587086195449363,0.07667526148020798,0.032676325675319084,0.02265603190804555,-0.05580364633880297,0.08326582799646509,0.08821350249202897,0.08054538040013348,0.3006599042004945,0.07972479318985481,0.18236888399053708,0.12854021002671878
2023-06-11,0,0,0,0,1,0,0,0,0,0,0,-0.031491151822227614,-0.033004633171065834,-0.07753025237745259,0.03718715476959922,-2.8231308708637215e-4,-0.010092784922205666,-0.09066250651500773,-0.08315703908493788,-0.10805293884378653,-0.09276900759766171,-0.08384294995118236,-0.06963518205510955,0.21596592044107776,-0.06928991589727485,0.0033825717222315532,-0.04589092740174383,-0.03287346167049687,-0.4720676134665869,-0.024569779157934235,-0.08493287276384098,-0.05276173528042882,-0.07315660368445176,-0.09469395547917792,0.020889886582009076,-0.06146578266793856,-0.08906532527317346,-0.07367017572206702,-0.08204062228091402,0.0014106300118541526,0.024980318527631162,-0.050584838589601944,-0.05826248700988401,-0.01680803059154634,-0.03855367475347471,-6.553080182083448e-4,-0.039075427667045304,0.009972489094806747,-0.04560308146486847,-0.061428741192797176,0.03157611154813189,-0.22487973462825828,-0.06727200803323186,-0.003523668257082946,-0.03753654044520527,-0.11901048149602023,-0.0720705123268992,-0.025647754516537447,-0.07446601103849382,-0.10866448075730872,-0.06094790396624372,-0.05830183589690918,-0.0719374375629318,-0.10685874086723945,-0.07613873233704105,-0.09700859837045428,-0.01732557539974877,-0.11985223624043684,-0.037755150310778696,-0.10737550698428322,-0.034228295674667564,-0.1171210828715683,-0.03501560745992904,-0.03746795973930084,0.03063856175645796,-0.04937788090688944,-0.054805336363908275,-0.09774854222321405,-0.09562314786178305,-0.05004118634073418,-0.19885706287980742,-0.06065440543842282,-0.08553112667095064,-0.059403965785625346,-0.047608829123600316,-0.07576186522939032,-0.04918026907867645,-0.16637754794914805,-0.00893866279670874,-0.012118362719249376,-0.0305230158408909,-0.1308173221393849,-0.056036067815124824,-0.12211905606164652,-0.07116442500045927,0.0029400976709963444,-0.10873039126210848,-0.15100758439153772,-0.03426603297726949,-0.049890264371452275,0.004506542101890609,-0.07801539353809339,0.1773231235593551,-0.021459428670975278,-0.10036069559039351,-0.02449583894865892,-0.04235813119159282,-0.14793389347012464,-0.037445326494693454,-0.05553395804448957,-0.061113495298732445,-0.015362532700975429,-0.06888771348695943,-0.04395616102432509,-0.14836593425839784,-0.06684001812585016,-0.05642249109521913,-0.24712191273606976,-0.06832397514094168,-0.06370545287291218,0.09829486927673248,-0.05006697137951566,-0.0762490172719863,-0.025049207254593142,-0.03859598708037559,-0.08783468476189249,-0.10535009350867508,-0.04080606025441291,-0.07998618654875056,-0.06098208848647424,-0.034352181698732664,-0.07439733447353358,-0.021014877418077837,-0.2013417483693054,-0.06308863725581837,0.39179440690681844,-0.0800500176417751,-0.1080896885733873,-0.018025264286562148,-0.07548791540186883,-0.07735997331475275,-0.09084913727463384,-0.07893369125733063,0.15763895584712362,0.02766820424009886,-0.40430174496295024,-0.038241860112822934,-0.028197920804759136,-0.1153262376718498
2023-06-18,0,0,0,0,1,0,0,0,0,0,0,-0.05735802886877117,-0.0018801817349789474,-0.0031921912376216,-0.07835044092686871,-0.05752941690913271,-0.017406250667306722,-0.04694218323158417,0.022498070357832134,-0.01624034791619433,0.09839173818293112,0.0013794464696044173,-0.038622686622948876,-0.07043564688385473,-0.0337632614041814,-0.0993254341217753,-0.03703364984531632,0.009462436194496604,0.7293232667831697,0.039496532323288314,-0.025723330468695238,-0.004775210401271046,0.004603791700645843,-0.019550964870955312,0.0029112102074577706,-0.003934799905308317,0.06387742652974726,-0.021531579491454345,-0.03318657519496693,0.03051877418021398,-0.005181612023609006,-0.002277654267042628,-0.013632291780805161,-0.04308014359287782,-0.035838403618695835,-0.11925905068450415,-0.0064418563046997335,-0.04724511559736477,0.01718198555529238,-0.0014309040984148425,-0.1065729755329432,-0.021115031357180847,-0.03516083908551604,-0.014789941068313439,0.0301919462037743,-0.035630995887102834,-0.02378660336024918,0.01709717513828224,0.015572371491596293,0.03227701352365031,0.002942343547521098,0.059946843670398486,0.04337361527774242,0.028913032328440558,0.015544354437800223,0.029290036904276562,-0.028136798677008024,0.0034335976598880436,-0.005561143757352838,-3.9905115034954974e-4,0.008751318052905965,0.05938177202532291,-0.006481013895784926,0.0431721718652085,-0.10403006697667294,0.012676514056461308,-0.0014148122292549914,0.08833070207279903,0.029563577802135477,-0.04705596061122108,0.01899344864255248,-0.09821312344817379,0.036640681715233825,0.05450638686272136,0.01720648759366661,-0.04147278793693587,-0.014894846927149707,0.05813482620426669,0.014985469484480873,-0.02193577917569467,-0.015485873772273173,-0.0040873456925432095,0.005292338479771175,0.005307671535812908,-0.030747396538720828,-0.002572112386255654,0.01768602543979725,0.13727470380025508,-0.02526523036656947,0.04095840052536204,-0.09284918176871848,0.029712159725109544,-0.002435461505819525,-0.03793764392295085,-0.03058971319451853,0.025370092246365772,0.006056504515377981,0.16935523117529172,-0.03902579574297338,0.014502561366627198,-0.029649060451341747,-0.01830746245072401,0.07945321791185389,0.030355602014247474,0.10343785315975573,0.008393008843349037,-0.06509622341868848,0.025207504723052665,0.02501058928291311,-0.0028365832961032567,-0.10474881781747669,-0.022273381635321776,0.013396047615042761,-0.009315371956141405,-0.003082070704287787,0.0779041165592913,-0.02202291208743734,0.019873790308105654,0.01699895231117754,-0.04174793970688828,-0.0729085189605092,0.01931094491308727,-0.017888643805203053,0.031930528017790394,0.017086678646049513,-0.1580074502649218,0.016960738243563256,-0.046671016012680866,0.022352758830342268,-0.04721456193117035,-0.026165804643119017,0.051517468289585366,-0.005538846189291569,-0.08539317522636658,-0.02909915342116598,-0.002417731197868811,-0.030183377823098212,-0.05773844156864527,0.01593571449889808
2023-06-25,0,0,0,0,1,0,0,0,0,0,0,0.04835005560221628,0.026422843059230594,-0.009258450641167038,0.06620186419388396,0.034489555419968454,0.03808516631732939,0.09056054027702132,0.14654773601266857,0.025150084994050026,0.07628330474963008,0.0375871500883056,0.03462667730956692,0.14780830649879828,0.05186929808990026,0.11617945213378622,0.07566378732558299,0.037528907021784796,-0.5231686506128401,0.01398420458247962,0.07958878120182966,0.0657749785410422,0.06657896480952008,0.05418151826594819,-0.03304531705153213,0.03866817008691026,0.03891181039159619,0.03479312389434419,0.01806614458896938,0.10990624806205673,0.07139474192252138,-0.036250505567169355,0.06602979423607103,0.05328190572715563,0.08477980795780571,0.046889223687822223,0.053296608595093886,0.11619945069632731,-0.00426789879608247,0.06085784991024923,0.030914847031292325,0.06185427524641529,0.00953104782099956,-0.010558723018544214,0.1000592492920962,0.14477946451400658,0.13470873947494333,0.0812114548266365,0.02088349705988435,0.08702310575031014,-0.01416849216018079,-0.007810391169834396,-0.02698594635559104,0.05543290940619361,0.040554606590198716,-0.007381794690495269,0.023093766335295918,0.004855540399582914,0.028228366403028282,0.15498027422852978,0.032314054556409566,0.05581113478488753,0.03149899649444343,0.03617415695010262,0.10566083718077124,-0.03409773451871967,0.02133471719110336,0.09965804761834907,0.057304322753251924,0.0942133614294578,-0.029710441414875,0.1720045898230227,0.015239551258538597,-0.017515698151098213,0.02566299616603729,0.06851653251120737,-0.010541718850760162,0.13451102626312572,-0.02486557808418688,-0.012386277713153149,0.09997638711818624,0.029941720733758004,0.06487458656146927,0.04677738853047231,0.09027532659837156,-0.003685960678923017,0.06243986455160311,0.07126759263330307,0.008550789382537616,-0.027616783587788518,0.08752930086639932,0.006715319898288996,0.08816896081524117,0.033678255828056614,-0.04702977251677076,0.044439097689915386,0.1708574498292741,-0.08250902968500551,0.028150277735046636,0.008471865593650207,0.035490567431630815,0.11483827670271118,0.06778506642144144,-0.010101095986503772,0.10716164979945741,0.0363118088421297,0.16677613884446174,0.04240627961194399,0.08055050806247799,0.029645620431542063,-0.019615594428204375,0.02491976095020121,0.15500574614699136,0.02258370886611516,0.008436661008764723,0.06794925196544899,-0.0032013686502931904,0.20347334316769938,0.01600416339930444,0.056774271241493146,0.016863057678127902,-0.04547970344744101,0.009820469155693345,0.11415181844190414,0.034698335608314146,0.2791894207166301,0.058253042229567065,0.056437452292239065,0.06751950499013759,0.051847941267165965,0.007621240435189414,0.056551461352564836,0.016525343130859405,-0.05509351867595669,0.11515256485454373,-0.021476970669229267,0.02786817917029527,0.5443970539126868,0.0748847843498961
2023-07-02,0,0,0,0,0,1,0,0,0,0,0,-0.24733952764986,-0.18027416650047812,-0.14279424967817267,-0.363382109874844,-0.10116374197014188,-0.17429681573235456,-0.24912472047866352,-0.4214272200922551,-0.265351313565124,-0.1936459073537833,-0.18146843574121618,-0.09808345789031492,-0.41642244372219483,-0.07212374442641245,-0.36230384848282604,-0.2244317884307394,-0.3104798348960527,0.484395560487064,-0.19944990983146038,-0.23772148562620643,-0.2802148329108167,-0.1412028416663711,-0.10708675174885762,-0.1377154173413464,-0.21146050679023265,-0.1922755223652226,-0.15857578504960568,-0.20083244232865827,-0.20778223603476675,-0.2512101298830949,-0.22188585730159716,-0.22218670721254696,-0.30193035060173123,-0.24802521769094632,-0.18910987306107518,-0.2227381550337988,-0.3050669791658116,-0.16216096255268297,-0.15257996724673184,-0.3911402521625007,-0.23312367407093415,-0.07326344235304649,-0.2306181375377685,-0.19743052475094025,-0.2467940080956854,-0.3962047537524027,-0.2227990560879256,-0.16176918384063388,-0.24232387196080474,-0.17074413538036115,-0.26443155721702727,-0.1806047385173617,-0.26068801886427106,-0.30369037681795774,-0.19531582333138964,-0.19569104853547614,-0.24560012701746725,-0.21559886707603404,-0.2575900814073009,-0.16393230330297115,-0.19577717962018948,-0.270318729713785,-0.10309905518285234,-0.4872082512442608,-0.08325365924138595,-0.22088065517386735,-0.19127854462723448,-0.16537465117950134,-0.33451996564536124,-0.24034516507334125,-0.26762203649103355,-0.14731785581578283,-0.2099480326893124,-0.18756091147995413,-0.15813559526773435,-0.18140839811484977,-0.1881995313766307,-0.040280376052598044,-0.1379481687796451,-0.1468176514684849,-0.12840409348865922,-0.19045610205243158,-0.19435323447831365,-0.20256905259785452,-0.23493734544248301,-0.12370026557480251,-0.08146266573725569,-0.262346888423842,-0.22506687874271325,-0.2259501259689154,-0.12261235635935464,-0.38655593631032925,-0.18067440070650154,-0.047054325508227635,-0.16404435769250014,-0.3106933320913381,-0.02638999418121646,-0.17270678802827533,-0.1723776510036723,-0.15958322391852686,-0.31621924881658625,-0.15186818363198284,-0.15005586016634087,-0.11978965220182136,-0.18389997916386314,-0.4272401803398367,-0.31452602933657126,-0.11475569578209033,-0.28201268038859073,-0.11083729396923037,-0.17422754359959924,-0.3093782292356666,-0.16022874278332644,-0.13775484040130337,-0.15080750069619597,-0.2199155476041854,-0.46846836202352016,-0.20262098994218292,-0.22556865366215195,-0.18881121601814232,-0.12351819214804216,-0.18903039372295183,-0.10685569894804559,-0.24083957276553658,-0.758602457446333,-0.10805745504227726,-0.31394090294685206,-0.2052662888344603,-0.28589194630691317,-0.07765887157361018,-0.12956098495426271,-0.20431946606857387,-0.1951485234431969,-0.27589592294281395,-0.07560993450624665,-0.22729121383429085,-0.37987523211080276,-0.17328633716833508
2023-07-09,0,0,0,0,0,1,0,0,0,0,0,0.18425100228601554,0.12837996459293244,0.1207225351432255,0.35353141100862917,0.1176883072899031,0.17018425582344854,0.2213558909110782,0.18289787032445837,0.24247266623138586,0.13024534057421278,0.1424032344403381,0.04708866310551851,0.1632884957569285,0.07146707372316019,0.36318890219697675,0.3367154272838899,0.2955252499128065,-0.522752431663978,0.18575904640684815,0.190541828660872,0.18161757929216016,0.07457107994017864,0.08093899454531694,0.15424024142330595,0.1848288711037389,0.10745084041917785,0.15453624987324233,0.18098614595672746,0.07261811619595804,0.2259789037075537,0.21821809128875902,0.18673365624597693,0.2737790817918224,0.19736184458406747,0.1971815083911972,0.18584308292973173,0.24158895116702084,0.16281874912466598,0.1193869998909669,0.41881661407435544,0.23926169947989173,0.05817261270984364,0.19587352678524805,0.0799349362781161,0.2145656397848592,0.26856757940099474,0.11139918796907544,0.18599349800355203,0.13592591510383656,0.19949586876852443,0.2094988777983966,0.19585954501865643,0.24802580567185295,0.27920139691195267,0.15616985413093154,0.1628421531174613,0.2596905918169101,0.20311346783703765,0.06515258317713091,0.11301463425064373,0.09855927052113067,0.24000894550644514,0.04335570637327013,0.46875754333114283,0.14163758488583067,0.21414158062402233,0.14575287729044284,0.174129898485897,0.2901338360940855,0.2456863108541496,0.24958856641697746,0.13111258743728538,0.18789329781875796,0.14593032938604367,0.20626407394946789,0.1942977478406709,0.14672337108069478,0.028987536873252395,0.07859096202467164,0.07101438886672629,0.06336335421045813,0.1283662015271414,0.17537733301930736,0.12949219197988793,0.18574089490944967,0.07340461967019873,-0.058716577470193876,0.23164581805629236,0.21121989224289894,0.2972126676424667,0.10937020676438092,0.11621171377856498,0.1634530724895722,0.1776745079252926,0.1190225094033428,0.1225169210389403,-0.0298780903561644,0.1540282583298902,0.07927140026931223,0.14163483867211735,0.22118768522024013,0.07267595045295216,0.14100487097709102,0.12706701385553476,0.11805402053321501,0.31081650453327825,0.25225326584813956,0.06562138395299133,0.23238977248494486,0.07612584120906174,0.14557516888239164,0.1463564081004396,0.15679668401705804,0.141330335840542,0.13063303022690587,0.26239499634720875,0.16478709022431026,0.2009608448911413,0.19033735951261566,0.19035018521273006,0.167257683844948,0.10406258633322096,-0.05021966601733929,0.21308856275062116,0.28092198087350084,0.070059440540434,0.28911371192321855,0.11636081785935559,0.2789879275134215,0.1675351677967365,-0.0065982372315094295,0.23150014590515067,0.1906032762828298,0.1581094192968422,0.09654883682781534,0.19874183572757254,-0.4866568952766901,0.12823523078417587
2023-07-16,0,0,0,0,0,1,0,0,0,0,0,0.035818615426131295,0.06381980908247176,-0.004473410163408964,0.04122114896981266,0.06082521244506722,0.025800285651953025,0.010859223953294972,0.1075091563187014,0.02243504080544767,0.03206864989220648,0.04181154518339891,0.06983521324671127,0.33846302986301247,0.08234757330413522,-0.015939701020248442,0.3171818532685311,-0.009250241151733007,-0.1677977449934156,0.040100220685789445,0.03000693959158962,0.09441043975323549,0.031392246197507134,0.037491439977609176,0.0710327025662485,0.05415508315145523,0.035466432775820955,0.02272500251281251,0.05582397056555077,0.16936528021460262,0.019189464845834614,0.09883232535237685,0.0537841548666691,0.050051649308739954,0.026427492997338042,0.093370006488537,0.053870374750871086,0.015025006882348535,0.06784146088190912,0.038396197509484864,0.05882825644927969,0.0031533333184885493,0.090089924492192,0.03868647345705423,0.051913898462082386,0.023601904729474654,0.03881084108617916,0.042453075816892394,0.026585466965897808,0.06414681044828008,0.032755694325602214,0.06120781422813515,0.04222605775824739,0.013261194941383891,0.09224682591795741,0.0917333804520748,0.08241809416983337,0.04543397180188258,0.02514801428322766,0.08812723669116451,0.008837583012465622,0.05985794859288429,0.0655090165641159,0.009384556867523486,0.031284306232787884,0.007506949517006589,0.0208185957560314,0.023676602682225045,-0.0038069691035191866,0.022094847860181233,0.08167554412638278,-0.0284137618934599,0.023309864560745908,0.03163579172908726,0.023655262875275085,-0.0226679907378049,0.04944273756416173,0.005884495378053245,0.05644183157435556,0.07402989656089343,0.037501227382521485,0.004455342633871595,0.06177873270997836,0.04099439345180933,0.009659388509653866,0.07147233967182931,0.026340676488755932,0.1075461280001333,0.07255815020107903,0.040088754705353224,0.016614867699569658,0.07042620610432593,0.3871593120197252,0.04466008234243546,0.07223690364002167,0.02390322588859206,0.13125626919187638,0.12171473348066542,0.049559421873718534,0.0493326841881645,0.05252660678810628,0.06861599875422719,0.06004866520162988,0.025413846399729323,0.026904663017696784,0.07347076451752965,0.015440451128048593,0.09022390100759203,0.06380504922666752,0.11140638624464749,0.08374614560180582,0.053610851549196425,0.11576893628468188,0.01656643250223233,0.015518163376341043,0.04277699099131649,0.01140774237171538,0.08901585779367238,0.04649304248127173,0.02031546595776934,0.09507049618555286,0.05069595254092718,0.06954800073202705,0.0395446591959594,0.05157613981441145,0.5692568509000662,0.04019920403248278,0.00275524435742458,0.1053941264199949,0.05966903122062828,-0.0011687464807073056,0.1298426577005971,0.03050543850110632,0.05717686803729016,0.11802229872727033,0.0845864802066334,0.07702413460912894,0.26427866406762046,0.07085324951530403
2023-07-23,0,0,0,0,0,1,0,0,0,0,0,-0.40684832115485925,0.04404721516614529,0.07164043571841994,0.0019527442252833538,-0.0065286642483126656,-0.04220126557614989,0.16050149612594122,-0.10348423473748802,-0.043993036560839194,-0.034562589529144816,-0.015343132265499548,-0.017839918128331078,-0.3907204009922838,-0.040116456013943314,0.0696518303558209,-0.24136329240406873,-0.6322409875745381,0.637838542742565,-0.05130812447186006,-0.5764424782130124,-0.06646781001188096,-0.014586007853353955,-0.3920568807848479,-0.06487224381712497,-0.013667034201176875,0.00808181246991424,-0.008301158030732836,-0.011912469894964417,-0.1351064475788739,-6.160197823146537,-0.12567645081819379,-0.1361458578976169,-0.05823993123092741,-0.2333634472249848,-0.09127503365527723,-0.03186301407770564,-5.834150266217254,-0.033266126713871635,-0.03986155633778843,-0.013914541600330566,-5.760871441640328,-0.023668357328192613,0.053458803074043715,0.03522680280836177,-0.051626572177670305,-0.01988071721676299,-0.009660080802598614,-0.02194635372027065,0.060870008611898285,-0.030364213527308337,0.02514219994099065,0.06209110369603721,0.002392345638619453,-0.0025407104555439375,-0.048693745800724386,0.0090851363060791,-0.056323126099025345,0.017831244198694307,-0.020227657535382804,-0.005429263421281583,-0.005021351248622352,-0.04363530918434222,0.03163708494318218,-0.024345437017061045,0.02238100619675798,-0.033129766367599345,-0.013839911161992013,0.009156959572704793,-0.0830906264002289,-0.06476062516499592,0.15708480472618636,0.011560329233541111,-2.414292623997838e-4,-0.06064981358880317,0.018793925680437695,-0.02292164948281883,-0.022800425522036427,-0.08592173674903592,-0.010971456978349892,-0.030425877868906603,-0.27392224386356734,-0.06675683936633092,-0.049350569400178124,-0.2910652897321988,-0.3635602764490766,-0.055321598052197274,0.007107846342506718,-0.06363907573489413,-0.002431119511820512,0.08230128725604935,0.0155712488704296,-0.4271527051229427,-0.01996016512348664,0.0024539889615668997,-0.0014238931638272945,-0.1036799695121946,0.036212293872526224,0.02064068665562413,0,-0.014860480286058575,0.007285198988094876,-0.044798735237825404,-0.0056338177182553295,-0.033229794794665146,-0.07118193855156907,-0.006187644492589683,-0.07733535777302158,-0.02259919664387855,-0.11527777509968029,0.28313104061636185,0.04919668850704628,-0.023267404070981712,-0.017659085531764873,-0.029436772756897156,-0.042470120150844615,-0.046539306502596745,-0.06480182916559762,-0.04815594819764257,-0.030971954967812465,0.03339536418901634,-0.0487073861386742,-0.05075736291898192,0.13443336779704929,-0.05403579893842192,-0.7518297805780119,-0.012300495781546239,-0.005671817151722713,-0.1100263962996646,-0.03592206016525523,-0.07297093831420476,-0.05698935083283718,-0.04154628515600045,0.018560163364979232,-0.09004564837508688,-0.02706932196821832,-0.11098443206247488,-0.08047540600984426,-0.006079046076381545
2023-07-30,0,0,0,0,0,1,0,0,0,0,0,-0.025230696176229195,0.16752058028989936,0.08234314577107771,0.02565329598593813,0.052436651273043644,0.0717744327885077,0.3467313032040291,0.19720430635142971,0.06539303017277387,0.04813926552639014,0.0423074939038548,0.0695260626486105,0.4242116758496879,0.03668245607336473,0.09843024778070752,-0.07938548795743205,0.03130146000364942,-0.4004831140472396,0.04975719007567392,-0.09794414297007492,0.20885642102762958,0.011100612218369221,-0.07913088122210432,0.05809255683174541,0.04250394598000362,0.09994816802034912,0.028722876197229574,0.09362078637730242,0.253977196949414,-1.8827312474337816,0.15734712944576668,0.03786431214186692,0.039495122930906845,0.019217385915383467,0.12168966835421102,0.09386243561908447,-2.740840023925201,0.02632968271721481,0.028628784041414335,0.015448717685492497,-1.519825753744413,0.06183746133359325,0.07691212146940529,-0.015530117407966948,0.0879466120355854,0.09164255853590308,0.03610590455271101,0.03438695884882392,0.3623951500407916,0.10464923064706522,0.11473425280702454,0.07751641192142245,0.06978904987295831,0.17772420279464018,0.1515254056321087,0.039891603620145766,0.11910446374590045,0.10014799492131043,0.5345881921909559,0.07566220045240879,0.06149778397667571,0.08913743757941717,0.07212875329881463,0.021595160255962753,0.03275257263207898,0.09912575531481949,0.04223120435266914,0.05535351540087863,0.12850487559729018,0.10300083143464622,0.030988541047186402,0.10784703067302281,0.07397861106794323,0.12390274450129102,0.49433513685094077,0.05052011658843725,0.16486453361933417,0.18844715022063596,0.05325401650995509,0.018290869382504127,0.025398190605610438,0.1890526862089299,0.07387078305899575,-0.03214120921179653,0.015975603872877997,0.057218439651065545,0.19349123640119537,0.09577825770748927,0.06657751602463158,0.06144520366843231,0.06781907842643164,0.46554027279829224,0.05913681425173234,0.043172171865209386,0.04049136135473752,0.3076174241435581,-0.06869328894646465,0.03223006497728953,0.009446763910088585,0.018351944933464814,0.09351253234248613,0.058677593775118275,0.039872391247376626,0.021654698353429147,0.10289826783036649,0.08406212615838005,0.13126054744700077,0.00961926729157181,0.12834611580175803,-0.12008832236806999,0.05693684873724969,0.06823848530741294,0.07189588934675051,0.025595784742946215,0.09683755296418717,0.10428832302754909,0.15131761752387263,0.05751498364226393,0.4359949764197939,0.1463926890163192,0.11061117166780665,-0.4567656331275636,0.08303022977221985,0.09734338958642308,0.49690973443821207,-0.006521082557561897,0.1360455239350875,0.18820296739585274,0.05200657060097136,0.09049550803569328,0.6189913298262919,0.0273200093227004,0.09674491461455226,0.12034271803688235,0.08285301397279188,0.10465529701082765,0.24673051668126345,0.11888215254819023
2023-08-06,0,0,0,0,0,0,1,0,0,0,0,-0.04392397451825936,-0.06681085018436406,0.03287607061294473,-0.002398676167702618,-0.0803691409669538,-0.02561777877885696,-0.24519852653616603,-0.00309329944924297,0.008541054138167858,0.00619441848904323,-0.026680687105697487,0.11140563985629015,-0.17063390358376473,-0.01406034370504905,-0.07850844346335961,-0.07021376638003662,-0.05489504770237641,0.5303957199600875,-0.03723031489592454,-0.07090507288311354,-0.11151755761660276,-0.005457460901550526,0.003252997101923505,-0.08132428776385847,-0.01444440899004018,0.0038486256612948466,-0.032005545240808786,-0.0814743162472702,-0.08465612021707969,0,-0.028071062391382462,-0.013939787408352444,-0.010751623987497183,-0.08213756403469485,-0.12869004695954267,-0.043044835113201785,0,-0.020628954689527745,-0.028414207114764167,-0.05284873598324502,0,0,-0.00946915167441098,0.05504257776436727,-0.1644866891579202,-0.054291566044263995,0.016567923580380395,-0.03540844417718336,-0.28134635708969213,-0.05285334066205749,-0.05632804472685038,-0.1377676692950658,-0.07038659993555463,-0.10460786791518384,-0.07138724575368016,-0.04422637224212966,-0.04002997501780303,-0.07108301491064317,-0.3081291417606504,-0.052788683882797116,-0.026380426680104208,-0.06193602263726916,-0.042495012848955405,-0.015303184784359658,-0.014823425570224202,-0.06484034454692367,-0.00958856727165891,-0.08285130381832229,-0.04497139028958941,-0.045160243267514666,-0.07312719145218871,-0.04485510739544196,-0.037817952667535515,-0.058829034696945115,-0.34065449228498057,-0.012604149718689506,0.04692584991397908,-0.1158655523198533,-0.018957448194832693,0.007773359101816979,-0.08657104803088611,-0.1351378186727974,-0.03427864199327946,-0.02030526616074546,-0.04549804313920003,-0.018463873681061393,-0.10354393418626096,-0.030973389518137218,-0.05950320658209485,-0.01882204110236163,-0.04763783056663229,-0.062107272684684744,-0.054327360982069806,0.0019187725746219186,0.04416615028756343,-0.11240966370745831,0.17056422867285104,-0.028357181676481602,0.15807657178491574,-0.0063849411198022565,-0.08090534682758577,-0.01954459607297032,-0.037865617715517,0.04016359713502915,0.02542929691912832,-0.04393313374686869,-0.07104310285606985,-0.014635237680667323,-0.09465648903361323,-0.17392956853279706,-0.03779605474340908,0.0022818036141138975,-0.04072308464826335,0.00588349845787306,-0.04046696369497749,0.036603185276447014,0.020315781670465327,-0.04264745314694718,-0.271961352389968,-0.04715598614729721,-0.029327615094519643,0.22695406947824903,-0.11294959064942134,-0.06554105465061077,-0.07692080262765799,0.0010748836577727516,-0.02802904577241261,-0.08851454466109132,-0.040027862694440586,-0.043024070322942976,-0.3427856483308549,-0.006502789442660806,-0.0766671546125437,-0.0483072540008429,-0.06897616709620191,-0.03653226677393029,-0.14570273771809816,-0.0671967911618605
2023-08-13,0,0,0,0,0,0,1,0,0,0,0,0.03302468406022374,-0.06404952705509981,-0.031206342390649233,-0.045904840385821544,-0.04500971987430802,-0.04930348079834168,-0.18713669388961396,-0.09390914532852168,-0.04875248590413417,0.029835573307087415,-0.04347670799576786,-0.13946991269730624,0.0035579629080082498,-0.03168912229721954,-0.0668011982316914,0.02310425292208418,0.005950788455977296,-0.5938761597299873,-0.004697601122508388,0.012572699463300196,-0.10109611687136866,-0.008815198385168088,0.01115689787855434,0.01114293361310903,-0.030065555716828563,-0.0602512386943479,-0.026509845317002068,-0.064507325242948,-0.14160318770240998,0,-0.07301361858958799,-0.05569582646815974,-0.06110015842521754,0.005886443589951718,-0.09152389004749306,-0.04135093596138084,1.6094379124341005,-0.01896924656343746,-0.020009335588957455,-0.06243118206192655,0,-0.026427286128717142,-0.10303109990017845,-0.12665316162684448,-0.07061756721395351,-0.04959513477283295,-0.05023422296271818,-0.030858958927538538,-0.1440744587502003,-0.08782206662386383,-6.058770255013002e-4,-0.06701287689874746,0.03176737715985389,-0.0894375178783724,-0.05843047888146735,-0.027019205047539074,-0.1091727087856178,-0.05967062730356698,-0.24771933427473947,-0.0784919763038463,0.0425798653275562,-0.03835138534096316,-0.1253698826694416,-0.05493541083881226,-0.03834397095000863,-0.06327933943919373,-0.035300666721371776,-0.018450707913116204,-0.1465542797508368,0.014198725201622686,-0.010929070532189833,-0.07751712738684624,-0.05652845805296636,0.01631877009433147,-0.2993150593617271,-0.09093956560254313,-0.03697375071265174,-0.025395823766166004,-0.061182564139674156,-0.0021253993123133696,-0.038003306575514983,-0.012562022824896601,-0.050212784061836935,0.03844554662984567,-0.07959693581218996,0.02355294318853307,-0.1381944661864054,-0.06747224773832361,-0.05587258723514843,-0.004100767316637999,-0.01803762431654743,-0.11316596461670869,-0.0343127420776721,-0.037322622164520425,-0.1206347018791405,-0.16671055122075984,0.02729657698035215,-0.013736479727887385,-0.0968595445879128,-0.014981265863263538,-0.06701811568816485,-0.065070294614606,-0.001881232134419264,-0.0055327243938672055,-0.0355708602382423,-0.045448954770400896,-0.07722685378288219,0.003764334565457439,-0.01543256705673901,-0.07096212153635051,-0.015619394044800394,-0.11522221479470929,-0.03665405027778945,-0.0213967046612229,-0.07064727562589201,-0.10565751139453639,-0.06953663073615601,-0.027548643127208727,-0.24433280406987024,-0.12269360322306433,9.153318716883518e-4,-0.08370862313325311,-0.13425662280658024,-0.05467384554541255,-0.08524209928304138,-0.0027791492180568866,-0.10678741056287944,-0.061347184616780126,0.017087352008744894,-0.03154157250311851,-0.35907626581903607,-0.01755038696651834,-0.09060841841703393,-0.051711057192072474,-0.01973748283832144,-0.07236182146520687,-0.10458755726990443,-0.08726125801132234
2023-08-20,0,0,0,0,0,0,1,0,0,0,0,-0.00864785263612955,-0.02717328411868003,-0.027741968532070338,-0.03898447030730878,-0.048954254458068114,0.050145275976161585,-0.08054628669212782,-0.03659625442450576,0.0333475381729782,-0.0424625880011984,0.09927906114130636,0.0038301993841125537,-0.1647191872214835,0.027782465740259887,-0.03373114070080252,-0.016952681654498925,0.06676096876413329,0.39471844036242576,0.04108093685995051,0.026086373686450948,-0.008877257048356846,0.03555816484515617,-0.006737977740518986,-0.06389008277052977,0.02941582533207132,-0.04165340683525809,0.08892406024768107,0.0380970473880069,-0.12505827762791277,8.833046140834714,0.0327586504915498,0.007047546521439685,-0.04110898066788771,0.016775470425063332,-0.12444489954122862,0.030337801311145718,6.353848165513695,0.05159096491674653,0.057178681248133856,-0.02363721426622334,0,0.001829408239458985,-0.055960970451180536,-0.008572594387721288,-0.13237062638856045,-0.03238112597238629,-0.0050759919908145434,0.03419195524500207,-0.0825297252673396,0.012532711465228275,0.014440684154794603,3.7432154657501826e-4,0.07633891709885798,0.03442640999557156,0.030370688196633466,0.00399868930550884,0.11649737295401597,-0.004931086983887667,0.00735522776544606,-0.07388663527809491,0.0486348967209409,0.003312024828254323,0.03849944007508377,-0.024438350400373565,0.033036907697901796,0.1115493787669406,0.07751230142654997,0.05480202915108645,0.030405663102953895,-0.08068111052740523,0.023150959899199464,-0.028370077950079065,0.018192309309418953,-0.10962453952622653,0.11910129371881073,0.002035341622240061,0.027814688182877134,-0.039232122422911075,0.05416708645236312,0.04502840424754062,-0.0012919898438026323,0.011584305244291215,0.1729222231885581,-0.03588472576817203,0.08652844850195152,0.041964199099031596,-0.09107383974023353,-0.01959965644316508,0.010044798267884403,0.06470819415056805,0.05214945882341038,-0.2647132626626645,0.0583029754182407,0.07000937876737368,0.07400245909638326,-0.09146489342399455,0.24360908672764214,0.2603407268474607,0,0.09271020440989997,0.0053177471764698225,0.010160968031408757,-0.03123859543277341,-0.01937986467109365,-0.04810616095074849,-0.007475537389188602,-0.009047819966903958,0.0805768138682934,0.049837516679119176,-0.06580290365523656,0.02042276563386114,0.030229001961316726,0.03955419339845001,0.03702350543089317,0.21297059997799206,-0.02772907293616722,-0.14119389374314117,0.019906492007764953,0.041014639912550166,0.019197455385616458,0.003425051869784035,0.014462580053272056,0.0523630314114758,0.005254552698419346,-0.18382125900408575,0.021317087511818933,0.0788018147806211,-0.03846787382942196,0.0067540166692472425,-0.015264110848391965,-0.010801933032813515,-0.04308138836068043,-0.011967659577111434,-0.07499714236021937,-0.02405392060979139,0.08966272631124994,0.012257408134894732,-0.02154353101216877
2023-08-27,0,0,0,0,0,0,1,0,0,0,0,0.07745805903900393,0.09207720780816864,0.05489742634250572,-0.0014950168897520655,0.06522878558691403,0.03767215335838969,0.0256529560566241,0.06631688386910817,0.08875905629847836,0.057775466307138146,0.04313690960212302,0.03935548486857776,0.131938835395931,0.01715728361857849,0.023797284176511724,0.42454719767951055,0.03178023162163868,-0.12930101566131302,0.06360248087248177,-0.024645797206828135,0.07167531191601206,0.04067923489605363,0.00907102050188513,0.07276946305279797,0.06187020417252764,0.027041274702964913,0.04632158446162027,0.08099949177007915,0.03400753950644919,0.11533559867990562,0.022407310857394336,0.03979145731481282,0.036163899662902566,0.002881602129582994,0.07270581884004024,0.03573966911852544,0.2847196236528253,0.04556086295183892,0.048816414678036324,0.02544643272526237,0,0.07629234012635777,0.014034724787888031,0.060732042267857445,-0.04217635285826393,0.03696239550801117,0.1218986814266465,0.06608221562303829,0.0976112176162518,0.07718638897832353,0.029527869902167048,0.08171105265995848,0.05174919903092512,0.09607383008962156,-0.016660540090235543,0.0802913672443264,0.04082199452025481,0.06896291185754944,0.12821192580336493,0.14033430405601965,0.06588244907255891,0.01532644791173432,0.029712028754408593,0.015024321075438607,0.11630383922413134,0.044612699660003585,0.22388219470615844,0.09334503048233866,0.04895328386018161,0.02201992310482659,0.03159955487220856,0.03433384120130967,0.0795120629277335,0.09330576943189506,0.0968934781817321,0.07081499353152321,0.101008467422802,0.09044739494164666,0.03560770471538799,0.04331708450504568,0.00515797404026852,0.0622956240181356,0.048095824961736255,-0.008438868645864517,0.007411362669642152,0.0380004110306329,0.060703947139910674,0.05287185532209371,0.06963085514304623,0.07421113761401799,0.10212357509674508,-0.017667775035444144,0.060315635747578256,0.10015217055068781,0.008196767204178279,0.10008139667793081,0.04711371784217988,0.061084401548248124,0.03415420453200291,0.023773297088529155,0.020603051459747057,0.08330999727642929,0.08309663115243549,0.018779894651595797,0.11154592019778331,0.03252156931527583,0.2820169705015818,0.03041508886443811,0.07080970687262678,0.06390572987428644,0.0661937094073366,0.09716949239450834,0.06935023467217505,0.04929821074133223,0.27831902760924887,0.06551871666307552,0.056730992886027565,0.07544746680015724,0.05208127213981051,0.07149910608519505,0.08286175649247429,0.09871504658393437,-0.003986995104158453,0.050214176727412685,0.09376923730062892,0.09291855175813613,0.07633541516118214,0.11056887172979124,-0.01884031637104755,0.05831215984411031,0.13180209388961384,0.047149978686842786,0.06782964523578627,0.06093570925808223,0.0857453053529591,0.05936740695285625,-0.04242560850319155,0.06895700423632078
2023-09-03,0,0,0,0,0,0,0,1,0,0,0,-0.07666879301539531,-0.06361374781895268,-0.03385116411132216,-0.04054150855050587,-0.03488107833799159,-0.07365226440639905,0.05191613756008184,0.007808182447812229,-0.08613868139589886,-0.018314253527518254,-0.08373912021749774,-0.026378565936308718,0.07737416994034252,-0.05174105081553826,-0.064605079092936,-0.1262820377973375,-0.10720864359594007,0.022079910723300955,-0.09181774319282532,-0.07366513503673566,-0.1023592515107774,-0.050681338891388705,-0.0869848963932851,0.005343320220436709,-0.08288765980576773,-0.005072641728095739,-0.07106960117894268,-0.03526382160199759,0.08913572168414419,-0.1376238124884459,-0.013669252107836094,-0.049467831230701975,-0.06721841801140727,-0.11011111841642407,0.01807641105873259,-0.06101691381393781,-0.0015719154402562552,-0.07518691489460672,-0.06900224658949128,-0.07490432081567189,0,-0.058853329499940266,-0.05914075142212205,-0.036249438174055904,0.07862685736808572,-0.01737414033202711,-0.03527434751231873,-0.09166820556168354,0.24513978680307602,-0.06178019842460181,-0.07505276156201557,-0.09219811060918026,-0.1091601062442642,-0.11394781647939567,0.011158591208387136,-0.03883106365578115,-0.05426018732548332,-0.07155023542250039,0.099831271103616,0.005370942753502028,-0.11056614948509136,-0.0483018451823547,-0.06237033072645737,-0.11048156415616539,-0.12565951605626413,-0.07911818381713598,-0.015002451116857607,-0.11180435591721594,-0.09271962049231952,-0.050730028987258535,-0.10167761366044736,-0.050804854313598824,-0.05832254684041338,-0.09904910308980774,0.1224324995564734,-0.055589532029429733,-0.05250088804604491,-0.02899785141520894,-0.0695815715612742,-0.04068833403677807,0.0038510959020978675,-0.05678874225058017,-0.07551618444660502,-0.10070421512395811,-0.05808959930624713,-0.04504834502343691,0.07648564794828339,-0.06309278752029446,-0.05760044575907308,-0.103099554530802,-0.08559427314553414,0.19904894719230448,-0.09880418264939284,-0.11406002316543695,-0.09169766518070865,-0.0021962515691331674,-0.13957619740247207,-0.10197673140148655,-0.1000834585569832,-0.07531169588807263,-0.062021882762864244,-0.0737726404889365,-0.051356027676990657,0.008515775672242043,-0.08173988349611783,-0.009665722751693195,0.13505160421876283,-0.08658536033149211,-0.03599262072751408,0.03946900976676826,-0.08845218000827959,-0.0787301254487085,-0.07945868079170104,-0.0528827820731852,-0.03946296361554147,-0.04313011035822534,0.04771629737911276,-0.09234860702371162,0.07487926716407944,-0.09406456861690682,-0.11059637447068837,-0.03937179464524654,-0.016130236648635332,-0.07801620612160942,0.3186808232053515,-0.057521209823017116,-0.0675758225587213,-0.01312529542316021,-0.03135317774738322,0.06880217780321818,0.19020105185648362,-0.09039189996390462,-0.0601197269758611,0.030461771197302312,-0.05786533747922373,-0.07174138444030032,0.09168395546812036,-0.07244839062827957
2023-09-10,0,0,0,0,0,0,0,1,0,0,0,0.09656454785697921,0.09568932672829789,0.10663615448937414,0.12700207307784872,0.05164229935826903,0.11594595337139602,0.12225082758960237,0.047731402821189484,0.1093759953199962,0.05020226709803133,0.1373419832292937,0.043384745602524255,-0.17393292689633366,0.09977874772520146,0.1760700526960619,-0.1362341769523132,0.13373539792936828,0.10057689415847726,0.12543654441157148,0.17445668759422706,0.1047388342878186,0.06795325594944046,0.16861723374925308,0.04302579936946582,0.07712819287096284,0.12009197226286084,0.12346506413041691,0.09206277915263783,-0.05494083499682567,0.20408880158836773,-0.006941242224159261,0.07948468924444896,0.13566291700358057,0.09921924763574363,0.23012549018132855,0.12076318686946674,0.13973914281746858,0.9392616444758053,0.07538034072496558,0.12633995221910777,0,0.0899071950261936,0.12987279754727687,0.14082398336355872,0.2608142770737345,0.1060238994496645,0.07431419916873416,0.09122315357862387,0.11754425727624529,0.10136531355778367,0.19976090664097512,0.08588403003764356,0.13381544318743277,0.10939859440710631,0.012021460920104587,0.048157628256547014,0.11252909544945933,0.10900895450386905,0.12985237580704734,0.0159418852774893,0.10075703399805125,0.1062728475504624,0.11070439454590808,0.22325774349978111,0.2195691677403815,0.11897904297499373,0.08486458124657226,0.27837967978946665,0.12777102470692814,0.08132642405898238,0.11690368735195111,0.07514579827445722,0.10706481943635904,0.08286752023856625,0.21503787221104176,0.06262516808699381,0.05125642961368104,-0.0106737627984419,0.06082210887028161,0.04685625764553425,0.002559182458821141,0.10449401344677334,0.14923276716284484,0.09145003099800864,0.018826691169943288,0.06807741990925376,-0.010725723924805308,0.062403607617068424,0.09162917077152777,0.16961581085000788,1.0441784801542973,-0.2438440809851361,0.1565711985788587,0.11294041118059539,0.12803615440763227,0.009028612658651625,0.10071975154872526,0.13534603392184508,0.23040457555125737,0.11852559156783382,0.2122497130324108,0.12771236700544808,0.07048068092062021,0.024975589362769668,0.05142233682118302,0.10828981867876841,0.15140101718891152,0.12133228516752492,0.06455674785976928,-0.03833027364068009,0.07887599078819729,0.11737694428024437,0.06848146095814656,0.09144827383591192,0.01817696527403534,0.10313375652654777,0.0188756567993007,0.10572055166531591,0.12911048424048932,0.11656953699124628,0.12289973058508696,0.030435636713685987,0.2147363357482739,0.11662830612979214,-0.5681151861026557,0.05487496314026963,0.09186430791407751,0.05157089534274917,0.1475876351280192,-9.772942759145309e-4,0.003954962584473698,0.12673054139401874,0.15842865279686436,0.02419263051293008,0.02489129137709778,0.11120839001429772,0.28446326063202054,0.04403732587725173
2023-09-17,0,0,0,0,0,0,0,1,0,0,0,-0.014430264829028872,-0.025620053351499195,-0.0814275227702721,0.0014473987443448522,0.07845399653147123,-0.020006551378863868,-0.05862644926629734,0.005598704742252103,-0.04702747270397545,0.005580168540467945,-0.06021885999305443,0.013162020702081279,0.13909390444795378,-0.024818078866648996,-0.016911395181644195,0.03585670483592107,-0.043781311072348394,-0.3761754479935382,-0.033353795254560836,-0.1022321290371142,-0.039328056183371984,-0.01857579265023901,-0.0933523660294302,0.06807361295737913,-0.015356338918586232,0.015460031273439867,-0.03158384956293592,-0.047932360721185674,0.0718569239191158,-0.02893644947803331,0.013480465185097934,-0.002185467516662598,-0.011833809275016094,-0.0184790682687197,0.20204976825441,-0.02294864768213678,-0.01794389070155411,-0.4343730052425929,-0.007428652341092246,-0.015529672974833986,0,-0.06529124981443779,-0.05185336161025589,-0.002213859660020745,0.06084764376474627,0.010453764132256183,0.01422239026191896,-0.020040493421920935,-0.01003383971694305,0.007260292051101125,-0.07953795696345622,-0.007621158281072127,-0.022111453607431386,-0.03415171696476538,0.025871242738338296,0.0033198112378673983,-0.03459916403807117,-0.025264717021977745,-0.06634965501549672,0.0891507672567915,-0.030450558798660765,-0.048372110059364815,0.04585622536823575,-0.018477429558801717,-0.11200505837649466,-0.04177638507638992,-0.002470342795370506,-0.12394044131066106,-0.018044369020894457,-0.06769803107399053,-0.057621218934193585,-0.017647392931021244,-0.022712348129577897,0.03407826254317925,-0.12761063841480347,-0.0032542633840648705,0.001788422388738553,0.03471778644733803,0.006492270865794403,0.027626686815763968,0.006051937566826204,-0.021573189746641575,-0.061368946376291866,-0.022946276664363552,0.025454935169969772,-0.014430455001540388,-0.0724097940729358,0.022495836169417416,-0.022569634840031938,0.029670177353034788,-0.4174641902201168,0.15941775932781432,-0.0427790040776479,-0.012021181576216122,-0.02255634971232645,0.04667387117545374,-0.02497922231089511,-0.03028172131337392,-0.031022896011993595,-0.016029075189642583,-0.07590649509639302,-0.007186321695286324,0.009774338929816828,0.042886026607749095,0.009003206491867033,-0.004992877704572685,-0.01437427533441138,-0.02763957437738096,-0.018673218840365102,0.27287264878002393,-0.00581850786508209,-0.01941277640920447,3.691467174071761e-5,-0.020856479707127562,0.008753977737015362,-0.024351318432127123,0.024842698365198146,-0.014905351294751235,-0.06315695926410392,-0.025761710894613543,-0.01188380502790043,-0.034371788745160003,-0.16334368519925135,-0.02064390121520443,0.4883600543927784,-0.006363547995506202,-0.023368582537348637,0.012792889126126639,-0.051741405994320644,-0.05852055310769266,-0.056903687290744465,-0.010797540512117898,-0.0827168310611679,0.03821246715476967,0.038962805167688686,0.03570779591202822,-0.2750069253899845,-0.026724099641132426
2023-09-24,0,0,0,0,0,0,0,1,0,0,0,-0.048390534729588985,0.02368835216441667,0.0063668487053121225,-0.024076200015823446,-0.045119107074895304,0.0014353240604183526,0.01873140888210756,-0.027716509995871164,0.07212289255652049,-9.076881806828752e-4,0.041538978804892324,0.05098121003307554,-0.13957906658248032,0.0437460887521679,0.006337730584548673,0.008577879293856228,0.008910950053162559,0.3405630733478118,2.6493575462982477e-4,0.0321540702488754,-0.0019157093981387874,0.03134844184301855,-0.04029408594666872,-0.18633532365042615,0.011045721984564771,-0.005262104835949799,0.018293193047325573,0.004119741111862751,-0.1079162653275727,-0.0842713468361822,-0.019386135932355053,-0.01867055489161551,-0.026960728886688656,0.047652370618481044,-0.029899945695674113,-0.006396085765826065,-0.09107126584446945,-0.41290434127210407,0.03710994982027316,-0.012414345823229311,0,0.06447006315363257,-0.02908931286438321,0.030556720460660713,0.019592725662946897,0.0028733479126206163,-0.025167231343917962,0.013276812711002783,-0.03380603613045352,-0.016308287493956186,-0.00807091908368296,-0.008693416183435332,-0.024692612590371255,0.0264537698695424,-0.023134000721105608,-0.0047063253020187545,0.018368277241034292,0.011074310299092893,0.02440244701509009,-0.06409658545210828,0.03547148984876003,0.005049487456620483,0.09743577136057624,-0.028711611581124785,0.005497351071798384,0.011722793289641764,0.012631987578889614,-0.028088446929143807,0.030062894740136237,0.027581875661671695,0.06164952578112537,-0.02840157288015277,-0.048289472987463,-0.014691548742989724,-0.03330861582047984,-0.0056774346049763835,0.017863117420630736,-0.03825678975058011,-0.019161503840578575,0.01035821933421932,-0.010534814110386037,-0.02654725301033345,0.025943276653367597,0.023689771122404224,-0.002677377770716305,0.015999287850441135,0.021487075935688438,0.01704301903697303,0.002097658384833778,-0.07383137289520736,-0.5495977675276791,-0.16702959436744447,0.031999621280490054,0.032533773660152754,0.014388737452099676,-0.06524928402406616,0.029330568767634624,-0.0018347098800175488,0.01644773920902587,0.014708594342810244,-0.03390986782231131,-0.006958970324302705,-0.003712301247077221,-0.0050167329295982555,-0.019628785704302487,-0.0054671881641494835,-0.012987300552328662,-0.006190713433631423,-0.008953613256544202,0.14240756266079924,-0.017516600062508658,-0.0030416171659002345,-7.754944165299094e-4,0.02051145382676367,0.013635878509244748,0.0025664193545598124,-0.02039848515699383,0.028313972675134913,0.003999420050802449,0.013857865968794236,-0.023340758300899545,0.03462580000769133,0.0015211596195499055,-0.008621664435817245,-0.44624015579346654,0.044335813820051584,0.05804830776788972,-0.05356563348015264,0.03475863336517371,0.21010711701207896,0.009529657148379833,0.03314360307808428,-0.05520574224455821,-0.08544462525640739,0.004765317571377992,-0.02289084212890291,-0.00652644127308033,0.004901914193897738
2023-10-01,0,0,0,0,0,0,0,0,1,0,0,0.0064626721796789965,0.004272332849107663,0.009877823008189957,0.08877409261173064,0.020029281875572735,0.04312410547506573,0.04473478661725139,0.01488834574175879,0.00721819070954588,0.025167960215719987,-0.004558837519613945,-0.006800819637921229,-0.06602782111822236,0.009987833900295229,0.0016032067562159469,0.1169932722922784,0.035821835876885366,-0.2869724781887566,0.022266800775751605,0.043257370000076456,0.13750837327184584,0.011223253299171176,0.011895824281983103,0.1187720449730687,0.02414457002205328,0.02959032362092273,0.0063304965414987535,0.016913539058904803,0.10632347446374446,0.03648018285616672,0.028273202464193403,0.05439779714178172,0.05375031081668169,0.02088719960715668,0.020814873473202766,0.010963048523397134,0.06853510082205627,0.0024381510823214825,-0.06454907138576615,0.05975441843266793,1.455287232606842,0.03014287074366706,0.06739702713353424,0.07373939914137928,0.02853305338590406,0.031220017361214047,0.01553745775600568,0.029025950886688356,0.03585814803771825,0.019017364553402416,0.017359623382132483,0.03751981595302212,0.029255358148789767,0.013896314047562086,0.02256362711093729,0.010992912485674466,0.04254526052350727,0.01439239632110656,0.06664725888086487,0.004488625683140235,-0.03352743480296372,0.026811472366158995,-0.050734678314594994,0.04810210949326077,0.0034205608859911862,0.018586848797317757,-0.02274914281526641,0.0061138145274926,0.029234182777026163,0.049085890920070874,-0.07700639831360068,0.11188345723676818,0.03899216784317883,0.030723172642840524,0.038712560455316236,0.02302480839815413,-0.015225207597064916,0.24872563862131258,0.017760029647192255,-0.10521435956285696,-0.013570482892097502,0.12056731517196795,0.02400115209954201,0.018409945575879938,-0.019491683687050454,0.03812731553151494,0.16372466766081573,0.00808518553388815,0.017997716994564428,0.06626219556376256,0.018884051858486295,-0.054297181558916385,0.0234385729720179,0.023143321851025966,0.06081134574564828,-0.10695613641501645,3.7209302754881435e-4,0.006738513913802535,0.005963693468048703,0.005731429767594776,0.06612383530914734,0.059199573616928625,0.01705503427414179,0.00557259731300519,-0.01035016850017989,0.009837317750202246,0.002747366127781703,0.01805849830398021,0.025345913266679787,-0.15052590240677155,0.038919838944289076,0.04864509423887675,0.016342148831249403,-0.002995221408665927,-0.03550852185930253,0.03424640708502391,0.006618864372301303,0.019102475219633597,0.06154045666385333,0.037879331329079946,0.06985124063836778,0.003380665829642915,0.19904619745912733,0.034118597915730575,-0.16377225830204267,0.04297181557879526,-0.02243623597901223,0.059080221687208834,0.055017763447891,-0.046904200048134115,0.06788478715150248,0.002731197415250186,0.083288710987384107,0.0712855131147645,0.010874811663112993,0.003755601698661515,0.9554149918259185,0.08315476441428338
2023-10-08,0,0,0,0,0,0,0,0,1,0,0,0.20609876980399378,-0.07768467496498133,0.008983056878025586,0.012268787322639696,-0.035594152604664586,-7.582220058068856e-4,0.18723633281311258,0.07495740702591114,-0.05585108957924145,-0.040172816298040814,-0.043466650514885075,-0.018364935083989842,-0.05396162616979083,-0.0670794050544794,-0.041080671680087555,-0.03726458566073276,0.3112955044183643,-0.08964459866222452,-0.017114533614909,0.3573877023438188,-0.012472134766010612,-0.09027517829042431,0.19147701085621627,-0.026364928498814777,-0.11924494710187528,0.013307437083176943,-0.06218048170438362,-0.013638641474424062,0.0973921110945124,0.03624572669010284,0.01595241240610168,0.10862255178865077,0.061876834511332746,0.1017406907396321,-0.10347904755812021,-0.06210048661014156,0.2270296279548516,-0.038699433772969805,-0.012365127992572056,0.028165101944246373,5.44903358392666,-0.09417491374136944,0.02141510242151412,-0.10119808658645191,-0.03523484965192303,-0.00985519486351727,-0.012448799958978185,-0.03564232318455307,0.22630054443736647,-0.005173681078423087,-0.057169183493219755,-0.012651904103243794,-0.0025322880080365096,-0.08822923277742056,0.10578682559160058,0.0617299286112285,-0.04714905526940516,0.004383209778612951,0.1600836548100375,-0.09559812912723409,-0.051134299236567315,0.04670154412323235,0.010166773941244323,0.031664322012861845,-0.013579925063601728,-0.04820439826378298,-0.01811781844735716,-0.01785407473659628,0.13436588078758316,0.1238229751454476,-0.13076777529403394,-0.0067852710662794635,0.16411655371520428,-0.07655770898663938,0.08621171659656923,-0.07054766000546397,-0.011455414574042422,-0.2069507028211568,-0.013633476336175399,0.08796492700659542,0.12175115168169981,-0.11512448093422023,-0.07677721760619871,0.07652855609742382,0.18058869120460042,-0.04949144742067979,0.12893526881798323,-0.013733979421315823,-0.001029571674772356,-0.1258959264726629,-0.05660302441224818,-0.06563716363997951,-0.07283455621139368,-0.10804508102849475,-0.1043376107955396,0.33730373796991664,0.06655935733624929,0.06833488760316975,-0.02739897418811399,-0.05968487433004199,0.033582353871543624,-0.022811977530170502,-0.053749883855435776,-0.06041625230708636,0.007372334602323782,-0.03938803159091808,0.028613614389612962,-0.06409870585289834,-0.03494779443639029,-0.3089646881315842,-0.11207007395703794,-0.03817667907988742,-0.03359455625000862,-0.03809760597222134,-0.059440314122447546,-0.03652734325736162,0.1219948199961074,-0.03597280494659838,0.2264336292226199,-0.12425722633957825,-0.1334455962193397,0.0031169731650892984,-0.057212149677514645,0.03292590471326662,0.08602065157964311,-0.08359734929154428,-0.047770276268686906,0.03799688133544876,-0.08326930834509483,-0.1739034081688109,0.17365493177722957,-0.03553560664079747,0.03848079451057096,0.026180622159893474,-0.038835177324235026,-0.06738763560481065,-0.35168843076354417,-0.01678706712856126
2023-10-15,0,0,0,0,0,0,0,0,1,0,0,0.12396527718951678,-0.002977078709683667,-0.02048954474133957,-0.060170980233946736,0.014209183414043203,0.005342676002504376,-0.14518859482087443,-0.06841674400192943,0.02451442321364805,0.02692050527946499,0.029411370191655628,0.009798349285658148,0.041616863645709934,0.017097832020566806,0.0138819177349081,0.025835889837109605,0.04893942904022186,-0.03199534628446443,-0.004225544383193558,0.09053798576860217,-0.09040788166579716,0.023690788196881307,0.07498390288607037,0.015592831516904049,0.06947237281476681,-0.006240269860084524,0.0539368176709516,0.0038289217034908063,-0.18575248422169466,-0.13570946224736957,-0.035236951897978486,-0.06402790577760875,-0.07033631650743466,0.045269601732131015,0.07195743369049268,-0.01940790001643844,-0.06568066084885604,0.014926753165354079,0.05796703768602285,-0.04879218543516828,0.12362729063397726,0.005894570064045368,-0.012573870217430283,-0.018508723257574466,0.005110199558875372,-0.030212871727828272,0.06159699588156542,0.03924302238149391,-0.23820526095134475,0.023442656212967705,0.015580234374565904,0.009589114572698065,0.030956041445924676,0.007619938259295189,-0.1270306446504268,0.0014181656473404303,0.013008406695720787,0.02187835873216315,-0.2911273889219661,0.08271965106891788,0.0597291093430492,-0.08310433953231389,0.00609757986811843,-0.0021021970160362002,0.027483166989680008,0.03886028243467443,0.043079665351142715,0.021191009818503304,-0.06592890892142833,-0.17932693339647798,0.029629019045193772,-0.0851027134393263,-0.09851403838070638,0.029705154413915302,-0.09186425048865843,0.0552568422070463,0.005471328327597114,0.01082825263170406,0.01329489498877301,0.014505043106677107,0.07033605503341889,-0.01237790184238996,0.06930382396334966,0.09041326677111972,0.014499574368730173,0.0899688368310807,-0.31618381770381987,-0.004173977176058052,0.02170019298086423,-0.05231951905324905,0.049128739320335235,0.01390148924079071,0.02956530505888999,0.025168453940251467,0.007981327630479207,-0.16546973337227477,-0.13228906384397376,-0.01978559166615934,-0.03908738870804651,0.04038399330526232,-0.08613930926191049,0.012934482988831597,0.009240989853729786,0.05833016574291161,0.04450218618926716,-3.703360842246539e-4,-0.03080764912287748,0.024534002327954774,0.028625328696903374,0.055902007657149255,0.012235884090999072,-0.04455142123997469,0.019835053482390563,0.006689387663311841,0.0625495123687756,-0.002000095909393096,-0.059867910379816536,0.03094240238741186,-0.17635399669301677,-0.039345428646225145,0.012504425747680514,0.004782891433706027,-0.09053974005908039,0.006403864190220432,-0.10600170163882794,0.047942545600712094,0.05181835263787704,-0.08650675768137361,0.020314995301467853,0.01847995283416104,-0.221114009519356,0.029297556316538298,-0.10596381738182359,-0.0698001792178804,-0.07484155819958005,0.03664300944464838,-0.5842736471686996,-0.0496348105481772
2023-10-22,0,0,0,0,0,0,0,0,1,0,0,0,-0.02147217764404008,0.0021167475134751257,-0.02118242450065999,-0.003714950133911543,-0.03747376068798758,-0.044464683218675916,-0.06159238734804262,-0.03356152955413538,-0.03779555066834028,-0.028544067448651234,-0.03948458507367736,-0.026951986006424455,-0.0398122541347421,-0.017644463979708647,-0.045073350237024634,-0.0039880411779558145,-0.0098174752787052455,-0.002517391193638474,0.04618345040925931,-0.03287214979489672,0.026377732132602638,0.0546905369631796,-0.053222354501325064,0.0015184110218369185,-0.02055408327743624,-0.055241619526217534,-0.025510465506073388,-0.07693721280277188,-0.019158956311594366,-0.02200276936538259,-0.03487829899505357,-0.03891341215530986,0.022369810872834073,-0.022313850977612404,0.017848242824792138,-0.002326170454736598,-0.010618002720929276,-0.01875421249216558,1.273317630801074e-4,-0.1207644200843001,0.018119563895080404,-0.0404978565525127,-0.01200059686669075,-0.03699318637701143,0.012917077525394838,-0.0875013843495438,-0.02161128926808953,-0.0655994135187683,-0.042764963770100195,-0.018589507140080563,-0.04701515556262059,0.012701685175121824,-0.07220345478484624,-0.0673357143028106,-0.07938086942052713,-0.07211287173695524,-0.03957883353671576,0.0022361520414051483,-0.04540962410782967,-0.027547561273792986,0.009225684898728659,-0.06795796845846436,-0.05791011552365788,-0.05360896255183345,-0.0475845449943213,-0.00991009363492612,-0.047350871230516844,-0.04402143791734936,-0.024105174988721778,0.010903630230868266,-0.009515065437215142,-0.03338002817667807,-0.007753558533448057,-0.0888075746922965,-0.007733990599736451,-0.05751153657211017,-0.04537240300515144,-0.004655005253965783,-0.01472813290124364,0.05484403003784344,-0.022166758921462915,-0.08667467098129755,0.025904236804009884,0.03925531582807196,-0.030094509044575446,-0.058380815760460614,-0.016702201845391507,-0.02380075326590081,-0.028480247400335834,-0.04529217217434045,0.01580366517312548,-0.03979832824353302,-0.09612604651365775,0.01144738584035121,-0.09175397114641015,-0.022635400213482093,-0.03251078953988085,-0.043087219480969274,-0.017633804894830796,-0.004254669590732618,-0.10444510269839125,-0.003949972219314368,-0.07815345440956012,-0.06717965486875332,0.03431508470403788,-0.014503576888655445,0.02069145825665597,-0.08835766048944382,0.0730092917993499,-0.013639393093319185,-0.04903374684187867,-0.01897096025684064,-0.01668706187962332,-0.02369892224539427,0.006746189298648453,-0.06831742590639678,-0.02112941589540096,0.022130321500932304,-0.036322606226399046,0.01056308282185281,-0.06546534148453009,-0.06002674324496304,-0.04140675663435722,-0.0723710339151502,-0.00886428126673966,-0.05341515936439567,-0.03616357741118392,-0.025167018405996444,-0.007572143291245226,-0.08335222554947919,-0.03144772972457677,-0.04068294385511173,-0.07428719687287533,0.006564287717081285,0.010647837955846562,0.069785015643971,-0.055253186361193585
2023-10-29,0,0,0,0,0,0,0,0,1,0,0,-0.019808075417803828,-0.05309459429750607,0.007777096878272438,-0.044359669139376834,3.6304229841466196e-4,-0.04865065267970081,-0.0894264404237628,-0.0016925250866908215,0.01999466790643023,0.0035349970142917186,-0.07748133251102818,-0.011703059302077712,-0.17794581006095633,0.0010251154152447484,-0.03321574248422543,-0.026970195420518372,0.05978197192677559,-0.030532441030587165,-0.060707538493513624,-0.03092460674118147,-0.08320477090662415,-0.017311397549006458,0.04661997665018003,0.0124325925714448,-0.06909222074936494,-0.05078896555446821,-0.040773033713371376,-0.13700590944902213,0.01901971503142441,-0.029618777854295786,0.03154972133007128,-0.08079332984381438,-0.058816633389678685,-0.029703083053477464,0.009312584420238856,-0.03962315277542405,-0.028344473009142668,-0.052191048112047334,-0.01596853543880883,-0.0555868277864775,0.04116498886421116,-0.015076744768396821,-0.1792327891089327,-0.03029483614600359,0.01899205742120813,-0.033077292490236054,0.016416807360588592,-0.05733722474789005,-0.05190469580575119,-0.0727700103524409,-0.0587609599413188,-0.2017827223448192,-0.12057820062871372,-0.03516845947266578,0.014688664815690089,-0.02829176390500976,0.06307649340480559,-0.00920149397049208,-0.0824682587410912,0.005410902616549862,-0.08823170663003488,-0.02497404186686758,-0.04216799506779534,-0.009828282124278331,-0.06381633275709309,-0.02361020166058303,-0.027682022910958004,-0.03939331896723797,-0.0629793186768346,-0.008488796955334443,-0.08066228952640486,-0.06072736978387283,-0.10432064602048374,-0.061674947898314514,-0.07830527646223384,-0.025866524267494917,0.03177191881776942,-0.1174670534602793,0.016772285793980046,-0.016988651821157497,-0.021058816225346,-0.06214117719682477,-0.02873805143567143,-0.023745407900802817,-0.04150706188195574,-0.022209853122950207,-0.11832354563440983,-0.011463894903757321,-0.062308252733767944,-0.017983226995190726,-0.045636039690734265,0.058860410227909554,-0.01843936694579984,2.1374372209237436e-4,-0.046313558693335644,-0.007151206333384508,-0.09261806040162579,-0.045828659500700475,-0.04818720967422774,-0.056937915070840894,-0.04758283544567998,-0.014668251100174778,-0.022560083538181175,0.004955337116483882,-0.002772043751718911,-0.037189849052288615,-0.0527557240372829,-0.04245773473861014,0.00500802328737926,-0.10462495107887193,-0.015411533212936313,-0.009068985978229804,-0.027178895845594297,-0.022836095957759817,-0.043588842483648804,-0.034489498777380945,-0.007846380958570265,-0.07831833054588788,-0.117240260144583,-0.018454230360794632,-0.016000341346440905,-0.00762574906113489,-0.12276855827877675,-0.13498785506598665,0.2707709286551836,-0.025008162525862687,0.024728341434433254,-0.011747938508522182,-0.01223406499467039,-0.03137429668423408,-0.06964458093509229,-0.02733289125400873,-0.04300482689085694,0.0026313743744665885,-0.06124638010339556,-0.11491865119270184,-0.15651075108695967,-0.05444638528446433
2023-11-05,0,0,0,0,0,0,0,0,0,1,0,0.02144117322224126,0.03107337798248455,0.03707061569490566,0.021859009829956477,0.0038040078477186157,0.02837501001932985,0.04971823848198653,0.0022560641266826664,0.041205965137366185,0.013527845725734622,0.0378686916755262,0.014979309440374067,0.06585288138097312,-0.008850526024208882,-0.0018419204514099619,0.03927412662557739,-0.008821733329147818,0.005679989305138022,0.021200236121455163,0.08103449318421152,0.065827020647226675,0.009519464598898075,0.029575105614712882,0.011749133819323632,0.02976529383826687,0.07173420862566626,0.023919441905129624,0.05796135212635445,-0.058591862013580354,0.03626975371022212,-0.01644303561151439,0.005778507250942866,0.039790436394090634,0.012099190929768078,-0.046597912421689536,-0.00452121215049317,-0.020840665871851627,0.028639370767722383,0.013829919459270812,0.02398324053002554,0.0665940203196671,0.024014876203873214,0.08471614002602568,0.029839151471906966,-0.05671967092671526,0.02956182081027059,-0.007438885015005781,0.02437852579513944,0.04810477530231516,0.043966685873580325,0.02524821075887118,0.08742108432775719,0.07945276201570373,0.04851788298415549,0.0050631386682997714,-0.0065737623072141815,-0.0036836694123527636,0.013948944118358675,0.143769516350309,-0.04943117901906646,0.06980925686617123,0.01906470220498946,0.002867198627853007,0.01143094053435334,0.08229789373638141,0.01619873436365804,0.012049043238057777,0.021983552814080376,0.031960840780122624,0.024938312063353507,7.921838280671167e-4,0.02912937264867388,0.023577189226362982,0.030467922043686535,0.05059076746642699,0.03360051486723137,0.0065370130744168975,0.06927902801652408,-0.006809924648536025,0.014307685067898923,0.03544029280519734,0.04290210683282325,0.0305543074215624,0.06528916354946723,0.042803798610021815,0.03691055023079759,0.12718135408154385,0.004806876208432342,0.018664252366932033,7.314219167504632e-4,0.006591455004480551,-0.1408795180100002,0.02639249911405539,-0.016376147048974943,0.027161126478579156,0.029816776760826613,0.05423146148368829,0.023719195956881656,0.04516697180001117,0.047831069975777574,0.0479535261703008,0.034926053318675265,0.01859444714483427,0.015015520354388023,-0.0077914347578502685,0.048754785350726415,0.012984164224063122,0.02912420386914505,0.0011982028393102695,0.04168849206781644,0.016815042215256426,0.01835466000679009,0.03871597753495415,0.024529474046111943,-0.014606834779200994,0.04147263558141212,0.09950778644391178,0.0411515212810416,0.007726465680635286,-0.009680617710723816,0.03130846057909675,-0.0015321529742342577,0.11589610197980704,0.05741397111040136,-0.24503984867880568,0.02887185638263734,-0.001300052185185585,-0.012126396086353353,0.031120731613117236,0.014370402677449157,-0.001642090421204223,0.05603230945922455,0.12712327205618212,-0.03020331842726165,0.015735314312132154,0.01148494986689741,0.5475157141893066,0.07898011959010631
2023-11-12,0,0,0,0,0,0,0,0,0,1,0,0.08843815305800984,-6.230044590571637e-4,-0.02775327921387838,-0.024780589560013055,-0.014019346589144277,0.050936034194652535,0.032122722801672055,-0.01985784008798408,0.017232876199530622,-0.0036713007031901057,0.10398859999596155,0.015344060264620651,-0.3100452731691288,0.04190472426182623,0.02177613535222722,0.05509868087693803,0.03727139479723096,0.03662190888492578,0.06891926495065803,0.06191677860560585,0.0420353467326251,0.03184586588012461,-0.023923599206781,-0.022008403068603855,0.025064619701280932,-0.030172991599386023,0.10628294230238922,0.10146692259937495,0.06866501923380675,0.03370294444320798,-0.01921316652040783,0.18991112095188,0.0719103192581283,0.060632847699174874,-0.024285668839373997,0.05877835251580521,0.08430439087293085,0.05449853462611021,0.032725009223161905,-0.0010956983981404989,0.14212500832531205,-0.005310686937237463,0.08464733630786281,0.021195832965752004,-0.00931201762561873,0.001106194803066174,-0.017641586560765532,0.0471683061631154,-0.057731334910469556,0.04181072560258947,0.10116958046728985,0.10430859580727692,0.0185422501078909,0.042648409908043305,0.04617195809951724,0.00360412701822721,0.028423923536623263,0.02265843877534035,-0.05755169657597392,-0.007826436249464663,0.03866914115915421,0.030473104792596573,0.0249338196424036,0.008517309632930292,0.04133808036933839,0.07230682148348322,-5.814122505221064e-5,0.06534835412113171,0.06914989125213644,-0.005242062087630117,0.14974800844243852,0.08183735338679199,0.041352480157688554,-0.005934735519814716,-0.005771132420567149,0.03862132109012517,0.05841132570004426,-0.033501607985289894,0.035175942605217614,0.003573027472539181,0.018613268475869305,0.030263067091146567,0.1145125198092023,0.01574835696813892,0.06561785205724657,0.0045881461823169545,-0.0328695430051944,0.028698796050390385,0.05621943725536127,0.06345491165214501,0.09597960258788785,0.05696928854387728,0.06824070898439683,0.060688516722115615,0.006333492188747236,0.02274703563611169,0.05264373348542151,0.043820497516511736,0.06215364691653402,0.08191403099108907,-0.028762282189182642,-0.002026734274804376,0.03618271264876949,-0.0038438840942429664,0.008018012304984445,-0.0019477651133490426,-0.0846842057595758,0.049846714263416914,0.06434515846656819,0.18762791835347414,0.035365338784768774,0.034289073478631416,0.02782227924390135,0.03852556555754916,4.264028718878876e-4,-0.024271881098994363,-0.1067638478239239,0.07888549360125463,0.05310654872566278,6.482982398861026e-4,-0.010624269920229246,0.03308946049637829,-0.07411113915107492,0.09017692257350252,-0.024684696218919555,0.007988980883326668,0.03364133829924576,0.06363005805762434,0.006849341845574841,0.04285534896259957,0.03163981452737108,0.015510960892316739,-0.0748760161721016,0.10465089543612827,-0.003017421024850364,-0.3356895087748457,-0.2825529009276906,0.1561840112031998
2023-11-19,0,0,0,0,0,0,0,0,0,1,0,-0.35308950194652233,-0.23249617970221603,-0.2689899394396287,-0.66119810152132,-0.2824397562705334,-0.3080336801114809,-0.45032430821857705,-0.4675814171913517,-0.546399430104235,-0.2761224243962799,-0.42657732282750604,-0.34275842481568564,-4.488362284489914,-0.23892967191974623,-0.5776304348253882,-0.5439591482593178,-0.4454300005331886,-0.3414142253476431,-0.33413052610323124,-0.34212747790225784,-0.3076185504299431,-0.23530064038115306,-0.22989768050062498,-0.29339715128119703,-0.26967578173387885,-0.37158370979960775,-0.3990680854454194,-0.4439647012995911,-0.27224321393336126,-0.5464183325511209,-0.545135203720398,-0.2612022230810904,-0.4833468532795173,-0.316251630016664,-0.45357508223700016,-0.22032748937726687,-0.34160809297237194,-0.3740533574553231,-0.28531538327763606,-0.7329574377460792,-0.7501877185230557,-0.28321920243688226,-0.3664399165570664,-0.3394216957911729,-0.30657035697198687,-0.6251095870560945,-0.33309911458537655,-0.30824413400596473,-0.5200052636708827,-0.40787526745734226,-0.3634735270595604,-0.36203757995284747,-0.22699903771439178,-0.40614607510758116,-0.46752482663646866,-0.33927753008637573,-0.7118160488309755,-0.4404728621873808,-0.5716659144535674,-0.2872059953182946,-0.3904915663180022,-0.5374231500207314,-0.2146748158742442,-0.6657209934084118,-0.3187256891131609,-0.4019190867544671,-0.4292946709411485,-0.3038719621051751,-0.5720571980698086,-0.5945725549958754,-0.4209808345925463,-0.24050028920028055,-0.34433929350752646,-0.2876820724517808,-0.5157639981333144,-0.4359022402940278,-0.4249537388362423,-0.030827694951383933,-0.1447102860481717,-0.2827899123722677,-0.19215583832012761,-0.36590757925376494,-0.5300081071509375,-0.19375025261757717,-0.31502111795501175,-0.252658104046497,-0.055959764900531006,-0.48980226254090464,-0.36148128089198117,-0.5564300354765752,-0.30513622066296975,-0.18167867666895265,-0.3609479176388506,-0.5185566512227808,-0.27757683829736823,-0.40088417692482103,-0.42325054054138,-0.40810331565826097,-0.2506649194491093,-0.4410092116414459,-0.45328466908514287,-0.2807822841634202,-0.3020691268541267,-0.2662378510383556,-0.3253091309096723,-0.6675989843705121,-0.7268173224494401,-0.31247947114761043,-0.40612032411887533,-0.5516476182862453,-0.3471791713164256,-0.3095265408823291,-0.2754102187059164,-0.3118689695747916,-0.4479190768790451,-0.5288762459163365,-0.47995274273480604,-0.3663077341999008,-0.43993231460652815,-0.34510738172749544,-0.3872737680286047,-0.36017145099746095,-0.25396872880466503,-0.3779588602073707,-0.2805310995997967,-0.28579657746049314,-0.6182847760807384,-0.3477294757142939,-0.5985957261334445,-0.3485985241559124,-0.5203822143414989,-0.4596949265983863,-0.3870010315449033,-0.3007088115446148,-0.21766408554958439,-3.5332302562357945,-0.48993339392500435,-0.2947232995458666
2023-11-26,0,0,0,0,0,0,0,0,0,1,0,0.26356291340690774,0.14188786793176966,0.14974677211200316,0.5721368932349922,0.22469876158101698,0.1963387542083419,0.25805481608554626,0.31609943343982216,0.43532755581935056,0.20466573081167017,0.254864229310944,0.24630557191124414,0.5630940523117474,0.16466918401847863,0.5178344700023398,0.311460366669861,0.46774024153815397,0.22445962959147003,0.18537554281982427,0.15912508657341995,0.18473537840944498,0.1523711456976411,0.1636740278095532,0.23644623446919955,0.18332877527762825,0.2756284207075286,0.2392599782709537,0.3260182963138023,0.06753182782311384,0.42882289085070635,0.42380042020306963,0.12391513680936406,0.3231542183221219,0.19479311945741085,0.36998986691927627,0.07843543853642565,0.30375119668506745,0.23881616366703717,0.17641029332857983,0.6417914391622652,0.71759827642411,0.18152018026910977,0.2500816031660227,0.1754054650955812,0.19448829555383362,0.4707076067475304,0.2549474335687023,0.2471706975404917,0.1831617416840441,0.27610884498270316,0.21368969939048377,0.2261450025428413,0.16556723818190733,0.3139850047147954,0.3560913831717816,0.24902958627063754,0.575992088409282,0.305959493720251,0.29479318708140045,0.2088582789065372,0.26260921241727697,0.39578211393864127,0.1027769419594895,0.6022920209532234,0.1600186833556636,0.27299048233518697,0.2900907448326935,0.17908738699439475,0.47977398433086904,0.43583097484321787,0.2722880960013674,0.12358596731109905,0.1889888534883637,0.21677410302872957,0.27133745932689113,0.33220581630751145,0.3102389937067729,0.07423344904863782,0.15690049102651749,0.14447030872891364,0.10351136961509955,0.3388768382091989,0.37023012803316657,0.15493854671851537,0.21646944422651604,0.17025258108050156,-0.17998288333252077,0.4473077657136493,0.24844401685460227,0.42709525357650424,0.1741079582565659,0.13337071133551337,0.20139011995361145,0.3941837636441248,0.19671029424605457,0.28356309680735414,0.21856538766056754,0.28795220887231565,0.19394115012694524,0.28797753707204254,0.3722773089561775,0.21417418983761838,0.18255715580552856,0.19152579732665398,0.21822281538155597,0.49918243028314446,0.21048008036656896,0.21147531175851064,0.3106604184996682,0.33080910064725266,0.252260010120545,0.18708704546136534,0.18394490163602484,0.27013565425504016,0.31507563689207085,0.43521226794610346,0.3425911258978793,0.2226683790553281,0.34243015045010505,0.24713650402981546,0.27132483042700883,0.23295267719325974,0.13258784797204015,0.3050819941526459,0.09276360348448875,0.14671917502667053,0.5211364298958454,0.17848456021741121,0.4997240353346406,0.24876665620210758,0.33972795036542003,0.3687541162944319,0.27499247844282326,0.19597730280240988,0.10740759927955157,0.28376817313064473,0.2780726985809343,0.09402826400412323
2023-12-03,0,0,0,0,0,0,0,0,0,0,1,-0.0306865819700608,0.03453532379188129,0.06621474114856607,0.02509433401479022,0.0598473190178721,0.0123458358222992,0.007592423425316852,0.0697281410632069,0.059341157145850865,0.05245800957529845,0.031072859524675422,0.015995222656825625,-0.1991286751103356,0.04263968808661289,0.019853429249193866,0.10852770026748626,-0.09665276223915686,0.0699218567688753,0.05821250018172286,0.0828677583181312,0.004740177415004432,0.005151101533924951,0.08093437068401776,0.14396229380162762,0.06665980150981277,0.08133870730925086,0.008508908919050207,0.07640901843107173,0.08351255836385718,-0.3184309180375129,0.10406550128149394,0.0809617738773678,0.07533596823061472,0.06403683490391021,-0.018626100458079442,0.07107854211688647,-0.03093349021949976,0.06636752052743589,0.04125696068930296,0.14215886194927396,0.03681120150793227,0.06481848665943613,0.08077096182357124,0.06216978730202083,0.01843370168883851,0.09086468315877028,0.07769956311923387,-0.0035899520007234287,0.03449125978726464,0.10041653818398455,0.014875614761854727,0.08414812127331928,0.010504298266876155,0.035923227371715605,0.07661633876921492,0.07224252055457203,0.08004270767353638,0.0750797875527649,0.025380067008532237,0.08475571270708748,0.017961647933061542,0.06934911883599071,0.06299346102573633,0.035189491610575274,0.056428156637078786,0.03648384848818331,0.051383506837932025,-0.002221235919940945,0.03066207963276657,0.1361996420581626,0.015177577756617211,0.00865606951808573,0.050051411741071306,0.11295370466302312,0.023191706423467018,0.042392111506138086,0.05335908117057819,-0.1703372716129472,0.058730346634227715,0.10327206989339555,0.08889031996625452,-0.08733018931767056,0.014919008882142926,0.08054237835553568,0.06940945137216747,0.038039760780828935,0.10198454969806381,0.024188502387137767,0.04217380276936922,-0.012890220138067399,0.01798168597359595,0.25567934136560666,0.06630219002506799,0.06780361787362477,0.009773511826979941,0.03110174876844063,0.04470823859173123,-0.06001708154820662,0.03836410273128443,0.010140435191774877,-0.0026921632937675355,0.1197545637702806,0.06950750586803522,0.04249975628256131,0.08879591080773963,0.09335374561551735,0.10920685465564617,-0.015220660660632213,0.016438166863633086,-0.02172311953231887,0.0386098240361088,0.059110268721168424,0.016284768044911857,-0.00907353300553293,0.06644162169766865,0.07705117058951494,0.0817122611444141,0.06319345106174268,-0.022197466411276956,0.053803840589607965,0.025167871706926803,0.07895203283436736,0.06520785055081113,0.06931179989022862,0.2815717182447539,0.0613019517149036,0.03151908365462486,0.05907114809764913,0.07420514916171772,0.06328215187898945,0.05217799372376675,0.06469431384456215,0.0701953144894274,0.06656498055667548,0.01219527309381796,0.3022808718729335,-0.12538925301404102,0.06495070129503056
2023-12-10,0,0,0,0,0,0,0,0,0,0,1,0.011722154878621716,-0.013437494827245544,-0.05439511930629415,-0.02842971848143705,-0.1387332885635857,-0.016388609560907597,-0.05483360124922054,-0.011667426294829752,-0.017755760820182154,-0.030318806078144966,-0.034940962210493254,-0.02408981113173958,-0.08855339734144518,-0.04992647557957053,-0.014572814765090314,-0.006420204083829262,-0.0013144924666326219,-0.09946399978925502,-0.031371189639905595,-0.06350019239536397,-0.04395033189107611,0.007197557556052558,0.08114958465440125,-0.16018043091674095,-0.02396037583598254,-0.04903559305764471,-0.040463237666755525,-0.002227526776270139,-0.015172723718015035,-0.5103029665649439,-0.030437627290393898,-0.03671707207960928,-0.03533268036672865,0.08673255362242482,-0.3426501135289417,-0.037952026440356335,0.006159647809616864,-0.014580683315028153,-0.022000887397759072,-0.10260009470966125,0.05184746453196265,-0.029832872944660416,0.0025660778771605663,-0.0590201783991251,-0.40946854496797425,-0.03709381306680726,-0.06049744299577675,-0.02611220114815893,-0.08230709373159417,-0.01932478300263263,0.01844177335957653,-0.009114180429383723,0.016580690733050574,-2.4006721997338332e-4,-0.032978547879771725,-0.034988412146390147,-0.013904446002227289,-0.008862530478703334,-0.06169829893800838,-0.09993405430615354,0.008622807918125197,-0.02236824787037328,-0.006150574276405862,-0.031482732835845795,-0.013623426154600438,-0.03145818614611606,-0.06558437138840212,0.025251094618242043,-0.030762526621952446,-0.06267497364722985,0.0345852117934351,-0.0598885200006567,0.005885254848554844,-0.13230914761597923,-0.05201676056015181,-0.03819846874787114,-0.05579985164543011,-0.02335650104526188,-0.08570998203316016,0.004146993617400341,0.01124431304445217,-0.07321754883141196,-0.08266573675827704,-0.00601258985439479,-8.333333815579991e-4,0.013687559234298874,-0.05611663711855819,-0.04418215331004838,-0.021547613945788413,-0.08266989327894247,0.03404329942567319,-0.2400540234625259,-0.048225896085839715,-0.0757069598024458,-0.03387106340604085,-0.022042058769612183,-0.3224973130340203,-0.11668421319673072,-0.15772780937275765,-0.0626783816264318,-0.028820842762657506,-0.07522198985348982,-0.029864061867224123,-0.024780577297458528,-0.040975828840995376,-0.027406934989129716,-0.0564217387876802,0.046143790075710456,-0.03356987381912013,-0.040413581200303916,-0.015879714548924007,-0.058133865063449086,-0.026943899311797637,-0.06553818459947802,-0.1404409883644604,-0.05352313385465379,-0.047730074933083344,-0.035653185858858905,-0.06949356266892082,-0.005660606080628128,0.01138716120243366,-0.04255961441879652,0.013624982239560879,-0.01969823714062624,-0.0432108011438892,-0.041797632942644825,-0.03068771323123798,-0.07180421864564224,-0.06162113410617387,-0.034388156795600366,-0.03186084155900204,-0.034527171798834466,-0.04698394512593218,-0.05106228232745558,-0.015575211785471055,-0.18058393689541363,-0.07016057433626077,-0.05593682877883488
2023-12-17,0,0,0,0,0,0,0,0,0,0,1,-0.11204205499130904,-0.08647252049077014,-0.027250626044419413,-0.24702186348161437,-0.12404273388753317,-0.046811950492338106,-0.1889091384215993,-0.21397378476301743,-0.16136573041962077,-0.10939003262144542,-0.1005170070561725,-0.02835666424080241,-0.22778393087071191,-0.047575586945530546,-0.22499420938664194,-0.13512393078387586,-0.15859989207737613,-0.09843073046766992,-0.12327319545534188,-0.05502196642586288,-0.05666331637097688,-0.06305813596713694,-0.041232977248958136,-0.09840986939321628,-0.027160822246051097,-0.08654288318860281,-0.09657652944982953,-0.11827239216235608,-0.09858256585270908,-0.22630980848962956,-0.17747781534355944,-0.05231899952729968,-0.16105104148929783,-0.1642345829954932,-0.3665078648549711,-0.027234903976280478,-0.1349597942481786,-0.08151514534468784,-0.07048576432455889,-0.3077525474088967,-0.19435152227317332,-0.058605941233837555,-0.18324458644771457,-0.025210304221554125,-0.2670744805399359,-0.24216289092878718,-0.1586899522606764,-0.0553745500976115,-0.17490289260370417,-0.1383794150072024,-0.1428495952489115,-0.10418410442769144,-0.10216817455885341,-0.10362799040270865,-0.16444276258222956,-0.1445531296886413,-0.23887569296583777,-0.1587008170135178,-0.16934578643550502,-0.11367384290625004,-0.0944758034522053,-0.21388131358537432,-0.056275188749411065,-0.21832475898858927,-0.08077891747958166,-0.09204658163511326,-0.34474878432306344,-0.060787254294498716,-0.15842062352413588,-0.241111908251753,-0.1110633154138485,-0.06168383432407687,-0.11766079373947758,-0.056966824606677235,-0.239129897032349,-0.12545430615303488,-0.14502138821210497,-0.02242218053237366,-0.06501327508403687,-0.06641789651095475,-0.005850821176054843,-0.09306109868638579,-0.10161138361137123,-0.030052345066401642,-0.1151811712547044,-0.046768796087427233,-0.008002043199217823,-0.15924185824074488,-0.10173684903772795,-0.21420441862967454,-0.15030865380728642,0.007722046093910251,-0.09765328679339014,-0.050004436689264686,-0.053863989890651,-0.14059913094546417,-0.08108897817576377,-0.061820545070522925,0.026757449169548586,-0.07892763462444741,-0.15265777086622556,-0.07898976427066984,-0.09784168324379916,-0.1244107210606531,-0.1608941189958486,-0.2759365615540359,-0.2549852498297174,-0.06620464336079124,-0.070834699459839,-0.05325089469433042,-0.10257987073032027,0.010356079610090774,-0.06317194762741707,-0.07153879879669844,-0.35426618747219774,-0.1666126022143155,-0.20820138398144827,-0.09017945053680254,-0.19761482382214446,-0.08231595257155089,-0.06880360626559145,-0.12763793389186429,-0.16903493568719696,-0.1218716572766505,-0.14416685743092827,-0.045965838665851244,-0.20054758823560093,-0.1463735757175666,-0.15943539240119087,-0.09796658913585521,-0.2908021997880246,-0.1479501777021115,-0.13764250911583975,-0.10468868770514561,-0.026826312363451343,-0.24686007793152598,0.21721536134652908,-0.006218639603499554
2023-12-24,0,0,0,0,0,0,0,0,0,0,1,-0.3480222323518687,-0.28565069147581834,-0.23830548143390295,-0.4932902859764692,-0.3099386302442717,-0.38050414756560436,-0.37816728410420275,-0.4049572658408671,-0.5928565336876428,-0.3215117824664526,-0.3589426575852217,-0.22817289971921184,0.28185115214098766,-0.20260252992523764,-0.591301112885807,-0.41408923055226143,-0.46194371226863495,-0.30459898203817737,-0.3495282905933781,-0.2798483475460172,-0.3283319165982599,-0.19320357489494988,-0.20964806983932505,-0.3217613861046438,-0.20476312559040366,-0.2361077871009245,-0.2981709792149436,-0.5092218836375686,-0.15577844034305421,-0.40199844669086726,-0.604848091839763,-0.45433916224951787,-0.48881803178498373,-0.22450009685346117,-0.5532134021159738,-0.20702200180191976,-0.32906672937289994,-0.29659321919679194,-0.2165340679886949,-0.6809107936470813,-0.8349311095212872,-0.17615998921145515,-0.38540298116206007,-0.2589837981785079,-0.24662058565400713,-0.5796212820268805,-0.3457703538474366,-0.33210318213806644,-0.2707125688196719,-0.4760095057740559,-0.2857997189548005,-0.43834537498491954,-0.19619076873432562,-0.5854458647696008,-0.46127742900111723,-0.34216932261062993,-0.7313337090938559,-0.4873837543008275,-0.4663611941685355,-0.32225047268662266,-0.3068243673566746,-0.4252261730596061,-0.20877508324217242,-0.7256847424073936,-0.24247776114003639,-0.36986455397297124,-0.31986607620482843,-0.33004134629092263,-0.6598696097847938,-0.5584536727552454,-0.2986758406839902,-0.164994797163299,-0.30338968543474554,-0.37585848071536354,-0.36335700729375553,-0.49472924568105814,-0.36386796353419726,0.12791605675151096,-0.23225456959993362,-0.19857079968526659,-0.1259458452735851,-0.17739131202274727,-0.38380472691096834,-0.2388022342474052,-0.33525688565592837,-0.21947358085014912,-0.01091803467946395,-0.4833031435792572,-0.43682790212665523,-0.5233945245011045,-0.2669699407727606,-0.36825402067749646,-0.3509117623301554,-0.4332014797383268,-0.27193371548364187,-0.4510017624210745,-0.35915841670558013,-0.26158742342949726,-0.18827986637758531,-0.3242826810966273,-0.4022380977367126,-0.22726704766486616,-0.31102543154750073,-0.233586811308804,-0.3204232701501608,-0.6254921596490792,-0.4987791224913458,-0.24410355192485067,-0.4737877584572594,-0.3526226267337851,-0.340781040415032,-0.29133759743419496,-0.284535142361646,-0.3058779088192338,-0.33396492231142894,-0.5650940798044344,-0.40579170658793196,-0.36220207258381354,-0.46920797875952314,-0.44892556551948193,-0.35759702791370085,-0.34307306444839636,-0.1250754899721045,-0.45339909514493826,-0.29202116276059353,-0.2345847003604158,-0.6103480025414134,-0.222923134206356,-0.5990498571808294,-0.3646909501781259,-0.42113727750246,-0.5692102793291829,-0.34521993018471164,-0.3362360579209671,-0.11018472347513253,-0.2744368457017603,-0.484488562167102,-0.35256747985702397
2023-12-31,0,0,0,0,0,0,0,0,0,0,1,0.21900312342855965,0.12841473870808162,0.05312583761139322,0.4709824127536484,0.3395956124034809,0.15712317768833817,0.2624748329740072,0.3646919309864396,0.3326656084996502,0.22725715572268435,0.09838734094281687,0.07797204561622362,2.7345953258005666,0.056129646657478105,0.4761633265230003,0.09662165540213508,0.24981823648927914,0.1639098536060768,0.10138343707375075,0.08326955784363488,0.11688609416652618,0.042730899670330835,0.12815503558814179,0.21868920096482913,0.012424605767460406,0.007680983110131656,0.05765315204114607,0.29693000668539593,0.15829851879719392,0.3149751565008163,0.510623378846705,0.13589155421101573,0.29114322901753376,0.09111931798025807,1.0533097355921726,0.06005776051221279,0.24912328220865199,0.04219846977644348,0.04421136605683884,0.662974514092217,0.25503955757632024,-0.010128866801279557,0.28136407167572575,0.07703841356836971,0.7265856620722229,0.5353979890166896,0.20740624461928903,0.12721680520040923,0.20714796427695603,0.2952418747900136,0.1282282159745014,0.3218516073491937,0.06631153291038938,0.2830083267519008,0.30671983156905736,0.2536797801908248,0.5027384681259424,0.3288294818789108,0.23376361076271301,0.3187293422880435,0.0486714063758118,0.30027891957103314,0.04244305750975297,0.6159621075680866,0.0670179215180644,0.07501920942838947,0.2092931348862379,0.13276988480230756,0.4662682917878307,0.46052488529119184,0.08439394593727467,0.03792122277944898,0.09735688253758568,0.23370451717573726,0.17661711193716556,0.29819830111355206,0.18967692722994123,-0.15840404617469694,0.11045699556431021,0.05537545148467782,0.08781988718047451,0.0156342013335955,0.06685701429756197,0.09439675898006694,0.17860854608503374,0.043555012069956156,0.03583719429614973,0.33198738354172797,0.26981966063401064,0.3968039207995595,0.12022278497906758,0.11442465865984275,0.09818551552941823,0.09795518418030369,0.1174075898100364,0.28770165859654284,0.2169415629836493,0.0031127276300120243,0.044417117938150064,0.05341708600697892,0.29416657873104146,0.14950192104705895,0.16811663707200353,0.15106960671781344,0.20692798665078627,0.5887267039158139,0.5404322511587925,0.07005567768232979,0.1841553440775181,0.14729953313440536,0.12353194217709795,0.05734988385154338,0.07585334251825948,0.139384952037803,0.22813939850758125,0.46798763501412566,0.39879106730533564,0.16311842267151633,0.23432156499183776,0.2417412633201934,0.1618175765962473,0.2392915377221918,0.10459658079735767,0.24854353746828917,0.127720940095581,0.042792654233990035,0.39806268677589784,0.17203788026823474,0.4019284112298198,0.1962878661807066,0.2631960894338832,0.37317329979030944,0.19075363737524942,0.14161280936518317,0.03127426528072963,2.266867010391967,0.03072404334413381,0.05649247705630067
2024-01-07,0,0,0,0,0,0,0,0,0,0,0,0.1816150926176281,0.08728660105482877,0.12873125099028204,0.19819309343418645,0.03014846389822612,0.15991060025078596,0.2595764778153926,0.14528975152403056,0.2795253266708402,0.07832265096775703,0.16082139607868662,0.11549168773097218,1.2982470366637404,0.12203965503570924,0.2796194250284305,0.2430326147884223,0.27738627936075133,0.14436944292584553,0.1966349448130238,0.17363147714591154,0.11215717927487212,0.08987831115374867,0.052418304550938544,0.07894320234011953,0.1103206616485286,0.21475057102198836,0.18247350553687092,0.14748695418182844,-0.17091822332113615,1.0263464266353282,0.13912856327660705,0.08554536049978267,0.1395859015332288,0.1249099976219199,0.16125964712222096,0.05643992792350705,0.1245557479007866,0.17889052083330004,0.09309338628798258,0.2102579196834018,0.5793800429824083,0.07641147511780311,0.09579653848791203,0.07780840272974388,0.007843177461025697,0.21522357113514534,0.128284270041922,0.14234970432816585,0.4585649876000648,0.12421768786716303,0.14655961028277975,0.03130403879873356,0.1015945219853549,0.2561077268531857,0.17393544606838418,0.09658062529819489,0.33888065630283304,0.14313012578881334,0.35651638721818113,0.00921665510492442,0.16739335523469911,0.19337139298053962,0.06581535309368558,0.2451571963664918,0.1490393141900226,0.24555694566193687,0.14914573331887748,0.11968349576572912,0.1904184790492396,0.2301649142133657,0.18599086157681022,0.002055378472659797,0.11812093057428008,0.14902684282738843,0.3922254086338679,0.16913770010261775,0.19032899101765643,-0.08173225942810092,-0.017833552703861777,0.08084934393524001,0.04567684039508002,0.08351886271680087,0.26653193848238566,0.05152172782467268,0.06049589683717471,0.08693273899957621,-0.2291459795109363,0.18862515303871685,0.12492091033301289,0.34883956721194576,0.11719745269182535,-0.07091702013873658,0.1755995340890113,0.2473423801299912,0.06856719572025405,0.11152865604572426,0.4376701534572254,0.3053582816983358,0.10756844224666562,0.19503262364304863,0.19059746609781403,0.0716541453919346,0.08332399806210145,0.06910858321060687,0.11151690371186351,0.2524025757800761,0.5611439368885858,0.10821014934150774,0.24079728517062016,0.16713543838921208,0.13280762230648158,0.17086480300256834,0.15140311599712852,0.15357041703483443,0.13512895305434114,0.19860160677550098,0.07521345636376786,0.12014722445352533,0.3311850337252933,0.08262912692670188,0.1712223134209383,0.07949595320363478,-0.04348635458560679,0.13768658198226458,-0.004725044462624339,0.09786227822878857,0.3477402127191329,-0.036515212975096745,0.25229809942062076,0.1252297396941202,0.18769414621792446,0.22187548526989342,0.08075421338763356,0.057282135286028435,0.007837831911329474,1.2454636660137561,0.14972520434641545,0.05068281468499514
2024-01-14,0,0,0,0,0,0,0,0,0,0,0,-0.3330622738837654,-0.23379474288718427,-0.3498403254803524,-0.33659496670486977,-0.21441230765128427,-0.17787958599983433,-0.23568778812409708,-0.20963844987416191,-0.310196875932232,-0.13050135547648,-0.3029495445825692,-0.19894089049873287,-0.19056439102566625,-0.2130238697375777,-0.30239292296834996,-0.2499671236863552,-0.32170811836976476,-0.21333773502752607,-0.20787936157943943,-0.24180940622521696,-0.25492675082771044,-0.2080131250527577,-0.19012404332294874,-0.2482075199774254,-0.219526371377893,-0.25070411395009096,-0.23616371124656954,-0.20551013622834446,-0.14850635220483177,-0.3093961658415374,-0.2743951636937929,-0.22836646647040126,-0.26522771494134645,-0.2798642130488611,-0.19746453689651844,-0.24453908648616185,-0.3033737718204632,-0.18393162739938518,-0.20222429844413803,-0.2903112858946928,-0.3575158485090606,-0.2745644971284378,-0.22040573417415477,-0.23718440217382852,-0.189146262799877,-0.2968338997408342,-0.15423955054708038,-0.24637100440849213,-0.3124335969394263,-0.2815890218336081,-0.202696797102762,-0.3050961746369021,-0.21686936424784342,-0.35289647668111,-0.2057760519240439,-0.1720205711568248,-0.3067933512767098,-0.26150814075289297,-0.3034909480338177,-0.1409859327360472,-0.23876434912661804,-0.2756898788958715,-0.2423893835397175,-0.308653761575032,-0.2336038427545546,-0.25575796147847285,0.04878139612369736,-0.23623938683321732,-0.2787682225222099,-0.333677437424865,-0.2837005834898578,-0.1924394483231362,-0.236368758244609,-0.3121137927891722,-0.3114611280740718,-0.26912866455603357,-0.19241837076788926,-0.11056107240025881,-0.16295465341910287,-0.24235142873092475,-0.22825242996062833,-0.2555983096341503,-0.3080367574914469,-0.18207360241628923,-0.22675459470159787,-0.22436979303745375,-0.2722754090840622,-0.2796429632827504,-0.20973806325140743,-0.28529828109650435,-0.1641189739782858,-0.13781250063976547,-0.2688200202358004,-0.2772889076130163,-0.23620179227460536,-0.21279105898076622,-0.30417257260258257,-0.3135312969532551,-0.3133333922305592,-0.27501091226140595,-0.2595903375847657,-0.1869996505441982,-0.21099735677062093,-0.15947440095048293,-0.2256397684533944,-0.30066267911429545,-0.3192175136902424,-0.20846285559289512,-0.31076675591635006,-0.22482281283393046,-0.2743855491822176,-0.3460515800572974,-0.1979681128523696,-0.17289913658833456,0.1262765079263568,-0.27969872906624005,-0.19938061305972887,-0.24441542991627152,-0.23785973891494994,-0.28090993283557797,-0.3111412047095481,-0.2075538032808657,-0.23394073930638193,-0.2255370370951315,-0.21811518312117784,-0.2312843035430916,-0.37489504202348645,-0.06254044315100238,-0.3055045555405451,-0.2707066321479896,-0.14572513440176849,-0.30324590851965105,-0.21521329563823244,-0.1570500592854156,-0.142787560430091,-0.159660335638228,-0.21958915602782003,-0.2620571825036624
2024-01-21,0,0,0,0,0,0,0,0,0,0,0,0.3779748305645878,0.2978998628258127,0.3513877145705413,0.4279237668589273,0.31669738285963334,0.27792903442179284,0.4295226764801665,0.2845752991478472,0.35563617903112466,0.23743009844744556,0.4227297428305725,0.2603799109268383,0.38698590868283045,0.25866088310759316,0.3839729099607725,0.33587217659720636,0.4467650760303341,0.3243909126441755,0.29194011593021685,0.3379352123491737,0.31862936119187246,0.24850357922208755,0.2709958930384646,0.4017922688331561,0.3020947387872406,0.3362107189454866,0.35515588589033875,0.35116914491744833,0.2421274861801379,0.4611877492364771,0.3563854496831711,0.3341442573272708,0.3674066689515474,0.3109718506947763,0.28155313829204154,0.27265041660435774,0.351957771676207,0.29523423443413854,0.26622355380555973,0.3770764675724516,0.42478471407267104,0.28208131104495404,0.31132353418705794,0.3090957664556937,0.3166854734016251,0.3727644985137699,0.27855757942314874,0.30143764917152804,0.43515567427807156,0.37309304523951603,0.2583857029633503,0.40831675889537244,0.2726607238762586,0.40321300408944616,0.27963154647023813,0.23694309879099773,0.3914670930016735,0.35241371461890125,0.4945734619396456,0.2729871031798021,0.3203072997678582,0.36701445301282387,0.30236778984849444,0.3992837138833405,0.2985867328302083,0.32162634497971165,0.2765284752194841,0.2907520949362432,0.40213090340432256,0.3679889721944871,0.4054651081081646,0.2902211588574888,0.30903854526855223,0.31504491359803133,0.47193106453105305,0.3403097979545553,0.26229275544838515,0.08843062218953612,0.22671903791546022,0.30162145394837925,0.2011971643918642,0.35504323933986015,0.4360172929422266,0.22988906445724844,0.32989844321469075,0.2728440947280353,0.40192098005026544,0.3645842917885336,0.3010237071522148,0.3659964428265159,0.2532758141380169,0.325357761282671,0.35071394362855646,0.4091110986216462,0.34317391182677337,0.3023656763280451,0.37705751673629084,0.4527715537980983,0.41725550221553576,0.39290500238002135,0.3561900618594791,0.23589734737678025,0.29700214172553885,0.2600719719037565,0.2943732763228919,0.37538872817496927,0.3842439203260444,0.2932574371996477,0.3556597726824098,0.37993180610300037,0.3049090820833822,0.39849304905923333,0.2588182290662244,0.25585705948093374,0.29264193334559785,0.3818442874448822,0.28393500340949274,0.3324187856426013,0.42628711518858964,0.3987860480284926,0.3403327484290717,0.2803658462987473,0.3149623644114232,0.3350776842435028,0.29425090874448223,0.25935048837344965,0.4303849874669945,0.2510834083267852,0.3708815069279181,0.33548965015643795,0.4143716120453975,0.34753922656271374,0.3407510405820098,0.2506674752492195,0.20847104702573827,0.4032117014391714,0.6337618698452463,0.3300236955276237
2024-01-28,0,0,0,0,0,0,0,0,0,0,0,0.0445986378005907,0.06780157695889244,0.030830224849484722,-0.0053563842968458175,-0.0011135294970507914,0.012149907269844107,-0.01881763246922219,0.023164567735970643,0.031466195892482673,-0.004141064845641473,0.050873170444809546,0.05109789920016361,0.03637676888287622,0.04301041091021762,-0.006605043827923929,0.052612951468274716,0.011403354484838424,0.03337720276724365,0.028896482923724598,0.07499115165713466,0.030050694551399637,0.049417221722507065,0.039733017487685096,-0.03660878613651164,0.03142187000833996,0.048914704925555164,0.03113493835978165,0.013375143662432976,-8.849413074845103e-4,0.006142525455873127,0.040124548280495276,0.008612506677376786,0.005037794029957965,0.054865172978436405,-0.03272730523990042,0.08793147600857942,-0.014538158446026905,0.04665382771832327,0.04649929539951181,2.850627157275909e-4,0.0023889165685062608,0.12291087201301476,0.004335947975149246,0.08890614845097744,-4.04612588971176e-4,0.007548869084661902,0.029263741819077538,0.03364187854687195,-0.015831069269985676,0.054365901479331846,0.05317777889197295,0.022729425219199406,0.07002592943006558,0.05646557146334974,-0.0030755658357399795,0.007199922833790673,0.027741717119003084,0.023134334525474642,-0.016074932221952665,-0.003451585401756496,0.07588266252076714,0.0016090108057014163,0.07512063046810802,-0.005645341235565482,0.05565460499791808,0.04449583236760546,0.03527933154192198,0.05727630361314695,0.02651992395721603,0.04616874497724144,0.048346277784895086,0.040351596088373576,0.050105770235560954,0.04203101945253618,0.004413871894032972,0.01819476975850609,0.0021430493066629808,-0.00751156564032307,0.037659905604472854,0.07179035147912405,0.08686593302166123,0.02699683139660891,0.0409468566518143,0.08167803101426774,0.025224910032622283,0.06732034294474953,0.023591831617951975,0.0036697288889628865,0.028397554212604703,-0.007973201899611482,0.03288660615974148,0.02530730372743939,0.041912078666072716,0.07047881396503719,0.012834735585364854,0.025290176655888175,0.04274222761412183,0.04089789296816804,0.13968147350986015,0.05239106022167217,0.014103635793608404,0.033532820108082007,0.02994434921813749,-0.023883207174415055,0.0342052361630385,0.0028026111603782766,0.012372984539171128,0.016433323363417074,0.05232537643662383,-0.010011635414246989,0.05320109712145449,0.05937961365883471,0.01900174878459815,0.03969360251604659,0.012049481649956562,0.01345356131249531,0.03672248543772483,0.04209985390412463,-0.018837122086443614,0.02451704069474303,0.06320511263592543,0.02522472267153386,0.03726745388723529,0.01400836282727802,0.015950676583580403,0.07984982504201898,0.007106558160424825,-0.004981564452746667,0.02953689553386596,0.035110152380315895,-0.007971137673170148,0.04002486414723716,0.026226103224417763,-0.008990071647462017,0.05924002060355704,0.021506205220964247,-0.33892756454959194,0.062333256627802314
2024-02-04,1,0,0,0,0,0,0,0,0,0,0,0.015495901840696824,-0.011014653997516888,0.046145132781393094,0.03857414775933066,0.03815664069596103,0.012844746728760903,-0.06044863978404447,-0.008712418979479608,-0.01084690868974647,0.01009249014876712,0.003884660495482528,-0.018738836886247334,0.023135087597159654,0.009474752424569743,-0.003540610027562785,0.01917712463973853,0.008467982229867665,-0.00828376468767189,0.029889385724397144,0.010120755909162504,0.006213009016060589,0.022009567927748996,-0.026497667232101563,0.027795651623163664,0.010610179112015672,0.00991334016865153,0.014925112122138096,-0.013044479260166497,0.015552109395304825,-0.005966500107769335,-0.012854856433141215,0.003688111410861339,0.009133503271685939,0.01960035141852856,0.05376117689145232,0.024138452768609042,0.025760894127758505,0.0020272911426744145,0.02361482126782377,-0.0068162040875865415,-0.052160188511154004,0.013158084577510998,0.012060165807310952,-0.04094897058543712,0.003232326046580525,0.003944562173746391,0.01085484112617685,-0.01025867711297046,-0.011752983165914443,-0.012281844525094066,0.03153177676424246,0.023621953347203295,-0.05191843880267477,-0.059121615521466,-0.02437047215913779,0.005862280483000859,-0.052599168109245475,-0.006018300115970376,0.021799228342583632,0.05092826426851271,0.01242857475168968,0.0015146997594541745,0.018737819103030517,0.007072078529947845,-0.01513057724873157,0.0044069507557154,-0.012661667862895243,0.028752117746588368,0.025042081388967574,-0.002628309096053272,0.006788727733262334,0.004282880150991986,0.010305283431287116,-4.678362658427915e-4,-0.011988676298512857,-0.0015521927835076,0.0019604354879758645,0.01006777313546614,-0.019052216259397348,0.008906201824858684,-0.01473662404457965,0.00929251343585591,0.0017187374286207202,0.009216655104923532,-0.022441976882178416,0.014279582217194609,0.1387275784167139,0.010747894700550376,-0.00225086625938431,0.014790608705883557,0.01584232289745824,0.030262547427371445,0.030098850681963718,-0.05256094076876838,0.027306497969148857,0.028726460366311102,0.039645380976721434,0.008795450453411569,-0.0682650554773474,0.019354708383056085,0.006333229653765926,0.0133781259461756,0.003795070968552139,0.009126421928570494,0.01952483596073229,8.681812150008739e-4,0.0019988944816056176,-0.022082742985979564,-0.01130929173604489,-0.02587365029819999,0.023913990537028695,-0.00030670142856603633,0.012538700617396259,-0.006559882234402181,-8.491367620315771e-4,-0.018745899792267373,-0.005270039532360826,0.005633142480344411,-0.004995168141708639,0.03287575730190895,0.00888254549837697,0.021450415898596198,0.02079717566713768,0.0158044469364631,0.01729882873023847,0.04201786038413502,-0.012012995423095418,0.001671119450252334,-0.010065088115602805,0.015472895303244805,-0.009544280169024866,0.008575564702396399,-0.0017527528176799478,0.014023146195775382,0.011615916163787432,-0.022737479745490674,0.14684837569924358,0.033738139631848796
2024-02-11,1,0,0,0,0,0,0,0,0,0,0,-0.017922106023161355,-0.02381690372380607,-0.05802198084638288,-0.029906003699192496,-0.001365853870876066,-0.019195668675693334,0.0028353013779058855,-0.016477829849078418,0.004094833307927814,0.003969679504438162,-0.03253469415558197,-0.01941808585710092,-0.02116609852883311,-0.03823209889201351,-0.027987215839957003,-0.0023171277995510664,-0.014470211590895232,-0.025182291427180203,-0.025872695633781362,0.019432981771896785,-0.010311375408342371,-0.01877601968419995,-0.017560697854681173,-0.07283478572336666,7.91243612426662e-4,-0.0605732462352373,-0.02419356015357277,-0.009395532720528621,0.02060940426611957,-0.03410489407919037,-0.022417276341520243,-0.004488078351444713,-0.026877948570758647,-0.010304412121936224,0.0036663652435775518,-0.03604335527492708,-0.009163002718720392,-0.008133941294752312,-0.03940346881160117,-0.024547941594081912,0.0969542410048918,-0.0060875861142148935,-0.03913522289447258,0.028685147998857907,0.03993414588047273,-0.023960200023537936,-0.0100015987535933,-0.06728252806250179,-0.02259720838207535,-0.015423589194481835,-0.024615016014927882,-3.991418503321853e-4,-0.010935046086199662,0.024433108242217116,0.028927415240952215,-0.009320434899191099,0.03429413633581202,-0.0019380955733110383,-0.03501204595970897,-0.031901815125338295,-0.02600735393630238,-0.00731929522542174,-0.04794306543178006,-0.040526710408977706,0.03222501060803218,-0.014258180627056305,-0.024814515742531462,-0.05081514685854671,-0.006014980976549289,-0.022369401110182707,-0.08152380879516663,-0.011359106991257306,-0.023136253368028825,-0.041563183186693387,-0.01765626954965871,0.008892384132708209,0.009921243572373228,0.06262350088116442,-0.0021335617225100023,-0.03894338432817346,-0.011431362088572428,0.010253803524644667,-0.016645639318626948,-0.006225490400239231,0.01881220883159962,-0.051963114677489486,-0.016346294876183443,-0.017547516598440893,-0.002383791355274667,-0.0412939267660537,-0.03616354171073155,-0.010789315452739423,-0.008741443913770297,0.007124010366078792,-0.0816329544968708,0.010056254342703852,-0.06325365400429916,-0.028013549166162832,-0.05005460482298396,-0.015759095742093443,-0.021337984975997593,-0.004799460704130176,-0.018056503754763753,-0.011295801169019626,0.03480429990673528,-0.015058330877359083,-0.018787245336220337,0.0048758961849104665,-0.008375531639270406,-0.0351622402881695,-0.030749778983133247,-0.06658560475929587,-0.015416160431350079,-0.011712419060057933,0.009020498092947804,-0.044424457449757426,0.007527155309063005,-0.030334769534422712,0.02313351305971345,-0.0117870294414395,0.012351700976538815,-0.022560349921025846,0.0018025113094495282,0.010763420770623533,0.003734087285808485,-0.06143594624123683,-0.03985047858647928,9.637422148056629e-4,-0.003483404588461525,-0.03295054384255547,0.064547960041903,-0.023762068451294027,-0.007815119578043372,-0.002458265776573043,-0.007728932648256581,-0.037661354636310485,0.15627102630225664,-0.03120866172161918
2024-02-18,1,0,0,0,0,0,0,0,0,0,0,-0.013313605156145769,0.02061024499824704,0.0071806808919294696,-0.02751229113633613,-0.019619104159058764,-0.011361005223790244,-0.04832007901470803,-0.017618984922054715,-0.06532027265930562,-0.040694813328829404,-0.008457146116141345,0.02851904307222597,0.009787208049334417,-0.01668534867118865,-0.06486533467055988,-0.025192697615246118,-0.025350306643722398,0.030281477101231857,-0.054495585866495944,-0.0886471901344752,0.030051380127924077,-0.02884205838275644,-0.03412253609717908,0.025770715234325614,0.0034215061671956093,0.015168221473171428,-0.027879737551798733,-0.009099679648669756,0.023380448644063634,-0.005936361558548597,-0.024335677509442988,0.020891268946160224,-0.020299645199054694,-0.028577375422271345,-0.06586093626340528,0.015905288829854314,-0.035942574689676654,-0.005038587261786631,-0.04336396371637541,-0.0039782965463111,-0.07261730607619388,0.03144040749113053,-0.012153180548906128,-0.0018011068808245767,-0.023133750727743596,-0.02191170467580772,-0.044057245658590816,0.05418331065923532,-0.010266586390274668,-0.00727990273098289,0.03337118836438968,-0.012200477682367428,-0.023923254966006446,-0.02257313693411689,-0.03950412130027203,-0.0024386951525334766,-0.031786822026028005,-0.012690015546351852,0.034298298358132584,0.015707129205358328,0.007429454678520742,-0.024034448152523424,-0.04208113670488789,-0.05560257539311131,0.00708256842438626,-0.0904590413450288,-0.003605291660539578,-0.047072996050707694,-0.02473499482075514,-0.02645988467234517,-0.015055751903154224,0.03499017142206107,0.03969141214996874,0.04015835972924453,-0.0018029452982455396,0.009004754782042212,-0.058253042229567065,0.04348316829286425,-0.012951947818300447,-0.024527161203156567,-0.019427287139760274,-0.01962253066376185,-0.007860030852927302,-0.021683297716837302,-0.020202707317519497,-0.022042616699113005,0.2873898200605369,-0.01598547050711563,-0.02206225299608633,-0.012612779815698083,-0.03817998505741649,0.026562513129833043,-0.0530178382029014,-0.021526117606468276,0.059290785680500946,-0.03915761513048288,-0.016378015418210268,-0.007548612331679472,0.07613318021422355,-0.02615033740352235,-0.023647735640889955,-0.01703180095310408,0.0025237444490544547,0.03124740329196829,-0.07222699339758076,-0.02930139606247284,0.006242819885006412,-0.03945952123674257,-0.03275341350948402,-0.033036665297605516,0.014337163146406873,0.0052321898303020475,-5.848441974691809e-4,-0.008616862525081537,-0.02673271660232235,-0.009781829245462781,0.006375749859927282,-0.01227161355872397,-0.030107185050450624,0.0073243091752148715,-0.034341230228894126,-0.02194525424783933,0.008989278521195132,-0.0367912146605498,-0.004869662450420975,4.5378228305104074e-4,-0.008075809253166533,0.014716265444240761,-0.02744303423315131,-0.012185867282437535,-0.011176482241316066,-0.03698856936934014,-0.01817623634887955,-0.015549246144525242,0.05458539260815254,0.0046798638910976464,0.04284305734304361,-0.0035648721336780653
2024-02-25,1,0,0,0,0,0,0,0,0,0,0,0.025919377552074074,0.03438465255624923,-0.021891042631908775,0.026953931839106104,0.031941580946097226,0.033807686148810134,0.05301101596650426,0.02277313105727785,0.10444171462844842,0.0318226825897856,0.06864066032235971,0.016421747809119758,0,0.06492587139004158,0.0824909180593929,0.09531017980432477,0.04697785390783071,-0.00544583616716654,0.0814194115617699,0.09319494936215644,0.014038954842489737,0.014155195908400309,0.03713345293712855,-0.017512524855163747,0.01796689393135331,0.03715074760357506,0.08764572540634497,0.03850803721017382,-0.029407429615913472,0.011339693886601054,0.05076823303219946,0.05841881229266299,0.07689717023128928,0.044062439894668515,-0.005880448176895037,5.701796220227706e-4,0.05002958650093081,0.02046786553013913,0.050338772653592656,0.03548494311885175,0.07284543428523627,0.04733691199136203,0.04354546630311784,0.02039326345876802,-0.055037324530058385,0.02151960272427811,0.06837089445033051,0.05269730865833022,-0.00785936645885954,0.03761360582316087,0.015469471929475453,0.04566778168530661,0.08108166880595569,0.030844055109707114,0.03890478055712876,0.011490968831592951,0.04470298589014465,0.03943183482126056,0.013200861582932433,-0.0026007817000577305,0.03348202129676281,0.04777551937713831,0.027295538944452247,0.06585777699982032,0.017578928007139005,0.030724743264237908,-0.006778321983081703,0.08218786401992428,0.037615386903761205,0.05429126070215329,0.1170287037589679,-0.012148023514674477,0.015394787682555311,0.002807676154198191,0.028723977405644696,0.023747817850036768,0.05886986385550319,-0.040313738074814864,0.03481709140340605,0.015504186535965303,-9.573959563278223e-4,0.05320640548887212,0.055163173970318446,0.04820863049017454,0.017927393480384524,0.047062026943677004,-0.3014559084338968,0.015616602926393774,0.036532571066622666,0.007144940673713407,0.06325966945443984,0.0015637219761828192,0.07654833561309538,0.021755081545648203,0.06703077037727212,0.002247297167535578,0.013027928532928001,0.02128724527980541,-0.04932192276356684,0.038294699184835856,0.04817119215054255,0.02728830112029268,0.01696850973181352,-0.014844086282984392,0.04160640810745342,0.04435972693983192,0.008406367927587866,0.030688022151001526,0.055859602352061444,0.0827861936192873,0.022172296651498336,0.09602154387487083,0.02874992081788541,0.04365960767156185,-0.01940207343145861,0.06287902211043939,0.0023835014689055356,0.0448746345282558,0.05962526677146496,0.03288094314744239,0.04116398343337657,0.022853473695707116,0.029767935203162565,0.018490626752182493,0.03355922429512681,0.04158751216182299,0.04919024419077189,-0.04227579884870103,0.03229536442895409,0.03514750958287305,6.440763095234558e-4,0.06772342503885387,-0.0064348833468672595,0.03950553035386051,-0.015376157150838843,0.06371581438610807,-0.20257195373735826,0.054302501886532184
2024-03-03,0,1,0,0,0,0,0,0,0,0,0,-0.03664407817401738,-0.02634414756037451,0.0662691243961504,0.029255097373591,-0.02826455816963147,-0.02819181740162957,0.0016592507012118674,-0.019118277668305872,-0.021005004463839683,-0.01060581068785904,-0.027350624133711143,0.015248846861885212,-0.06513930217096142,0.023578744822936315,0.04724771585452814,-0.06532934759238884,9.298001599669092e-4,-0.029913376667092706,-0.014512726371564533,0.016996160189719056,0.022755583678518043,0.011766695618518064,0.00804720352716437,-0.009794997197687394,0.008608005872937419,-0.03801133285462299,-0.03399920083186725,-0.008367860644096226,0.03461505250877117,0.016393441615425886,-0.007888342553367345,-0.016890078759852045,-0.008016161824045298,-0.0049073162820656435,-0.018185325087684667,-0.01069733219087965,0.04028794911370426,-0.0074511366155762815,-0.00800680077287197,0.026944440982031637,0.10656872708220089,-0.026392558959933865,-0.001968596839176051,-0.03178939818963755,0.0050167329295982555,0.010366830108130998,-0.03808454927135685,0.0036842506025545063,-0.028373564051554112,-0.015760767534495734,0.009748331054480808,0.015515323447587548,-0.06543889173550177,-0.03190647220831089,-0.007575525626707602,-0.02240215182275307,-0.010617383689934812,-0.00836778284315276,-0.02750337058131258,0.002229655327268709,-0.05644285030315466,0.004456756651002536,0.035456724847061416,0.0026835522834396386,-0.02941123133834722,-0.016769928351012098,-0.20281290605315228,-0.048636329848691595,0.017903353878188533,-0.039022656932961475,-0.06277240487176705,0.017846044629312274,0.016289267301578647,0.018519047767237673,-0.02718793008723175,-0.011803415724884303,-0.03934757109370146,0.03599682201488008,-0.022666404278063546,-0.004063103104080312,0.019915309700941464,-0.0075441944986938125,-0.03304235282570289,0.0337957819363055,0.015371007876597176,0.004411867274328074,0.00832231452352783,0.03052008000935924,-0.014342470805228658,0.0279208002373057,-0.007666048109823187,0.014349674189140238,-0.03370109061457072,-0.01197619104671599,-0.018107971417540725,0.020230766597427063,-0.009795341266719326,-9.161704717799424e-4,0,-0.0348515468670163,-0.008767514618822858,-0.012222102765647946,0.012958584860752964,-0.03818919933184617,-0.05857428874589754,0.003849489885018542,-7.010847625963379e-4,-0.012455976563574112,-0.0019230775157410562,-0.041556119109691814,-0.0026139249874974624,-0.029772158333670085,0.00913432913164769,0.013387574057355245,-0.2752698320056526,-0.011279253181654347,-0.002675749589638343,-0.00550043237791531,0.010032883694232275,-0.01676851051373962,0.016971231461040404,-0.024402660682536492,-0.015219047971177346,-0.0030457253422362385,-0.014427662346520265,0.0063338027890571524,0.00671425098958256,-0.0637434614098833,0.0035714323675968274,7.491478446741695e-5,0.00171551150006799,-0.00543222875746352,0.04224574973909245,0.015251712670153239,0.062024603491121155,-0.09038406146826894,-0.12855241418694163,-0.024994111727700385
2024-03-10,0,1,0,0,0,0,0,0,0,0,0,0.07917037647280534,0.14529138733541824,0.037473454932771766,0.08950128581605199,0.017795288447968183,0.09378660700151631,0.11630269183461817,0.12063854032706534,0.11838130070563668,0.03890227223730136,0.10768339707396635,0.04091884213061636,0.22293562949206525,-0.010592887805922047,0.05991428959626077,0.14658176173000736,0.13943863167075765,0.04829245807374427,0.09160716531683111,0.0668592462450519,0.19505942487656291,0.015236613171658142,0.013698844358161821,0.08995485164455008,0.02038690424502132,0.06781553930024753,0.05950174207997794,0.15773883810745204,0.5037316454625955,0.04656456204111947,0.19155782890944373,0.233445236147805,0.34660087794439143,0.06442748737038073,-0.017842587467896465,0.06397421752726196,0.07038677135186777,0.03971199883379839,0.023794596713065275,0.41885997653963436,0.05660008243867409,0.02051467113224792,0.20126764930976382,0.05744779918749465,0.05634722401182213,0.17759735737273985,0.05503385776759018,0.07122410421583147,0.13465817639103683,0.14291927717550035,0.04555126790425046,0.1841413935109415,0.08497678829184174,0.1647619607854729,0.16739296766432155,0.12537285927312425,0.19466694843940147,0.13151266261690697,0.1658090206231151,0.03537287656601329,0.024932730064380237,0.22326033019353453,0.06554023103636197,0.0639861513656399,0.04160542679892831,0.17278315909211273,0.32082038341174535,0.07573825962648328,0.09652695208201933,0.2875349487204577,0.13568749862107143,0.09432154897738432,0.09719853965426051,0.04528906650125375,0.13115118479862886,0.07757511174563003,0.04925254754582742,0.21366447272118805,0.04334752602650038,0.04804289722061483,0.027094397927479363,0.20531341942699477,0.07774634812460324,0.0339271137211572,0.11553735764098771,0.03704715688934712,0.2839278998116672,0.08403982847902469,0.11966097936385012,0.033723807618695645,0.06111388255323558,0.07419048153921182,0.07652108779749867,0.016088602599808155,0.025030410367712363,0.17315193241477722,-0.11423921751460231,0.043582616790682316,-0.04263629859505347,0.06414296600008562,0.07993242890445007,0.04256371344302323,0.05571250971917685,0.04995211882142847,0.11184095877423239,0.1772499660300042,0.13630607501851344,0.03353261882856717,0.10785979601290308,-0.04038009570789125,0.04486893332487085,0.002134472528632081,0.08237043603734051,0.04502713429141192,0.42816726916645553,0.1387750987534382,0.19695036146602796,0.11762315077315844,0.10479402772375224,0.17293473018004946,0.06945380719458161,0.04989697114462288,0.18669295483389092,0.1373556310461721,0.38502814540570185,0.0019009769830757861,0.1515782157243022,0.2611616494772875,0.13934699609562795,0.07523102097463674,0.2015727569608421,0.10008909726786097,0.2099303165248001,0.25591742159373787,0.11213364266367254,0.11088142867475526,0.24244569911372338,0.21842537229873926
2024-03-17,0,1,0,0,0,0,0,0,0,0,0,-0.10976925493282952,-0.13475550675835812,-0.10124377937422135,-0.044228078598937515,-0.08901547453099568,-0.06037339093700034,-0.13465648223895865,-0.08378301155253531,-0.14275450080109664,-0.03784323057093797,-0.09986273651323341,-0.09886092715376282,-0.20083244232865827,-0.03225750497572566,-0.07922136615883879,-0.13952132226159364,-0.23664031423286414,0.019049800613565537,-0.08871808857149421,-0.1150919450093566,-0.2061875113859708,-0.044325527394533104,-0.023815079000561568,-0.10420540259368494,-0.03884976165845444,-0.05924283356286075,-0.056932697635536655,-0.1053560855766893,-0.37678750345033407,-0.8295132456586005,-0.21844656309774813,-0.1429097898521352,-0.25553547435079516,-0.12193964446073746,-0.28406543198159184,-0.03912704072569184,-0.05390791203478251,-0.05890403040636105,-0.008643346217064973,-0.3594463364329741,-0.12842363569226123,-0.03172052572932138,-0.09760699178034216,-0.06555559827703661,-0.28597547538513446,-0.1951612947350343,-0.022852900584974023,-0.06315270691906427,-0.19581333823019342,-0.10397354530994818,-0.08221898709613207,-0.14272086111529703,-0.072307932536404,-0.13208358579858004,-0.11755763274773123,-0.09607505003152461,-0.18798706214625316,-0.09894151956537289,-0.1550431030997217,-0.12015955853353155,-0.013636011460533837,-0.21293783086781026,-0.10731881601870974,-0.03273876163400047,-0.045458289101094174,-0.17690202340295258,-0.14068696612801102,-0.018784963473525984,-0.015573468755054165,-0.21690066427019783,-0.05857708810352147,-0.06103777702111124,-0.08996027018834152,-0.06614729662166319,-0.09324033044494762,-0.10586446000202532,-0.011227203274406072,-0.08259845412652034,-0.052851208392076465,-0.032831671069841306,-0.027563991737470595,-0.1736011291003301,-0.08292381271736549,-0.07222800464187173,-0.10394043909007777,-0.14820044095225882,-0.19662756988262498,-0.13449536142896346,-0.08803613284011824,-0.11474848169234697,-0.05138597804285361,-0.09206197506014835,-0.06575543358181068,-0.05266221999489229,-0.09712268659395029,-0.09303872028180571,0.031166265709033247,-0.23815118194684892,-0.038779092890455225,-0.06344014296541545,-0.05718807070996412,-0.017115564715877163,-0.11881864234027084,-0.0780010490299281,-0.05133682848564014,-0.16484049024956793,-0.32448527960097984,-0.03082625723082444,-0.07524592293084087,0.018935975019473084,-0.04242905759375226,-0.061881884578486535,-0.08301437697801184,-0.08408925573870718,-0.13431233760759298,-0.17704063683239202,-0.17300360620782307,-0.0903019552270683,-0.10258874373877802,-0.17131454697642834,-0.06027522049859346,-0.03716187040678687,-0.1335989341001529,-0.07869795726228901,-0.2694401978601828,-0.04809979479441129,-0.17670658475115442,-0.1120947859696031,-0.15041780345733358,-0.12012213664767835,-0.12013561690816577,-0.11212092982915234,-0.15758171900592544,-0.18594069420702297,-0.10087045038496179,-0.13381012273196635,-0.20694697637237347,-0.17564516607535907
2024-03-24,0,1,0,0,0,0,0,0,0,0,0,-0.03835449777622557,-0.05535563707623137,-0.1096571843387446,-0.0434390327064893,0.08501214935816215,-0.050958955293345376,-0.0010751312951668979,-0.1284118187005614,-0.1060701663350141,-0.052212924370989455,-0.11714227855532666,-0.11978953739301801,-0.03334072865321769,-0.040355027987983405,-0.06536657025768733,-0.06280090123903026,0.005787250194842386,0.4272407059746799,-0.07322070208523979,-0.08632595170369317,0.011128086509407886,-0.059533147798501496,-0.03975559539777329,0.004358661944038111,-0.07619511092337916,-0.12581778882821215,-0.10424456336175147,-0.10652778209699765,0.08536550906640272,0.7274450149788008,-0.047395920178547435,-0.03009842585888478,-0.0849283528768261,0.0018798357064939708,0.3392404490304628,-0.017194566277757062,-0.010038107102484872,-0.09158459981438316,-0.09049106799037077,-0.09580697028662488,-0.5381470834761979,-0.09422895250612662,-0.050932716657999144,0.00940937417892762,0.3227372082310609,-0.08893698742527523,-0.12147179848757261,-0.054701678314603264,-0.05929623887265123,-0.05196555945767223,-0.041085715012648905,-0.0396165060803213,-0.10432717514099199,-0.19411927202366996,-0.12053784084904251,-0.08519213901932954,-0.23934798720560835,-0.05718393136730082,-0.07817351108245596,0.03805453226309918,-0.12479709246822956,-0.0304674571413166,-0.07107468114525162,-0.08899468022634238,-0.08054835019505457,-0.09260158720448164,-0.060116725743433186,-0.12300041504281456,-0.1025059363774421,-0.08979423489443672,-0.12672016934875519,0.013481003517670231,-0.0239095320608671,-0.011778699192612763,-0.12159716218729155,-0.04298116759553938,-0.15708049163259474,-0.02037451656564393,-0.0634170095676625,-0.09183703429683643,-0.04983580225073414,-0.044168032561277215,-0.19832297845124458,-0.08332387055166812,-0.0022197567383130945,0.014508621949731015,0.1505352103302835,-0.06893910660078628,-0.041861577954387386,-0.0010360905779212004,-0.09704185336313742,-0.07317363207640604,-0.10976573616965091,-0.22579064707240715,-0.08387752453336184,-0.0179692835176688,-0.06632865482259387,0.09974406024329152,-0.07754794802616516,-0.0930333046881584,-0.07443653786468563,-0.03404376554904953,-0.0096459339611501,-0.027413607013932584,-0.061892606163746144,-0.09601244701738043,-0.24359775706454911,-0.05759571134835806,-0.1329844234850759,-0.09481009644667893,-0.07666865568648706,-0.13510656089090833,-0.047784188590160426,-0.04575007062527625,-0.09125112124766588,-0.06964121320809369,-0.07491319885023273,-0.07848828308044098,-0.132861183398421,-0.05980107111068644,-0.15110977737753828,-0.08073179083740811,0.03406599251845854,-0.0700307855235236,-0.13944386130225261,-0.10899028370840469,-0.1507730214699059,0.009051034216454923,-0.15249104562509963,-0.012139515309463889,-0.23489768051578963,-0.07876516039022707,-0.011763317403795881,-0.022432061072438003,-0.023200393170435873,-0.018910964285698384,0.06943354572565674,-0.038052564535792754
2024-03-31,0,1,0,0,0,0,0,0,0,0,0,0.06922981023939201,0.045766522503532414,0.10349502349545503,0.06239919305017416,0.028548568190951862,0.022273118433025374,0.022939456899565336,0.14665633844309944,0.11436807482371592,0.05788613702759626,0.0758723317653196,0.0792080527548702,0.33534526430058254,0.02285938223240347,0.07144693643907107,0.02985296314968089,0.10739510435561339,-0.1548498694314615,-0.00836687679752579,0.0713905240699173,0.029024119339280396,0.0812315102595802,0.09095474112451907,0.09251036462957796,0.04670537067020941,0.0745918821559064,0.06113632351481968,0.036768847787089776,0.00981915560272384,-0.005808890215478257,0.12493229806067507,-0.0014654164404355186,-0.012158799506163831,0.07565463527923999,0.018471862793283833,-0.013237603375229057,0.037011625965171824,0.07250280541304299,0.08641477758842164,0.03754851825750638,0.40973271845108705,0.0445594295354832,-0.03597868916938296,0.040030838767052046,0.01919155798041583,0.07587307335699389,0.10049982748837216,0.0313963351360087,0.24285187081142823,0.01624846898749155,0.019270481772565518,-0.03897978975153027,0.1054212671538508,0.16859040451981233,0.1151140987396797,0.11897471209947508,0.19896768200005788,-0.012304825828158172,0.10801710775709239,0.03590912933405477,0.10894571012009369,0.024805508487618866,0.06558254420090659,0.0688656877343572,0.08623070440889258,0.08455039524112351,0.06108064760270082,0.08840716522067282,0.05684548407365675,0.05832408010850543,0.09144963694711272,-0.03151601833442541,-0.0011468621836856485,0.02573241396647763,0.10174056273302146,0.08530649064366891,0.1661247645487851,0.05095411053928167,0.05854976725111438,0.07025903788564669,0.07144193951798972,0.07123902910995028,0.17580064807570128,0.045430297606449344,-0.03160533941533128,0.05965102631878505,-0.17999813782510898,0.0965923486767446,0.010151501736578084,0.0648840039532379,0.05260881545549356,0.20415375258800417,0.074499122674613,0.19206311003925425,0.11013723911691731,0.04323950153708722,0.05964319712816213,0.01718495683269694,0.06017858243592844,0.07737663775325299,0.07537030702477665,0.03538553304956693,0.05848833927572006,0.07104814832055606,0.05245710016336691,0.06557573367319325,0.4504402329019328,0.11258711425054546,0.10186659684575528,0.09647606934345276,0.03526627809712579,0.11348763833671782,0.03216299170619408,0.06578276666327998,0.05522529899090323,0.060631199400685176,0.080651755301556,0.038375794511408046,0.10990062037001191,0.043244787605221546,0.15884587966812358,0.07376811702357866,-0.04923985654654928,0.03126180502514764,0.7485576062859476,0.11710940814690929,0.11393403016433012,0.0172553300907623,0.1323575748021648,0.023513897833482567,0.2036033375446218,0.07888499980555341,-0.04559209329544789,0.07013631931395459,0.01112781193616641,0.10189998948338097,0.01636497483876287,-0.01491891438623938
2024-04-07,0,0,1,0,0,0,0,0,0,0,0,0.061112260193485035,0.04046405021807331,0.15401269740599943,-0.035526017043112645,-0.00639101712707113,0.03553660062730213,0.04927875091223477,-0.0341613425454943,-0.05209568578285673,-0.0229558634886331,0.07653466845711154,0.07121707169214542,-0.15149181093831388,0.010917372696640726,-0.010993307991929768,0.07064727562589201,0.0703334359433958,0.08223642494826588,0.07503717081619499,0.06589056342172217,0.054039165664062416,0.05595936942231372,0.006597153284134016,-0.041341340156440864,0.05420142243802761,0.03444048998029192,0.06433387187778017,0.06219931097325926,-0.07410418564467491,0.051103819705538456,0.009366521589361021,0.020059469802342633,0.06530962607065582,0.004410297826860088,-0.03663648808522524,0.09464279889825988,0.017908021151447073,0.056339630362423065,0.042169008115340745,0.02323403688883019,0.04769212858778804,0.13329450999875458,0.06915895532276206,0.030279236279615596,-0.020332025695742217,0.052998431775742816,0.024315656942263786,0.0493760933282692,-0.03875651446791295,0.051847345476186746,0.062375755670994515,0.08350785238787406,0.005996202212165791,0.039829417646053855,0.003664250554406223,-0.016670081975787454,0.014275032106541907,0.07424912537577821,0.04410228963294749,-0.011320875624481808,5.070994023466113e-4,0.04138159112471662,0.03391121346475501,-0.005106606077823983,0.03254804974059233,0.031131829535705258,0.018004987513614346,0.027594096139952562,0.024890665525788336,0.04623383417781923,0.0037401262154865833,0.07053904550127754,0.07086964212499769,0.011024457086272754,0.06052438007954741,-0.01743412795789734,-0.011959340569425159,0.006629076656620825,0.0476898238828225,0.10579426105608203,0.03965376471527815,0.028628490520041794,0.027977395392040805,0.06229462617689929,0.06697248325262262,0.048706988922337935,0.09820080642366413,-0.015309715239887112,0.04865824674954489,0.03711045204757646,0.08163158586281671,-0.05914274235062411,0.030496181073245587,0.05206356687845659,0.08796227720391592,-0.06355735693648512,0.11462024780442626,0.059791013966059126,0.010329336513882126,0.07601491723498377,-0.0033389012655149486,0.020758055429724642,0.020040750883445924,-0.01047660815964413,0.01650048332943843,0.04128741186916862,0.027776158957834696,0.043589425770259815,0.04591312375225787,-0.04511403304737005,0.07073301113719577,0.018698264953126653,0.05613556327105407,0.030794266988878327,0.019495719023179703,0.02309475368914704,-0.016473737430443336,0.07406459705015678,0.05611797556364451,0.12473428792118302,0.04736446241799097,0.029765307352780823,0.029866292502918057,0.051388104275563506,-0.4371125151525135,0.030787994398717267,0.04778670852347311,0.012855495689363394,0.016522208268489713,0.03710605877027717,-0.032937005686642706,0.061124972424651425,0.04109911253830045,-0.07691268382457217,0.008867450285321432,0.01224005489450164,0.24011044650959867,0.06972363766539402
2024-04-14,0,0,1,0,0,0,0,0,0,0,0,0.06614604273468494,0.022142331968699303,-0.067114004635064,0.0507863749261972,0.03155430143029925,0.05469857909150999,0.020331368502761293,0.037107406668971166,0.07059701096176862,0.016024913930382745,0.06433026527962227,-0.007806440892829336,0.14015167807275208,0.031848491078356744,0.0540038563024412,0.031398930240556844,0.016627126747080112,-0.033770293566518284,0.04731166585019153,0.015207553320758294,0.06255861443101995,0.017212468446210494,-0.012338109130829444,0.05484365499408028,-0.005098150221397368,-0.011348877808655011,0.057615716151869556,0.05200945978766036,0.0454170191701877,0.02383606267691718,0.01421824900227886,0.044831863411475936,0.028535258660548735,0.017318166977113414,0.00685045901983905,0.01291691898860492,0.05662774349437871,0.03385054297868795,0.008772291433597701,0.03445787992368743,0.1160034630808715,-0.025402856461973045,0.03544460694386409,-0.003400537646570889,0.04790223362336565,0.02864821005411322,0.013234638259357112,0.037525795346247115,0.05011801880298172,0.05469439840056545,0.03926669122175053,0.06647037436239245,-0.026433257068156024,0.030956041445924676,0.03885854016351864,0.0548661876156844,0.07858144546770252,0.037860246438441436,0.010664218149674554,0.029908771392572753,-0.01070346609935946,0.03241337098777208,0.022989518224698635,0.03126471024350508,0.016146366923641686,0.06814746544958794,-0.013747324166564212,0.03938109740051576,0.03520120146883521,0.04722275311772428,0.003486208976537064,0.0983026104114817,0.002491252252339038,0.026151174662466303,0.01116507518901333,0.06798378966570695,0.012396308022303515,0.055483571219507866,0.04111347010193711,0.0028147685575756753,0.029599549372362866,0.0319759376392188,0.0672964554064226,0.003363957111973903,-0.004299232761320049,0.040502025234576244,0.01055458363635875,0.08546122941522771,0.04845183483643645,-0.0027340563060782586,0.0163373380788725,0.06770297267466496,0.03768498120761343,0.007288147929717326,-0.06508496409027753,0.056687037718266,-0.0179469599030595,0.04005656215363551,0.12255291619819886,0.03367370180570983,0.010645476447953328,0.05874668699223484,0.05005725174362308,0.030776806102172927,0.008363618028839781,0.02657686863827191,0.031991016129234495,0.02548871174675682,0.08538673654109896,0.04177930715591671,0.004216924525050736,0.011310509976239835,0.045385908701573996,0.047908419809535197,-0.0034273437388518957,0.06538015575723133,0.045211280214417116,0.024728370738763772,0.048732806125061146,-0.050005098665693026,0.04852248994794994,0.023170866549990343,-1.620689259542729e-4,0.06581939646198354,0.20801089331281375,-0.05820443903992878,0.024030214685824447,0.01532078129731218,0.05697514292659811,0.03685803884179695,0.13168694082587518,-0.010652865928468813,0.02088212877809248,0.0542367673957056,0.04114297028934022,0.08842967324601947,-0.21835251713824633,0.01726099384756452
2024-04-21,0,0,1,0,0,0,0,0,0,0,0,-0.016440070919843564,-0.012358885659628172,-0.019852212375331746,0.011646748769317483,-0.022125211141447387,-0.012317853814728608,-0.006417935973159317,0.001313526381196084,0.03732663876682096,0.005416845059123432,-0.05193712619581259,0.04505128297248362,-0.008398598708414085,0.002883033298433979,-0.014728422089747006,-0.021400361865823392,-0.007574731125576939,-0.06630083556042266,0.0020387366898484416,-0.012739025777429802,-0.021336060468615692,-0.01985250385171522,0.016948046372841752,-0.03874024742750226,0.008651453452434232,0.008306058681971429,-0.022582141951948742,-0.007571282446189542,-0.019592421686461137,-0.05384996395987329,0.005938216195970902,-0.0034877619624023026,-0.020531295643229086,-0.020657514233073826,-0.001952490044292432,-0.02885492237829368,-0.03960361390461653,-0.017459221371768585,-0.01981163853145773,0.030946011382738448,0.00931420789569426,-0.02323184715526061,0.003733050085753753,-0.03188998448996294,0.12748523259894462,-0.04185656712651209,0.003230166666023493,-0.007252862942979554,-0.025609361622336735,-0.03270848812047866,-0.041161292177366526,-0.023623483997956995,0.053244514518812736,-0.038080753518049626,-0.016123820289628554,0.003365173661184606,0.009894731796483924,0.0030092375100281288,-0.004582707413433695,0.03403659473620824,-0.10669941368854108,-0.008340331916219412,0.06159058769635717,-0.005379945423772625,-0.026818826814413832,-0.021103796377512474,0.04265954318394538,0.008405176610569498,-0.021052474086603823,-0.030015003689454645,-0.0740802791217483,-0.020092834212457333,-0.019501724704607426,0.003997340432620788,-0.015183006726359416,0.0028228670827044056,0.008699489401928773,-0.0022851126132685806,-0.00806857649542092,-0.015580202938652477,-0.029599549372362866,0.0038697242743506166,-0.005829706287610925,-0.041672696400568476,0.14754306632144765,-0.057017464164170306,-0.0029899857826318765,0.0017050302510845938,-0.02411075699592402,-0.038757741492640996,-0.005285321102645568,0.2247106827629306,-0.00707635272897722,0.036342545974179075,0.03350943620773439,-0.0346479374341655,-0.0492710490067827,-0.04492047596118187,-0.09656096170597728,-0.013881161640727946,-0.01614552384964263,-0.041725395239888385,0.005100812614036165,0.016823589931670213,0.007686714275130235,-0.011396134730869534,-0.022329999322955985,-0.011203478193274385,-0.0024376535603476412,-0.01599360690888396,-0.026436262819660605,-0.021108106312572872,-0.01838197952550935,-0.013131063583148084,0.007816738222895303,-0.03449631610503712,-0.014347116395169834,0.0026370743773567185,-0.04586469109978353,0.03135995813475212,-0.08776049680891607,-0.00782782862024689,0.006324314212651672,-0.023961496941839577,0.1417283394780089,-0.01132998747010916,0.010983086791097385,-0.00921937733357403,-0.0010056316213535865,0.006811282830771148,-0.06095929319726956,-0.01909420789595284,-0.013630238382059012,-0.0061703231782530565,-0.008249595638567087,-0.019112442366020055,0.18264311213516216,-0.024144194792571128
2024-04-28,0,0,1,0,0,0,0,0,0,0,0,-0.008696787327421518,0.0038378359276940444,0.06401905820537923,-0.04818282216677261,0.04140955530705259,-0.006515653102531438,-0.027829871911416504,0.011312197203714902,9.130104615966417e-4,0.03030239961816683,0.035920947952136295,0.0189973062558213,0.03243731491110324,0.027982361015117974,-0.0490637994153591,-0.025882270812389585,-0.025093988540666246,0.09077475716324201,0.017163470294088157,0.024836923146938972,-0.013580204637611892,0.03345088735393187,-0.0014161800915291067,0.07738048392866848,-0.018668231695905924,0.05957410735211788,-0.01111047266753129,0.0069778609299611105,0.03017426439970805,-0.25234184719691033,-0.006232377104107734,0.038486664310497076,0.043340580569473985,-0.006308322376132658,-3.2578596150667494e-4,0.055381676711721894,-0.010486273401573598,0.023653017901899,0.021127792780747612,-0.057673168279880116,0.0517356743991888,0.05545220755595803,0.03706234833614719,0.08703230953450447,-0.013496348820075887,-0.001044443928603478,0.011108147863804874,0.015962839743750123,-0.0259803277920998,0.026742887254365577,0.012004707885911792,0.024005446867322533,-0.001588562685138406,0.036358524035896345,0.018596492033598366,0.015588550958398173,-0.0292669416746989,0.006094430597576306,-0.021392778989827832,-0.08232964491821448,0.08598938020433877,0.0037200402364518936,-0.04206719101425804,-0.03571439536122334,0.030815009701766094,-0.010610179112014784,-0.03175505293412417,0.0159837341611766,5.833389589042781e-4,0.026788778152684323,0.006954310061912494,-0.016873219850493726,0.036419421425138765,0.10947438251736585,-0.027312951942708885,0.008945074113923646,0.009654415131236327,0.04219439155178506,-0.003205612562237725,0.032410744404133496,0.03771578358817251,0.0013508734484908302,-0.015413651116775284,0.02814843304843606,-0.12076144441064418,0.031943826612054416,0.06267460515788148,0.013536585717533356,0.013965883282086367,-0.04737223999191009,0.03736952540915439,-0.03774032798284743,0.04533354130152123,-0.01662719093764853,0.11007380010992485,0.012306269907854883,0.030343039121263793,-0.06778805206410077,0.06128699534571247,0.006320497949931614,-0.015590365255970795,0.035247136793410405,0.011442461490672073,0.010152371464017484,0.005273218874411789,-0.0057471422555677165,0.011427649312810928,-0.005952698806449774,-0.006214709267818641,-0.03893225242860243,0.014924369986438535,0.03483099598960493,0.003531050586696338,0.0029652046494295092,-0.055633811821802936,0.015336965149034043,0.031115558872706117,0.021601925475091655,-0.016018222916801328,0.042233558589861886,-0.03337452610274294,-0.0034440378445985687,0.017380635047659965,0.03685159550051065,-0.13373721490083312,0.07283963957379669,9.553054291853158e-4,-0.023221206131280425,1.0060868261430045e-4,0.028875245569074615,-0.00794567006581115,0.05027663562134865,-6.239925323372475e-4,0.018334447369118934,0.04356221803776794,0.010163836790006542,-0.0053313622032789,0.032031999886287466
2024-05-05,0,0,0,1,0,0,0,0,0,0,0,-0.06362387425220462,0.0088442298268534,0.011288132665765005,0.05924354098956641,-0.023744903554725916,0.006267741754359513,0.032003872578092896,0.028153708847892922,0.042677906617563544,0.011312481617467007,-0.013147272364034457,-0.02984405315400185,0.04374960320024002,-0.013487874329602079,0.06451779811118019,-0.03206561558560583,-0.050336262026057454,0.017113469289618877,-0.0025773210143009706,-0.015267472130788384,0.02960490456805065,-0.03315166532895919,0.03908443623838043,-0.038640236501166214,0.006432545015656821,-0.024077543375695676,-0.01662354532741883,0.025700393258576426,0.05397884073794401,-0.34875942496337764,0.06451093911553141,0.0623353527779944,0.02069956536262829,-0.010013615473074111,0.06190798709079548,-0.02237306196473554,0.052184128909305016,0.0013222656741778138,3.806689437411137e-4,0.059868466159889167,-0.06211382536790211,-0.0032996524060511234,0.04264272487762977,-0.024237961182184797,0.019225199625158673,0.04063277851201619,0.016163246244854435,-0.005545417197807545,0.06710546276141116,-0.008525551100349915,-0.012304183805294855,-0.0033577759738534496,-0.02794378487987892,-0.00964995735369989,0.02382517574825549,0.022365841030404177,0.05041325554938325,0.007387300819061693,-0.08293122610603554,0.03792642642946209,-0.0028814689223199963,0.04769887440124698,0.0010735374085237837,0.05860988435013681,0.002597628960878673,0.001332445233778401,-0.11047233340119611,0.002878883337301019,-0.08678302924765013,0.049427015744551106,0.018185787638138606,0.01511043923789046,0.030743416860405937,-0.0940793126818198,0.0696970580321512,0.031961483426973025,0.03348969712315686,0.02745642446286567,0.004704713382658099,0.006041033686271291,0.026864154849411293,0.020582552883693594,-0.004569614752913509,-0.004724418236267347,-0.020767858082242796,0.020207747627398298,0.04943059406034678,-0.021575626702555972,-0.007214303001001454,-0.029328630080277307,-0.011983024985421586,-0.046008403371966544,-0.018592833076615634,0.03409292824794541,-0.05863470124591874,-0.04344075719044582,-0.11643656382066503,-0.06712397305569517,-0.0713499733443328,-0.022152346418284452,0.045407720308366706,-0.011011256683869597,0.027405447706569497,0.0465200156348935,0.031537093289682794,0.03156856681810094,0.01352862868185234,0.03460965953997608,0.03835934439605637,0.050741752814913,0.016716303136561805,0.05067503674466067,-0.012071973977366923,0.0082100368652549,-0.08126105858914556,0.018870319690442727,0.0095563253255051,-0.014821497048447263,0.01315010789152371,-0.021515019016315584,0.056925936796009324,0.013899988871115099,0.030157515815373515,0.04016604172533533,0.1884200087994028,0.009420578723490003,0.04871871031073116,0.017801944975005313,-0.019299735658727002,-0.03784713420975194,0.1404381950443332,0.006714020048061542,0.06606531338439581,0.08700344359838219,-0.019520139318625063,-0.015474926664413857,0.0984245331599416,0.047595238808591844
2024-05-12,0,0,0,1,0,0,0,0,0,0,0,0.018706908316708848,0.023787839406915978,-0.022019859885111792,0.028410474235178285,0.021195043326073026,0.013935963566654053,-0.040106583025809606,0.005393433101713363,0.010823453166906916,-0.009014217071626085,9.186111246739515e-4,0.029255817842923193,0.02750458044010262,0.0054573152117471935,-0.006132119199786068,-0.00392110293133463,0.024892573339483803,-0.03959035552268997,-0.002152853361100604,0.030305349495328926,0.08783238422618034,0.06836440178992742,0.0027220159712753045,0.014424660648310272,0.027821723659909203,0.05517231586831883,0.0021449584421739942,9.912850342939095e-4,-0.022718971436951563,-0.03311133630817498,0.012676177822324775,-0.04065316006204078,0.017828075674046318,0.008935883993303584,-0.03585730989085256,-0.01777359908396381,0.03283676814929848,0.011096624303379876,0.004108908980002823,0.056206771716801995,-0.0379696331890802,0.015983946855645748,0.0246198811809073,0.0023562687621749845,-0.0937563257759102,0.007366128224295387,-0.04025514049137513,0.04491597241300216,-0.07438235672579374,0.018499173364001642,0.008153570078981431,0.041285102528041406,0.04162820895158159,0.06217371824324491,-0.0266236546824139,-0.02085912126250289,0.15355914843251206,0.02313935714813642,0.13952428925182758,0.04618162905884304,-2.6236390023193223e-4,0.06244803209792771,-0.08127289895564793,0.005337352303250498,-0.0019042678653242717,0.05189231600351896,-0.056926887008516225,0.0343121449887791,0.09014181786849207,0.07156077170562103,-0.07237422319045717,0.09081286582365244,-0.012618822590452439,0.011716341446200929,-0.0539089182780188,0.0042190595028754885,0.007438665592421678,0.08701821608820914,0.0020949728332597672,-2.11349467129196e-4,-0.062373406209577986,0.019982273061144085,0.020139862503181227,0.0023649991314984575,0.05336822801753982,0.01397938154671774,-0.015058833101631919,0.05170536815458515,0.026137917830567403,0.025826896989308068,-0.016982268410729695,0.17553716946709663,0.010806364370345989,-0.0017773832717304927,0.014028561793310246,0.07277647313316216,-0.08358107039378648,0.0040693994902580855,0.01318700428195374,0.008673207680162776,-0.021378486406531394,0.023222717162859396,-0.019651158926563994,-0.01791277049121387,-0.005050219201580219,0.04611869701118998,0.022383028769134228,-0.035520821334221964,0.009409279589092101,0.035828415255139134,0.016935486946612954,0.017916274994314918,0.04330259526035718,-0.0012675733432647718,-0.09126146727039597,0.05154860964306085,0.0023469729248279947,0.007816780654867017,-0.09315370004518986,0.015822789782041546,-0.031451237354137795,0.0021363379653545067,-0.006780582512710964,-0.01181907882824973,-0.0873402059949342,-0.003878479328570883,0.01649309387403619,-0.0445340988681604,0.04315772611262059,0.029201748144056516,-0.19441385346488893,-0.005169106918007316,0.0027229424584556128,-0.07310601512273607,0.00327993229581125,-0.009938919735316354,-0.16432316995113272,0.010773256670441711
2024-05-19,0,0,0,1,0,0,0,0,0,0,0,0.011419797086798411,0.025006171515567388,-0.0017140902379884082,0.011395408648503746,0.06725889888731285,0.05503707235711541,0.0917742164753319,0.048015756040443947,0.044184271137323705,0.04458483345900177,0.05432331497297849,0.038383012027733976,0.014070238984495553,-0.008908744889109421,0.005613903921567243,0.07497239271664036,0.029765839198380384,0.17365911318348992,0.08388148398070161,0.0014204547842906479,0.0542664473542267,0.021924238509237526,-0.004597709248629123,0.046019151634038025,0.02427273726891599,0.014212635607972146,0.049027112278904994,0.04772213157847638,0.13616043948000467,-0.03297930095705226,0.016141909937470444,0.0711275378389935,0.03366167431183342,0.02751918422798294,0.12712200743933888,0.06434071676545017,-0.021531080866655117,0.015417062078623367,0.010011397774174924,-0.006760160947406391,0.15041590732653098,0.035154408861485464,0.03920636708302894,0.060721525736274096,0.21944204204204532,0.0020423667123976585,0.08130990490595025,0.02275744023996218,0.0777313807080624,0.06673547315881478,0.06135833601527452,0.027520421710237386,-0.02917205006646828,0.0642464224061241,0.11755128594503361,0.0893318168929147,-0.06593365138673413,0.01541274904245693,0.05802323147939248,0.04210049458786269,0.06033131009344128,-0.039717099411781476,0.059031678388774544,1.5771005040043917e-4,0.06263062011654164,0.001052964191212702,0.05062394629555289,0.038533664002242674,0.029862167844338927,6.297049181949177e-4,0.051489725439189726,0.025639031513078336,0.08210863339327101,0.016684879036434452,0.07627622487806018,0.14564615889017585,0.030492145018678585,0.06382075913186647,0.0593898817688121,0.03193032946184893,0.024171018867782834,0.07841745604338435,0.060111753257700684,0.020522866034999865,0.009697045682867333,0.029220618050914915,0.1285595899270806,0.024485759383806815,0.028718062117354393,0.05266128365697487,0.0456526591589812,0.12479771265576822,0.024678994271008392,-0.04015510553255197,0.06477749831638757,0.0789127138380934,-5.986231845929169e-4,0.019578380800139072,0.08716732240904879,0.03920675749042157,0.06425086472241315,0.07471088120808389,0.03388174557738299,0.028417548524769742,0.06903211872493209,-0.024026225351748032,0.008344533974280921,0.03776658705864122,0.08374174219224528,0.028710105882431947,-0.020290069092766316,0.0017740986320857743,0.01393172278851651,0.034285834512575164,0.050079009725673806,0.011465093740209653,0.08693137259864869,0.047311114099113816,0.09148456019179196,0.05647860416047035,0.012833678338067145,0.07374761178946176,0.07721463127855621,0.06698650277621088,0.23016408884445916,0.014403541191525093,0.012824758342026676,0.11020139646813298,0.09092479666305753,0.006630167010461818,0.16853032863984474,0.00626547803978017,0.0474620351781061,0.11499210861737197,0.06744675663203559,-0.019787260529884776,0.3794127435183521,0.02365001902507302
2024-05-26,0,0,0,1,0,0,0,0,0,0,0,-0.046483149954993586,-0.12079765352778704,-0.08518830765216823,-0.1404228181047884,-0.19571001630769214,-0.11894658374059208,-0.1431521270069238,-0.12941407175220565,-0.16131872823892124,-0.0841933274393396,-0.12794405919678375,-0.15627638033717872,-0.13789794547833534,-0.04492333638780899,-0.1471601728739964,-0.1658983550563251,-0.09493647160857943,-0.19214708600331942,-0.08517542420868107,-0.12776885329959775,-0.13591814629470989,-0.11002844234376052,-0.0897615127337259,-0.18274247650973408,-0.21059329964215578,-0.16406507770522172,-0.08979726960250378,-0.12779580203990548,-0.12950270586607715,-0.10711935427300467,-0.15820103501489946,-0.12102863637941219,-0.12968228311204477,-0.11258414219659674,-0.2163870041744893,-0.09740601118876846,-0.06925629060435057,-0.10085885956470797,-0.10013193831265532,-0.1955818749683056,-0.15840884508429287,-0.12196251316010098,-0.12669936286374384,-0.11215108437758659,-0.3175095925747584,-0.08075793417787214,-0.12025384386659788,-0.10455373868788698,-0.16259760135130463,-0.12678114867295598,-0.13394393662952186,-0.11440553372894513,-0.043449231707949565,-0.1900639850534711,-0.16165355039752605,-0.13616178596788053,-0.23024664070777856,-0.09360513279729066,-0.1497639265557762,-0.15523019471860522,-0.12902434274152164,-0.14251477530507728,-0.12424931670015393,-0.14423873320611236,-0.0902125179056803,-0.1316388465859788,-0.07907189849452667,-0.08441140672463998,-0.11512330834895934,-0.14535728559125438,-0.1364217542748012,-0.09537748436872029,-0.12775194082052987,-0.10314734403423831,-0.16801509517095514,-0.2476814954179769,-0.13170740671071712,-0.07612856022452696,-0.11291744433935413,-0.09361236916257898,-0.1046913955258022,-0.1632090762947005,-0.14090286625374038,-0.10396153468705638,-0.07080391937102881,-0.08828623898502563,-0.11506350132226828,-0.1763559365123406,-0.12333462375556437,-0.15652091084922137,-0.052096106230044015,-0.3322268749700479,-0.11428242882231299,-0.11960761585760071,-0.13082858956201537,-0.1648149613805483,-0.12371376134676915,-0.14282678932784165,-0.21191466494126399,-0.12500499017809474,-0.1425333067355421,-0.12189284055166016,-0.11234123502985227,-0.07596199468819975,-0.12309933999520783,-0.14042736195555516,-0.16940233917920366,-0.11327016756148023,-0.1820731404468816,-0.17902510925977566,-0.10737867981406346,-0.1012658411954721,-0.10783270480321505,-0.10214686725830546,-0.10421755876235039,-0.1417724666036051,-0.1674467571393592,-0.11822150206269644,-0.1096491521945806,-0.14265630040152288,-0.13385103462820247,-0.140325265546017,0.007456183829447127,-0.11911556821115798,-0.39549136338504454,-0.06815417469959062,-0.1202463244433929,-0.13897401851366276,-0.17383671153510338,-0.1040011481721752,-0.10765605214364626,-0.12570386914782716,-0.11796828087527178,-0.18701628951437677,-0.15835856302449614,-0.15160689604679245,-0.361776066313789,-0.16323759268337312
2024-06-02,0,0,0,0,1,0,0,0,0,0,0,0.11841363790240589,0.13120644182441143,0.10304137045738582,0.15054374225749356,0.13445113542047693,0.1055742237282038,0.05152404882739248,0.17854324885483752,0.166272412343627,0.10549319444268335,0.09712348203638399,0.1351024848565645,0.18271264009968213,0.048982607234732356,0.19097168148562282,0.12443455676646309,0.07577768530592088,0.19974090571807324,0.056358848760731384,0.08177817358574924,0.1255208806617496,0.09121939872854323,0.12908725273459165,0.15419578684366186,0.12710583419150723,0.12692764968939052,0.05572550226316597,0.13411264501619868,0.0732130557876367,0.18556880200211268,0.14076462651478305,0.13791839757479707,0.1464806443995883,0.10626999335763454,0.058969415201882924,0.09360717930180051,0.14742241587601068,0.11223231170681203,0.09578997692789315,0.2091359991549533,0.013506238744857235,0.1041402592525964,0.14883263496568677,0.1246966434412018,0.08931552547447996,0.09168416150298153,0.08522901978886921,0.08931988264412549,0.12582058116023553,0.12165268878835533,0.10761545194346223,0.14354635732531307,0.02662386871217226,0.16274412936360694,0.164026442676251,0.11120152629912283,0.1335068680938596,0.1252139693596055,0.04601263697722402,0.12021188270703398,0.12233203867149367,0.12212795064715287,0.14809868556321337,0.12714090118554466,0.04765290348688378,0.12180322184587755,0.1002522644129833,0.08879278338778995,0.11793990646277663,0.18033414308911588,0.18379539641225495,0.09735720225192424,0.0792778822329927,0.15643271316876373,0.06982122596933138,0.1526042190471193,0.11406060092541281,-0.002073740488821585,0.10788059889420332,0.05797617490578677,0.12934202746924583,0.10528996287675696,0.07760215141019522,0.08945726591186443,0.07120592942669379,0.07405260678843462,0.04926030742286791,0.18032640150763868,0.13871158083876978,0.18626882646479714,0.06924096346506037,0.22735357004049472,0.11971501042986787,0.10960404284635406,0.14354817086799354,0.16808716580699112,0.13758910784038658,0.13144386709599676,0.17759899783978117,0.08934780358468153,0.14471991929577577,0.06712253908087007,0.10449896210784893,0.10093899039994891,0.15850891154628854,0.12381435606073943,0.16971586794803706,0.07418599048807017,0.1558099369460093,0.16557021692559193,0.14755530483789503,0.061489582322447944,0.11891798878406412,0.07584292932508596,0.1449534880567418,0.1545378323255049,0.1615965664886172,0.130726790078465,0.046637693428523086,0.13472512428772987,0.1316113920346984,0.14992046089519828,0.01360702342824105,0.09728153916155424,0.31406373498862017,0.026260501835738914,0.10358033218488938,0.15736234136712746,0.1095672366302658,0.13218941508226756,0.014946989995916482,0.14351493946836325,0.11481443567491656,0.1878110081630755,0.08408756658885252,0.1667734321442218,0.12527825086780187,0.19623341217861956
2024-06-09,0,0,0,0,1,0,0,0,0,0,0,-0.024062407752949433,0.04445176257083361,0.0023565067292787845,0.021168376010622936,-0.01304584483330018,5.15838600854579e-4,-0.012695937792694956,-0.03084114695334428,-0.09637223699887976,-0.02337556982431721,-0.04259860913501701,-0.02015549463618438,-0.059057749643600665,-0.048344648680400226,-0.004774228284562199,-0.043419638046568565,0.018008038189480047,-0.30470462583669544,-0.0413660641745901,0.019379976100998952,-0.0026512260000348675,-0.03212464633333667,-0.0098945398266483409,0.04316836008337255,0.04817874960817381,-0.08975201794065146,-0.007655539781328713,-0.06980895622618455,0.03687530513792581,0.06321641592386396,0.01111875861441991,-0.005704590061798243,0.03707431190585453,0.015321454694433356,-0.018494582636164658,-0.009978462971527158,0.015269992549328926,-0.0643689002398693,-0.015155728272894464,0.06640521966396129,-0.3635792416093926,-0.02447285651872555,0.08580622628770129,-0.05069486409832624,-0.06914357603097798,-5.1747781324884556e-5,-0.005545064184678594,-0.02649161544697698,-0.1630259352103014,0.005980651963444217,-0.014543959711283527,0.00968084084703591,0.1435386241007679,0.045987643289299385,-0.040914730577245706,-0.028078501278610446,-0.044524596540629346,-0.0010965174753643225,-0.03691656295912438,0.06687347825278867,-0.052852120736909036,0.02023127947173542,-0.02220508238680896,0.048799712759821645,-0.03702204503991524,-0.05348284534055825,-0.014574670132033063,-0.0026646380440951134,0.005136073786408346,0.051428674259533125,-0.04339238728009409,-0.025932279084720733,-0.01706963964774655,0.0289415640891324,-0.019531112987499988,-0.04201680557856147,-0.057986044304761286,0.03886018499324173,-0.030425151930365324,-0.017010305843883522,-0.03285979448449616,-0.0033317210368704053,-0.07975476086317546,-0.008909912192929248,-0.005238778856279325,-0.06070709882601566,0.006275727674385223,-0.07861719068231565,0.0024180264575086596,0.01322760256300004,-0.05407737587411976,-0.07429533280478662,-0.09811785595852296,-0.03400636798519496,-0.05695026325711794,-0.007205383721268888,-0.023502376320781337,0.006445159402178824,-0.05973744151279092,-0.02950023139195057,0.028423937527518817,-0.07647835740526521,-0.052165078216003025,0.005303489154530716,-0.03310453787586365,0.009539590019089772,-0.16623430741307743,-0.028182467877104322,-0.058109084134054356,0.06478749412528817,0.005953835272091368,0.035038316933201585,0.009841175701648552,-0.028661241317227137,0.03175916610257978,-0.009152971294195567,0.0025700876667880124,0.007914002344144855,-0.01584092900376266,0.04741123017214566,-0.02130150790422114,-0.004472279368394894,0.03054289604399152,-0.010286556823989379,-0.11220130129706263,-0.0280846541109927,-0.05891825296300546,0.015301014948422065,0.05480696118731121,-0.046439510578326626,-0.045865978313028855,-0.018797750222980802,0.23077911908071513,-0.0049878899334423465,0.3926176944059101,0.013036994463614171,0.01178570767746212,0.016898177003769277
2024-06-16,0,0,0,0,1,0,0,0,0,0,0,-0.08520154306732675,-0.09137067724966919,-0.21152668923702844,-0.083222975141787,0.03483163630699693,-0.06834008078361276,-0.09255634104285893,0.0035174933674086972,-0.09817603173248557,-0.029521523708871733,-0.1036461849956245,-0.09171676189973876,0.2389869607989361,-0.07525331645485345,-0.12980667584618644,-0.08470982923130954,-0.09346961791350505,0.2361907600439439,-0.04137723178030672,-0.08198823357902807,-0.024469080219159167,-0.07933586262886116,-0.0864992593721352,-0.020689490116184928,-0.10564078471795657,-0.06908824128340907,-0.08607615069023833,-0.07722277644269404,0.133561111631316,-0.050760886633187674,-0.02291425952287618,-0.051097126788459235,-0.12246573642771708,-0.03491032811551076,-0.04884016541947389,-0.057974784576597216,-0.09119023806459658,-0.07106259604702903,-0.04883016914396876,-0.12873144677435633,-0.04232581371220334,-0.1535025142835602,-0.10178959342306104,-0.11239033140515886,0.0656212053584726,-0.08226175525749024,-0.04005712889265389,-0.04193605203767081,0.010176681662146692,-0.10661801676402849,-0.07628212156201641,-0.07735107016381981,-0.1315689490916503,-0.14434230872873766,0.008455315425415222,-0.012441840123367243,-0.08142473997960664,-0.09107854288398354,-0.18248340089220072,0.054900641466448796,-0.08050164883877997,-0.020310650850458245,-0.10074661723478506,-0.09786864046437671,-0.04524516852773619,-0.0766381871037023,-0.013869002307949962,-0.09909090264423082,-0.10507834119083093,-0.12022025869270614,-0.08182803108273085,-0.021953375998934987,-0.03971143779232822,-0.06331483351986034,-0.07483164846078427,-0.14782575860867642,-0.014753370088762097,-0.005757254783675947,-0.023280328892597346,-0.04287866851993982,-0.06335339576580967,-0.02631326314084248,-0.08865211723852084,-0.095204894481002,-0.041664099833177204,-0.05765341880010588,0.01780561923975732,-0.06499587307785504,-0.0868384091944705,-0.12084931341035077,-0.06455138378380365,0.2897130621105122,-0.04179986178886441,-0.13304771667797155,-0.08135924603772526,0.029072801505206414,-0.08866163315379527,0.09007846084688698,-0.17531101230773682,-0.08312583003423502,-0.08332359037837023,0.034574506515419046,-0.0489975533237228,-0.034834226797275214,-0.060446477395652565,-0.060441630574550764,-0.22922356921884202,-0.04983389665119997,-0.025738392603100735,-0.01960847138837618,-0.10210361857457073,-0.1771701109937931,-0.061263207557296084,-0.07407175240852482,-0.032876359828431845,-0.09476944439100521,0.009808207115611367,-0.08101167958597344,-0.09771314495132977,-0.11427004322962997,-0.06432477088865429,-0.016814715455298668,-0.050134913825047533,-0.0810451135313297,0.5127892538096805,-0.07210158753172191,-0.10492215451681197,0.030291526676791136,-0.11919883278831911,-0.04358272068304103,0.08669055297573358,-0.09460844077857633,-0.18010384440117733,0.047712410663763194,-0.46791641013415664,-0.015742310123231462,-0.31680567573457363,-0.12814932023577974
2024-06-23,0,0,0,0,1,0,0,0,0,0,0,0.07382091553461745,0.06838624002887528,0.03269600602033318,0.07207411566008659,-0.04091068238337936,0.04969571352819724,0.09063055717237578,-0.07341366756613521,0.042332635941402685,0.01944834720011457,0.0631555971045854,0.034957483849346715,-0.3760305135473079,0.1076727612822932,0.10935977325263213,0.066074226583999085,0.05772013271442855,0.36387016813963324,0.04406635660511782,0.04132819549284594,0.03205515550412663,0.07197422041412249,0.051763006968224445,-0.012783130128331877,0.08911148276674652,0.06730650361828872,0.031288208668044604,0.07487141492936189,-0.13157458480770856,0.04114542793374554,-0.045010066095433565,0.07520274662497783,0.08391159363000966,0.010708173528542808,0.12456587594760915,0.03805515227414169,0.07592024551526766,0.08736202231547896,0.04335376150552861,0.049614613655416306,0.06453852113757108,0.09250671384275222,0.020393749166244923,0.0623799108304981,-0.033366323947840115,0.059970004925763654,0.023553965544953925,0.06818778742352727,-0.0720941493302476,0.0801965905851425,0.07229630964547251,0.04051463626204388,0.08696630656708759,0.03371105734231161,-0.06055557992197258,-0.020650902757590295,0.007629676219904624,0.08192592849661118,0.09457840167706877,-0.06218785490013268,0.10433697411503928,0.02434698327291862,0.06194202778575342,0.10365736864062214,0.037460274292675955,0.043930582375465654,0.008329242361757139,0.05147215044572384,0.10128277916166795,0.018242579980898732,0.06372096627672352,0.024974237520336118,0.050900991712226507,0.006639028534809022,0.05790497568388275,0.014031945752433828,0.004100690647937277,0.006300346161138393,-0.003591742861602576,0.03475338683142759,0.053982072960113925,-0.0016209985157402684,0.06541727112395446,0.05820335441361291,0.02824107950103638,0.07145197940060921,0.011149308209247977,0.0405218579924842,0.10730235287860168,0.09077720006768342,0.05971625203538711,-0.4221956869409498,0.0459746106581882,-0.011673284304724696,0.047891287704414864,-0.04305904347994627,0.2028105036959591,0.0232126099710106,0.08395030947369175,0.039124212245008394,0.05489965285085141,0.059508133927583806,0.043615935638638526,0.005613304582155365,-8.738967610257831e-4,0.04551264459499382,-0.02011562079700724,-0.013689769989170486,-0.013215641388855559,-0.10257182073356397,0.067499219230168,0.1235150603020223,0.047550807231626635,0.06615349322657149,0.00423871242548568,0.036969190516928485,-0.08782691327765058,0.05261844338691546,0.08314683439905046,0.042083656761388255,0.10626386911354757,-0.02389522796953969,-0.02077541326868193,0.06370293745416511,-0.6884190393639997,0.04826674096983474,0.04100937306475139,-0.06743910422470556,-0.008708625295877681,0.04634173343387982,-0.0459982265054526,0.04514348498716281,-0.0319452915538303,-0.06568940660898726,0.09164922461531955,-0.019144948877208634,0.17699823124355873,0.10247505005840196
2024-06-30,0,0,0,0,1,0,0,0,0,0,0,-0.09795113606935235,-0.12468135526404733,-0.1171800811611794,-0.2603617296178644,-0.039863935497490566,-0.12451057283924882,-0.25010773415842635,0.10700862894160412,-0.12406270089126803,0.03892625466979904,-0.11164994704319575,-0.0037546977777696,0.33944106611501557,-0.11480332628502143,-0.320401796084389,-0.19055601055294957,-0.1664576038819856,-0.6453960555606235,-0.08491912461708928,-0.09301019521888243,-0.15938750707009497,-0.044436396782761456,-0.0643097667044561,-0.019486408201951022,-0.09854617923809617,4.457321223778621e-4,-0.07837103666974343,-0.17846152011390082,0.19568513458209047,-0.14368584210345414,-0.09564217313863832,-0.11275832008272957,-0.20551972939538743,-0.016782296273503583,-0.16055764604483258,-0.0022189989475611682,-0.19388276605053179,-0.13204925214273544,-0.06439395889277932,-0.32588523055646856,-0.07315640675696056,-0.03611780636266726,-0.16924729802645988,-0.0019370466105170792,-0.027743595564131418,-0.08604012500803826,-0.056778209360377474,-0.14088414561169316,-0.08210616444664254,-0.17540674380337062,-0.10963398008311742,-0.10328685371401036,-0.1357294294580056,-0.132879602752217,-0.036502760650297006,-0.027634338401870906,-0.16778044999827202,-0.20960018969403116,-0.14212073206240028,-0.09660756359602551,-0.18140032227463365,-0.15030418669664591,-0.03948263188025969,-0.38880135086873757,-0.10812731584182789,-0.1285128929212025,-0.06719532077606694,-0.0988743893403079,-0.24674427287451728,-0.13822568986048278,-0.185930252951505,-0.11979911721181402,-0.0844755738476568,-0.05264373348542151,-0.18095417591141683,-0.03951852424398172,-0.058260201152739555,-0.04512833678260186,-0.03493605236277908,-0.06970795670583207,-0.03611627481471835,-0.08215342064684528,-0.09637871728738023,-0.0828235897738292,-0.13857509576875682,-0.04204592232764792,0.16946134862902973,-0.1272504836433992,-0.17188610885818534,-0.17065905963266648,-0.11015420236550533,0.4974390273352176,-0.07586062018846729,-0.014927752202947175,-0.03979641840810011,-0.030731646663147316,-0.23162965442051675,-0.23952201203140966,0.034497840939502034,-0.090690157998357,-0.19031648666139311,-0.04815504188704711,-0.08041069295827796,-0.003637469909421931,0.012108018037165102,0.010036825900042956,-0.04212028162402426,-0.06166729504677271,-0.12179613640610132,0.05139877405644189,-0.1269806603273178,-0.1210376214132145,-0.11257457501465495,-0.07820528902542545,-0.04624443134145295,-0.220758622924059,0.1809923429632576,-0.13647663996753856,-0.16274672129705614,-0.12292263929567238,-0.13124352827156116,-0.03757873793644251,0.11618582267311872,-0.15668206833833764,0.6360588939094036,-0.06269529447178979,-0.17936683143233711,0.028329947284454704,-0.18458796345070727,-0.14209599584486643,0.05628631971383502,-0.12597019897290807,-0.08876195716066082,0.03717660911411258,-0.08077068382806907,-0.052643733485422395,0.038118185535046756,-0.01578481220657757
2024-07-07,0,0,0,0,0,1,0,0,0,0,0,0.0476918664203696,0.12341369169620542,0.12399236957776338,0.30372077132876996,0.07195614003247819,0.13723025073696427,0.1929493203184771,-0.1674608208072792,0.12086099057884869,-0.052850766344201716,0.13505578316361877,0.12534752573317665,-0.3694201747105623,0.08852992178536656,0.3518547093339581,0.29027403881169445,0.1871255967321508,0.39650245614938573,0.0809536754326734,0.055367184207218756,0.09340117508840073,0.026799770878526807,0.08905259816541555,-0.007406425298022157,0.07493631359896202,0.14107859825990587,0.10568185619926762,0.1317332946027001,-0.21074687134093395,0.11704113931506743,0.08454021968819792,0.0914394926622748,0.20124625682461428,0.05505010633049334,0.15311344293310292,0.025475861111828202,0.19138443030734376,0.10422581661234886,0.04955903505920212,0.31483628553977017,0.09911602606302772,0.06824048261690852,0.1385345751753455,0.04200403920740303,-0.100537622557483,0.061614700764553554,0.013046976719744308,0.12747976667065508,0.03908325243437538,0.14706925570666574,0.1201955820617675,0.09488227137019933,0.08487963454943781,0.1419662267266233,0.0045626956340640845,0.03227113187167241,0.15911174517654647,0.1795969619397706,0.12197726667994502,0.08926685662543044,0.14224105116616315,0.15994077208226187,0.07307101183563436,0.42259024082251173,0.026558874075830907,0.171038717766975,0.042308640196600855,0.10782878207315161,0.22750326131833987,0.1307577438347085,0.22471415003505957,0.08645169556290178,0.02250783391678013,0.025818990130905384,0.1433926634042484,0.16661102202366784,0.02596365383411392,0.013524949432557776,0.043296805753324286,-0.0023353583710683523,-0.008435020945539051,0.10768803350525857,0.1152374375241827,0.10924022021777091,0.135704476614797,0.024863695843576394,-0.21134987478881584,0.17762084303234893,0.1009913115471619,0.16865384540552864,0.11421728234810669,-0.42328827168736183,0.09501829422139974,0.028533404258725525,0.07993195711690149,0.04149875502327305,0.15563901607766706,0.09347271346801111,-0.01743840300163857,0.09612326667517745,0.22255456533468188,0.03836564683354737,0.09562427671788498,0.007412483829997818,-0.022713689766826306,0.0027603418978383587,0.03592618060878294,0.015602404605623121,0.050451670480216926,0.004399127270394487,0.1085423236872396,0.1436427022288429,0.135475936456098,0.060367981240151636,0.020024328154064186,0.2378983825026424,-0.22357898446125724,0.1662837321888304,0.16060462836800227,0.12986642277553795,0.1290447586961827,-0.004956519209879495,-0.02026748040057491,0.11502889275379236,-0.7716658372997891,0.03106722487422786,0.17077183351357572,-0.025031362683652247,0.2091851990635032,0.21371816408724875,-0.07480597344600959,0.1655144384775733,0.08387174837958344,-0.05494545465728251,0.00431849524044825,0.08867319706464016,-0.017402789152209053,0.047071342012859674
2024-07-14,0,0,0,0,0,1,0,0,0,0,0,0.037992248881017154,0.01994599626231075,-0.010235914759360476,-0.012684147561325076,0.019316567294173304,-0.008334960168356886,-0.008672625381572985,0.04765472154364225,0.037554234694140654,0.019833312025926197,-0.007933135990204399,-0.039773963513174415,0.16926694368427864,0.013639913493392442,-0.016805446968548132,0.17008803103163572,0.03784855426245759,-0.42223877095153295,0.04277835970851562,0.060902781636498204,0.03907257597798619,-0.016952919148537582,-0.008742490114518553,0.050990385079034084,0.027959367187227357,-0.05611179364475216,0.008287728291606733,0.0406140617064743,0.05086837109733189,0.04958382268629968,0.028555901542099527,0.018629920457602367,0.02470703501488103,0.01563823109415452,0.004968954323187447,-0.01849413841392966,-0.005183091355920766,-0.008423359399769126,0.005204933411301127,0.028106673570315266,0.046821447438230024,-0.001898534480186953,0.032039029282668,0.11532695303494211,0.2027800035627516,0.05429550701653518,0.016251728241567065,0.005153556742182985,-0.0018154894862814075,0.014195195676288463,-0.0035726393429138525,0.02882066580819398,-0.0404525618125664,0.031399018045260796,0.0454878462674948,0.02545393017645292,0.06489986835760675,0.011638933971235055,0.018880520026407055,0.072647715990378,0.024978293486754843,0.05056416566403499,-0.21984593909265282,-0.002425936645167326,0.051823121242899894,-0.03169497810018829,7.801224796200046e-5,0.0013857272335231485,-0.001940206976048131,0.04197382563747354,-0.033057697158046295,0.04159857589670679,0.057283368215322206,0.08193621481758306,-0.0033158361411347315,-0.006238954559868226,0.01685358006675397,0.0317501181872597,0.004894336800139065,0.055260164599367556,-0.009430777199856522,0.02646975053278844,0.015373614265561386,-0.035195836351108234,0.041823546187988114,-0.05839681807554431,0.036453282605457105,-0.0011702751481896811,0.014594337356511389,0.0197947557906355,-0.014195668622462243,0.12578455554289025,0.027497593712099366,0.04185841257613632,0.012678458259771652,-0.01294228886429849,0.014252937737070148,0.03759118525096117,-0.28093895856689066,0.027108138745568944,-0.008983368455834473,-0.020482071068397723,-0.0027819794174615,0.0018069572752743568,0.027882847219087736,-0.005081357044425694,0.03920947926943619,-0.10845639310379962,0.04100308286167831,-0.0011978440242392807,0.021754539314371435,-0.01698357944089679,-0.01256425438420905,0.0023525874219680887,0.010570682652671692,0.03659563164596147,0.03525586746136611,0.005635518587995492,-0.022512309671948394,-0.01574208058772797,0.015940942428532168,0.008053995309477813,-0.11400924563599091,0.009582811710567185,0.3617524119736597,-0.004836534868148945,0.004816472859316967,0.025654051942924028,0.022044383883637053,-0.05891623057367035,0.012471444874420534,0.04600627300864346,0.06723509286596041,0.04812080714205358,0.060355261545446126,-0.011481182373956678,0.09351461692611718,0.02534801612634041
2024-07-21,0,0,0,0,0,1,0,0,0,0,0,0.03148890386563519,0.014378288513450244,-0.01914518761678785,0.03262998479185519,0.04563007489888449,0.018003219644388224,0.017633819036257492,0.021397618885671044,0.00748759844673863,0.0015943098790343058,0.03377679578920123,0.012298167298610885,0.2499914865562216,-0.041708172804328925,-0.0014049174413202081,-0.12991140600780415,-0.03784855426245759,0.23283427195211193,-0.004360273974468143,0.001975797135716384,0.01498684914592463,0.013506337696361115,0.01657912880291157,-0.006562564568415752,0.03905377398258114,-0.02570622477087703,-0.00772367271717922,0.0726265217547386,0.10253434798333494,0.03916117339559033,0.036962620813440594,0.0400998248570783,0.03037162083002798,-0.02762677300419547,0.08261303609133996,0.04268687596264975,0.020737305824158447,0.011164756182115099,0.017573175998798263,0.020718245605289454,0.0480227044233974,0.03465436508739206,0.050200964493059,-0.05490740754179768,0.012451784640809649,-0.002725708185531417,0.01099416920609464,0.01827656709445069,0.04771478745615099,0.02573662520133535,0.009434940500634426,0.12280110473612282,0.016164145041011935,0.002073972399128543,0.029478285292302786,0.06276944656021577,-0.00488312024450277,0.026275917127641435,-0.00455985590586927,0.014837984748047539,0.014436961240162027,-0.0014963779503442964,0.2359555024941935,-0.007053856226134414,-0.007530570990407881,0.02802443285237377,-6.242684557005163e-4,0.003554506112117828,0.02161325863226793,-0.0012923891327707437,6.486346468577153e-4,0.0319001560960146,0.02930370504541635,3.913128596204629e-4,0.005107333898582311,-0.005597504225782757,-5.306916805958295e-4,0.0023154943225467406,-0.013255090190684271,-0.049199539987676566,0.001385681515024828,-0.019922288524721665,0.021473983708805378,0.04288104709289886,0.050308169689617266,0.017406938388349502,0.16103971874632173,0.03080207275456104,0.029412236177364548,-4.724037565217998e-4,0.02418614556918186,0.18322028637771215,0.03776136555595322,0.04093835907997345,-2.6250164214314253e-4,0.05503477950919944,0.020630995776338423,0.023718164284981746,0.3720578107363792,0.032391195650784965,-0.010234500241987021,0.018855428014637354,0.014788366891941962,0.02598705893700881,0.026010739254338944,-0.006275796104471709,0.05742504268850013,0.16557600589611443,0.0754935056161079,0.11391352652502196,-8.280202510011492e-4,0.056898855606602794,0.016209395633682178,0.016433487037891048,0.050379880574480396,-0.005354643642203172,0.03271407139585136,0.02477827460482729,0.06997411314944824,0.0729883601688801,-0.031469204755087965,0.02510033000307832,0.07673065836553761,0.01161672038219308,0.22122750498294863,0.03431195259789632,0.0261546737889482,0.029819778100115713,-0.006700852822352665,0.0026471628136759406,0.08535747689117645,-0.0032851192581304645,0.07093002447871832,0.04014665170276288,0.03242988106422562,0.18309108357298332,-0.015168731079115538,0.007905342250538183
2024-07-28,0,0,0,0,0,1,0,0,0,0,0,0.026970091223700088,0.04082776234788987,-0.00991948617155991,-0.01489660506598689,2.5149851329242523e-4,0.029907911223766348,0.49778452555791564,0.06759640052241966,-0.005122437181706019,0.015623893000775269,0.05977839253608597,0.023041199146698332,-0.1642742730706317,0.012953549000391362,0.15090322392485778,-0.11931745953911221,0.1058279692131423,0.0859732323614466,-0.021672461196170723,9.86436578138239e-4,0.2088402291942142,-0.002419694521497817,-0.049363322912710395,0.06992299799855584,-0.048415817354218404,0.105528498188038,0.011493573858946782,0.048220611253062984,0.0827382282218867,-0.04654128069321306,0.03075302066946861,-0.0013129515156293792,-0.023212371668718035,0.07637488591313435,-0.04760717906108081,0.03404788243222878,0.05866691253205669,0.010740591868573901,9.711432505774553e-4,-0.003907841927329514,-0.005499051525777787,-0.043775225856816036,-0.009733410177289237,0.018854172112542145,0.08215008168980376,0.06044890524075974,0.003324754809614916,0.018065159261813513,0.4377341719057686,0.05930148885211928,0.03936443605577278,0.005757975945428484,-0.050421638608255215,0.1505926606556347,0.08215573556369016,-0.024203012178325878,0.04270237687251299,0.05807604704734004,0.41015133035021023,0.0476351848379748,-0.013917750428912967,0.0330855084653674,0.056089466651044084,0.004622020097688306,0.03193304710300904,0.08375595383985424,0.0360302655438165,-0.019909078851950923,0.16125252386698463,0.019984522144922856,0.01684602301931637,0.1533329411435389,0.022011947951876998,0.004294365373715081,0.5754803091599507,0.03903097162647029,0.0052062769263407915,0.07470586324664907,0.05847633005864683,-0.04528133776497256,-0.014880534981947413,0.12193043139227022,0.020484837036486958,-0.010082335341512483,-0.012815855771897589,-0.010784845130332954,0.01679891733613026,0.03286830651804351,0.0377280517931311,0.0016524377210895835,-0.0049827623215410455,-0.08120031224256063,-0.01877211784087951,0.035170104427301396,0.0156293882219094,0.17241569474937357,0.0026192718435948947,0.034505258865342725,0.02199233413352797,0.017352759911452686,0.07868660810061368,0.0057243097059265224,0.022655836285596642,0.017725293361595007,0.04117022591013697,0.06206784855041381,0.024926597967940722,-0.00484902867694359,0.033289442342804065,0.050401631377069656,0.015126891532687203,0.08620198803407053,0.047703797957209915,0.013130579914791163,0.07360869609362286,0.036455390408811184,0.05804182364267163,0.03425717451694066,0.41183939964316174,0.05838163022185405,0.07740806841223602,0.007137520909688,0.211237942478391,0.0791298561022602,-0.12743127306263702,0.062469249655939585,0.10659379740635178,0.07794029959915072,0.04182603845048671,0.018199868132784403,0.5530917116409908,-0.018209586277349032,0.05171019003702959,0.026180947897586293,7.361060325017377e-4,-0.10821358464023323,0.17359480565571683,0.07966564774257279
2024-08-04,0,0,0,0,0,0,1,0,0,0,0,-0.04993122833545982,-0.024026652220670464,0.12351252359712195,0.02295648385243254,-0.012653057886383934,-0.03566945607481564,-0.3004483157974267,-0.0627319429263613,-0.0037044701758883747,-0.03511286322448015,-0.07078596636723944,0.10085036017994042,0.05930166079988819,2.1447721261846908e-4,-0.0989523831653818,-0.06935085776026906,-0.13338118609025607,0.08584946357503664,0.030103297100581017,-0.022181594801683246,-0.05248677297913318,-0.016048188923210027,0.022941929014749896,-0.026880662780479625,0.01990115431729489,-0.015616390487434018,-0.0018133635879920007,-0.09011008060824466,-0.012423816948972544,-0.15005252603952357,-0.019269966004483052,0.011365349222675292,0.012608071533886545,-0.08261921477569079,-0.11025832144052483,-0.011697888689289115,-0.04521214927817496,-0.015160993853413629,-9.711432505774553e-4,-0.007158728000334236,0.012058244213932312,0.018368509691083723,0.006943081499986015,0.0877088580383738,-0.20475240378213666,-0.026825484731467952,0.005156462849331689,-0.04192087970009872,-0.31666383893463745,-0.05651957905283567,-0.0380238249194349,-0.10763765459493158,0.032626615249797375,-0.10558056186841913,0.0019293419660701971,-0.023182949956515486,-0.037514851889121736,-0.06449646103367712,-0.28823445778735746,-0.04886330903286673,-0.025497504298003904,-0.01775384409429215,0.00765309857771701,0.00632517829757262,-0.016201974576280698,-0.04957957179591599,-0.04331612957289721,0.033418829111095505,-0.15801815918699447,0.06610805596888358,-0.03794634060920643,-0.07780338183529167,-0.03622605125028411,0.0234851987333613,-0.40082956845960727,-0.016161301619945334,0.03187520853044923,0.01276894534023576,-0.02641221422703488,0.006302287251823024,0.04645612807697308,-0.04976014501310644,-0.05029454910197284,5.331911616588414e-4,-0.014135860980907466,0.014508996538419972,-0.04981370571221966,-0.07358892742576284,-0.046568991986923436,0.005097450554571559,0.01770968878294532,0.02881037326219449,-0.02411454367263932,0.012906547113525235,0.06479695246088557,-0.12336619357004608,0.18163621986173784,-0.06252992631353838,0.10596456279186839,-0.05738191003828064,-0.05536814872052176,-0.0029862229435133614,-0.018130941687307,-0.006066752682237109,-0.017561848699587657,-0.03491926849125804,-0.04737918236327765,-0.033474989002587385,-0.030785192755740987,-0.03378466779967937,0.007640450075751204,0.020834086902842053,-0.03342545935945118,1.169864297079215e-4,-0.053440392421173044,0.012988893765142784,0.027933708327903872,-0.036118916272656953,-0.2525685088170633,-0.05149724169568959,-0.02048566622490533,0.037650209476950636,-0.12843763720977996,-0.03152358517567322,0.0719021339327437,-0.001321178683391544,-0.04845871330398843,-0.02177050413545878,-0.04271629025269341,-0.015212821349268602,-0.3611436629953362,0.02128308771647003,-0.025909676659207292,-0.002125481949500241,-0.022322355437898622,0.005342844410495928,-0.0953400607288426,-0.04456796412298836
2024-08-11,0,0,0,0,0,0,1,0,0,0,0,0.007464578079046547,-0.024908871350136863,0.0027495205663692346,-0.03598720323402205,-0.038155067233738293,-0.009107917896118423,-0.13417636158493274,-0.013704558170446468,-0.03365273798253554,0.040886968043567506,-0.005643886677377807,-0.1656852215182285,-0.13080752304797816,-0.02717263146853366,-0.09735249653875577,-0.041656108755598886,0.010458783517814041,0.07110408798223222,-0.06445727866938089,0.03248085209957363,-0.12662845027008096,-0.014320295318804632,-0.033819229242183724,-0.03621816175346648,-0.022869089910975582,-0.15229699269733743,-0.026956954383082987,-0.026769128240363926,-0.06089166730987827,0.06963287923719275,-0.056991518685481246,-0.026913526028000234,-0.015998406251462427,-0.017375716869052482,-0.1037289519615694,-0.028711649648587745,-0.016661607263461775,-0.0253726482229375,-0.013133265960236784,-0.05518281561353611,0.05948628126559097,-0.04536507414965474,-0.04288652856913355,-0.14264712312472305,-0.09387453786368827,-0.042208940016381646,0.0037335243461917855,-0.02313095253859654,-0.17223406042398182,-0.0263032585390075,-0.005084675414987139,-0.05254601922754709,-0.1097225727379918,-0.07184212292849868,-0.02635120277784786,-0.006730281386644776,-0.03298260173154599,-0.022359247791007952,-0.13868741219148006,-0.09703209155134385,-0.049109704034749235,-0.06597349982313716,-0.07272099583229696,-0.04771299241028082,-0.005824552323936416,-0.043468360458727595,0.012502116270775687,-0.05086349055567929,-0.06506106069163664,-0.055690723974641365,0.008441094699372265,-0.059664296761861024,-0.047123235799688246,-0.05595044107377234,-0.29406149442335217,-0.023039781429917028,-0.005213909841414122,-0.04253628944357857,-0.014527628387164704,-0.028927130337246254,-0.042481838801412763,-0.05699803647331514,-0.028453706394155454,-0.02783587368966778,-0.024933118616206507,-0.02929995755023196,-0.05507074377877608,-0.033674372281622844,-0.026352978121996884,-0.06863534556251416,-0.016173885063909488,-0.06534205673725424,-0.02354069280493487,0.023907426009190935,-0.16018467468741626,-0.10330688724944537,0.030233254879254545,-0.007713886192481922,-0.07268757671083836,0.0031832678085619293,-0.03871292851524899,-0.046703135633939574,-0.0358001709291651,-0.020048963053060476,-0.0023468423924581927,-0.02087278395468406,-0.04898495151281601,-0.0046945755195535455,-0.030473020815954932,-0.09404870371020646,-0.02991676103799268,-0.11887403502073646,-0.02886898453778386,-0.011056984964680439,-0.06204803455643759,-0.09811160576599498,-0.038817219592583996,-0.03259695532399931,-0.22009638002508503,-0.04921673390614156,0.03159689164997648,-0.01553094203087646,0.005162466339047711,-0.03989478992589657,-0.10403218298653094,-0.044700178917906896,-0.034861918166217976,-0.06016174120738427,-0.025152886733812885,-0.02528757348013766,-0.30763696800141105,-0.03269811626978836,-0.03602780688630247,-0.04785970988178612,-0.038869633579998286,-0.05776459481397733,-0.06905548203371836,-0.06203253994646296
2024-08-18,0,0,0,0,0,0,1,0,0,0,0,-0.10387426321678817,-0.040116593328153094,0.06227071272310347,-0.48839716108779196,-0.022565059992089687,-0.07432679691972321,-0.21101984415311925,-0.05531790305478612,-0.0948837860232139,0.01304871495216986,-0.06982872140619278,0.12205500166817895,-0.025483472670625673,0.026314446477009312,-0.32931005233271726,0.6922436748967487,-0.1870891462774278,-0.16693378141587,-0.01998461959234099,-0.014745904940924426,-0.1711863988657667,-0.01055445805433397,0.011923690277567012,-0.008141870321500377,0.031045750348220658,0.11753465633020177,-0.04916674108971719,-0.12877020792612015,-0.15425613136152094,-0.0012683382243992014,-0.16637162166029462,-0.21300600663626312,-0.18832011095638634,-0.041757456050504516,-0.004083911374964444,0.0022883305180121383,-0.37070327759147315,-0.0043969920087265635,-0.011030303448739787,-0.382299308703276,-0.10690174380775996,0.037594374541734865,-0.12941290113855253,0.027736065582912417,-0.0625471497526453,-0.20204523437067667,-0.017741169073818952,-0.062466153338233354,-0.17296051795202327,-0.11267586932679485,-0.07052608159296625,-0.13530937479690053,0.042205372366560745,-0.10040709121185198,-0.14462648115507548,-0.07051761219362884,-0.21507614903276906,-0.15930880214669862,-0.1292250866267457,0.024411845930393028,0.11803157548617094,-0.15764674951190827,0.019486408201951022,-0.46969607888194087,-0.01860947301334548,-0.13040310637813768,0.06231326404764026,0.0216585735695638,-0.36498687528171914,-0.2867734275421885,0.29719148188912037,-0.07560311876483361,0.022485681708986682,-0.09181528802320038,-0.10431812651110928,-0.11967747954398966,-0.018858690392767663,-0.01935908981873702,0.0053871524574899965,-0.01566742582569347,-0.019079603626473762,-0.08320954277983539,-0.0682657573707166,0.0320911992598063,-0.04932285040025164,-0.0018472279736982955,-0.05962475720638771,-0.10666215649164723,-0.11925757155219685,-0.07000472947011716,-0.026631955933827278,-0.06991198919871433,-0.012499243678262495,0.053134263540223436,0.10208532583086605,-0.29505268201137635,0.24541818478362387,-0.055169864482366826,0.04121934397094762,-0.03825560958690488,-0.14639278570061354,-0.028332050308974566,-0.04921507896193589,-0.020911889750465207,-0.02377641584848522,-0.21216639511374957,-0.11669616341213462,0.017971366289299517,-0.09833528679097636,0.004995207312748384,-0.00501841133507952,0.01682696529616834,-0.05835048669754883,-0.0390764217127062,0.21851401745966115,-0.16950634510108653,-0.1579155264404175,-0.05092538366306787,-0.0542224646145284,-0.09794317171991818,-0.03880336624602432,-0.05920115030703954,-0.1642265369256659,-0.19433745646298473,-0.08750622352661352,0.03442368876388269,-0.20067069546215155,-0.0664220908112565,-0.18606307159021007,-0.10974118911085107,-0.02664280507267769,-0.11382738825224958,-0.11695696398295397,-0.14119202195423775,-0.022413594836899975,0.027103942419191895,0.34704904976703244,-0.19026947007059292
2024-08-25,0,0,0,0,0,0,1,0,0,0,0,0.18912818867840997,0.015614760619259371,0.03365498992074745,0.48479491350930193,-0.02873287604826036,0.11387748020549804,0.30722822032460684,0.14143395095118727,0.15749460536419058,0.03758465200344574,0.15547923824818266,-0.042879023059233745,-0.050247451517253516,0.04511412236835444,0.3773192715190774,-0.39030446787748385,0.26868557176112606,0.24330139136118678,0.1421869150108943,0.019856026780159297,0.17404296069395198,0.015485960969218837,0.04781855258811962,0.030132149787761797,0.026701215455603666,0.0623999084307858,0.16682227451463927,0.16476615103366932,0.1286615490372185,0.931855575092924,0.10722548723225334,0.1896112094929805,0.2408361201403455,0.08184089613787471,0.05817063285486768,-0.0044179078647275105,0.4080469847782595,0.09425087283551914,0.07183277399909116,0.39207150718400996,0.4021271621354252,0.05755658227045313,0.10473591342611144,0.027846045431891397,-0.12110419447131093,0.16322751500968202,0.09901038194365697,0.1053472661497139,0.29436250380612794,0.1343703823101512,0.08095530112890348,0.1576806076221633,0.07240187765503858,0.16229668258053565,0.1522549805998068,0.05000310713145506,0.29275926231431093,0.19924955910067954,0.2000695291814969,0.00362737413400005,0.12153124862141151,0.16415718917433963,-0.0026838448745349908,0.4754851954389965,0.07054148269246774,0.20681412687462597,0.21767114106947005,0.03656786441380966,0.39200451971745487,0.2275659313785141,-0.21044281342589333,0.04141520715766589,0.06160674460762916,0.05367246456299313,0.27498775299111244,0.05266340042578754,0.12270979769211543,0.06932479423094051,0.07175029192600668,0.03182764921505665,0.08258224077794996,0.15596472044131815,0.2417226124044234,0.026451719004259466,0.09820693333002506,0.09454416587274572,0.012430064691432818,0.2228324609399479,0.14237279540828318,0.228431012662635,0.034466141411207296,9.847366625397314e-4,0.07591372253219575,0.06188884448797527,-0.006956101731663722,0.3158170686014996,-0.04215345414442684,0.281384964046306,-0.017539346366803876,0.12274141382355275,0.18894979366870412,0.045112308205525586,0.03019529994395942,0.07289969531135831,0.08085589949607641,0.1843452903518994,0.3039380176012525,0.047871823884007014,0.1601996397066836,-0.02680292512414617,0.04332096574934585,0.03678575681651086,0.10314769195049678,0.01082612488272261,0.2413486798100255,0.14709211334159278,0.10793951707280058,0.13158366058225646,0.2693238292590907,0.11551288712184427,0.0560469216064714,0.06894754981638673,0.06509399900532209,0.19662699058400346,-0.02237354557630411,0.05365470708425146,0.22029396664629086,0.13901913351030082,0.27948945517387447,-0.13848853946070605,0.18673140339465455,0.05945640580882117,0.1436867392774115,0.1538237119142316,0.07275467590891171,0.06109854526512759,-0.3218926776820341,0.05367286935034521
2024-09-01,0,0,0,0,0,0,0,1,0,0,0,-0.07612369547280018,-0.021153259659961954,-0.04177177742415594,-0.10442153770062212,0.0035214567017645138,-0.05176108015020553,0.003399636820272889,-0.030174944018791727,-0.01992682128735357,-0.03486533133979197,-0.05893758778378544,-0.04881754680063022,0.046228223738801866,-0.009896988000174467,-0.102648740006825,-0.15333859868576383,-0.12907947759013183,-0.43233220392537675,-0.04016185118129645,-0.053851494810589706,-0.1063873338200434,0.005815292866701682,-0.05411338015840794,-2.559181076033923e-4,-0.031095723124103358,-0.05211907450171793,-0.06166516937383815,0.009665818485121491,-0.04644002043456297,-0.13074107563207882,0.1334839675679591,-0.0350899259480304,-0.056757038272889915,-0.1956514918133383,0.020497504155502,0.008978919192290213,-0.11649459280888319,-0.05854107348759996,-0.057818389275439586,-0.09293496902030718,-0.10846472158215814,-0.0435293450482277,-0.06765153055480955,-0.08387612033921865,0.04869511165284557,0.021475184269755587,-0.011771829875144135,-0.04993856957830989,0.17307079702180417,-0.036007710808116045,-0.05056215011424303,-0.03014303186471423,-0.016375911803068632,-0.06568016686215561,-0.02393650868715902,0.015518813368890605,0.006267066296341106,-0.06800490403986004,0.12898088476970138,0.027914827803858344,-0.051015349326234194,-0.04329511671449282,-0.04058687032321284,-0.1118847189625729,-0.03276671505993711,-0.05835435514218723,0.043581257201568135,-0.04380262265839274,-0.06901203940751977,-0.01780808993114924,-0.11823472724904871,-0.053716545385610104,-0.05261792003919652,0.02354994188164561,0.08455031749239961,0.0061661421340177824,-0.028440163513486993,-0.09170361285391415,-0.027328259974527924,-0.03854546394599634,-0.07783727339372426,-0.08548313949369657,-0.056145918643343506,-0.07289591100488924,-0.20158939097922435,-0.06898842139583561,0.026759308359050493,-0.01773569207281156,-0.04537222252673878,-0.1025440034918752,5.708305739622332e-4,-0.006170573694904924,-0.03944567330610571,-0.014208700498265614,-0.07905216085381195,-0.03875957962412713,-0.11422718901330153,-0.07080742469759205,0.010786366286496651,-0.04538151568401627,-0.07485068632365088,-0.04024254161026164,-0.03551273676474409,0.016975501557033645,0.010269139329634136,0.020465492121249262,0.20082878573202478,-0.05579400203078144,-0.054067221270275745,-0.052122481831410994,-0.05699783575851125,-0.0906090577987273,-0.04388341753955416,0.012033402951297845,-0.017997914754101174,0.019735573312908983,0.06310359517965125,-0.07348978744057533,0.016800163415435776,-0.07798740498792789,-0.04399476176769923,-0.032333678383442255,-0.04528346719730969,-0.06024997786863562,0.3072249890718499,-0.02885350624953631,-0.009969355358090404,-0.04762288913925161,-0.051687415660359726,0.04902026530640846,0.05868825153345991,-0.0030061301398740525,-0.05034762097907475,-0.04579903668445873,-0.027653848663815594,-0.08895549976809392,-0.08092078816975956,-0.04856439878458474
2024-09-08,0,0,0,0,0,0,0,1,0,0,0,0.0908115654428352,0.050513166673431975,0.04093989982855817,0.09200632108479745,0.038384243008315444,0.10088752645266474,0.1097979406171472,0.04968935374433414,0.11446281338081032,0.062307449224157097,0.11196977983721723,0.06079373784734621,-0.008440352551058794,0.07136607200472955,0.12542425660520617,-0.10876528301759514,0.15637478109548208,0.3449979114675976,0.07371825127448339,0.06519468388947125,0.10189477980692718,0.05388409660565774,0.07222683438884481,0.041118853447908776,0.09431445447355369,0.09309042306601167,0.10532660988197406,0.07012989956853843,-0.1525754121972991,0.1622283772851123,0.007936024720867074,0.03713681003907254,0.09450532262301792,0.1777605454663913,0.05908609768607853,0.023292354920480207,0.11036668377590964,0.09275289880325222,0.06438076340054266,0.0883071323590805,0.12250403394416498,0.08045842166829864,0.07410797215372167,0.08043747521441613,0.09124038157314818,0.09019939100826413,0.054181569059199575,0.10102017926793572,0.09197058298516225,0.0768335548060941,0.09805516194040109,0.04292674325651191,0.02123684494997491,0.10105503439372487,0.022312831128868282,0.04466948630063072,0.05382667086543336,0.10075968466365914,0.12898852899330748,-0.00224323119223957,-0.03799867182211525,0.08472005192441578,0.1183737123091877,0.16100431575554808,0.0751818938606581,0.1272985991400093,0.010507586057653562,0.08872431004990489,0.12116367992217825,0.018560121899025006,0.17488455534787928,0.11018154558901294,0.060650940722623226,0.03490825860494873,0.09520636572977459,0.10738341848976773,0.040723444007474185,-0.04864426183619486,0.014103035752100368,0.1484112341886421,0.00871927286728802,0.06473817569817619,0.11009468609630613,0.05779145717823653,0.1737833717757047,0.08671095138443263,-0.04646778267588303,0.06705909479025074,0.08390883272811855,0.16154793058073746,0.07862234648735189,-0.17812142708634848,0.09700785206893858,0.08197951582925267,0.10180074566605146,2.7688230701272687e-4,0.12209156967909696,0.10580538581301457,0.036044933397602286,0.09589216730802086,0.09731688121526627,0.05587946210017325,0.08664286523101783,0.023992426743221884,0.029644102184961163,0.08040969921261443,0.1294900586556622,0.0325295545986215,0.07750913651844371,0.052122481831410994,0.08549430252508117,0.09258227901684357,0.0507855423739656,0.10343523980893021,-0.003573688488865301,0.06310656429495065,-0.005271342706388182,0.10812329526271647,0.10736097544671885,0.111486961998982,0.08844652433853284,0.047447316193490074,0.06291991356707527,0.09463557909160425,-0.4883498133227473,0.062054331420482,0.10566241902359774,-0.021775543835497402,0.06024666905603038,0.09548380598759021,0.003236423343878414,0.08785053383097896,-0.039701284299031414,-0.017857363903626577,-0.004342834772928406,0.14197026127038725,0.39723871247008713,-0.006128202464658727
2024-09-15,0,0,0,0,0,0,0,1,0,0,0,-0.0044964104532754234,0.04601355829309739,-0.0028335713600453616,0.046173553930870526,0.062293726250855386,-0.01094909409324707,-0.012598278897296922,0.04908573130708849,0.01402420632621837,0.010977906414393779,-0.0063429513704669205,0.048068403041022556,0.19379239129597448,0.03786180037125142,0.01158332900676573,0.052572524422259015,-0.007224111684929646,-0.34597558793458916,0.05048960975958039,0.015714609098469445,0.02366375967051937,-0.020318741540919838,0.038259968596598526,0.0720178502887352,-0.0016044009859177422,0.018114507038776928,-0.004710497193770813,-0.031173928977885623,0.15957018967283254,-2.906366577875019e-4,0.011852281625911232,-0.0028082236950250916,0.03646709342100962,0.006214416685111246,0.1479728029195293,0.0036453008113284113,0.016703337087119685,0.648062943719327,0.0016092750242169274,0.05913366574575285,0.0035731114649015794,0.015040740466741198,0.04223542231740218,0.03884803462560349,0.2901735431659187,-0.004792457435945252,0.03533436400304524,0.010538574245873455,0.009733700029823211,0.029090477409345894,0.08663310207004127,0.016705778402535287,0.08169915993236199,-0.0058095913804194765,0.030380235241414866,0.04275915287023757,0.033261832399229085,0.013213350914217159,-6.506685073635055e-4,0.08100470870972742,-0.007000632091238579,-0.006724628938364674,0.04852965807566889,0.02103217832267923,0.03573265380792012,0.005238153406933677,0.0509429605937175,0.06588727892879831,0.01733904225248395,0.025069121539021744,-0.025352821376915635,-0.028978191277804655,0.02341052654583109,0.010200166899562824,0.03748327600329571,0.011463756769699351,0.025090786947621346,0.05566714040721976,0.02443640805684666,-0.0012067359261545008,0.01282218289691528,0.02149177949123171,0.005500996190347607,7.868852865042797e-4,-0.0019331148490451255,-0.052202148037665985,0.0034004580362658743,0.023272180909049034,0.04851514817492131,0.04120210427141213,0.7934483216362072,0.2107594921144882,0.0024571625683300624,-5.904930788638296e-4,0.03452472533391937,0.08847362555574456,-0.051873247363177555,0.014758620138164424,0.04056052243091113,-1.322401483010438e-4,0.045771040775829164,0.03834688750926407,0.0319201002712175,0.05973680388761249,0.041335624057907694,0.015988473107628742,0.011094771337962328,0.02915721639931146,0.05590803174646819,0.0472892258013502,0.0170230046933586,0.001688239005367187,0.013531198393334165,0.012496122964120282,0.045248591015919715,0.006990528556947595,0.032270942337284225,-0.017212755919191025,-0.04084963753832227,-0.033308187763507746,-0.03484400251566111,0.06171646251617524,-0.01877026716853969,0.017405127986934055,0.4797934400186481,-0.008444403530165623,0.0012341109797837646,0.07446289242521686,-0.009483980667041259,-0.03460386197869525,0.028142454042558995,-0.013668125223209593,0.06537297360677385,0.10367332976825416,-0.010293451668347942,0.05900855312810993,-0.41882047859587423,0.03530766019468601
2024-09-22,0,0,0,0,0,0,0,1,0,0,0,-0.057741782545503995,-0.05443955424773339,-0.007203314503879454,-0.024555556025251946,0.006337051141099614,-0.02761586881838518,0.003592961667941097,-0.029574220975820964,-0.038372914504961386,-0.040246091914147186,-0.05862266046466136,-0.05403857002752588,-0.1364868342412695,-0.05754095468084852,0.0011606539652877501,-0.0034642066976688923,-0.013517372621886459,0.2196028921367832,-0.09213075071328092,-0.06970183996755086,-0.04706269448230849,-0.02803436751320465,-0.07991183303816296,-0.04129829841113608,-0.03786826191617454,-0.0726198967719176,-0.018567187675574637,-0.03357723968470694,-0.10303314955478804,-0.04410829195841259,-0.08175836509327272,-0.07645419776369522,-0.010255392952856823,-0.042447389789860956,0.13034628641594548,-0.03329620002151845,-0.043481622823166255,-0.4092367815428428,-0.0317052975353711,-0.04665084068973613,-0.1774152717887345,-0.05018001845848641,-0.06433063314325782,-0.014811995010639123,-0.031654472769965025,-0.00745199854058054,-0.045678392102972865,-0.04353992775860149,-0.04774618378276685,-0.053925145543674446,-0.05808913403958993,-0.034877794113592486,-0.03795041803585608,-0.061177752753929227,-0.06939000619492752,-0.04571773490998332,-0.07988365351526028,-0.0369876541342915,-0.04874522344855947,-0.04694275924719182,-0.02601373682880137,-0.03351766426438019,-0.041592068307681807,-0.030870781540775383,-0.07745483188790647,-0.015306172570043408,-0.0174288222530512,-0.05834839979208173,-0.04702478411785016,-0.06602846429872411,0.049967719656158316,-0.041708267573074664,-0.09090811840368662,0.05098098957551844,-0.10641370164248531,-0.03081179432528458,-0.025625036149414804,-0.0029601704848634114,-0.007626218680750085,0.009069613609750782,-0.050598608704872206,-0.035889524288821306,-0.05852064550512459,0.006793859421407866,-0.013245226750020933,-0.0016780693236828625,-0.06654188986781229,-0.07259558362648821,-0.07622601219371994,-0.0370986374794855,-0.41839226869774304,-0.17787423578472072,-0.02299552594461929,-0.10167019255198362,-0.0847943761259069,-0.05697955724413539,-0.019001092223479787,-0.07529134192134812,-0.07491293074182259,-0.02680586688533193,-0.07757268456037014,-0.02056367758225708,-0.00893329219480421,-0.057583950526511885,-0.025103098426938253,6.538618949747388e-4,-0.04354208666332582,-0.04691178841169652,-0.058363267285400866,-0.01666074130622075,-0.047770276268686906,-0.01301659578002301,-0.026097723551282925,-0.03969186577261041,-0.01799525456250528,-0.03804608847856805,-0.023947591076440844,0.004948236981826781,-0.10644465615592669,-0.028531775279312832,-0.016469542780649604,0.00535790314814566,-0.05767836522918124,-0.03639590218392552,-0.27426069707251166,-0.02517848723603855,-0.027001640429384466,-0.04818607731511371,-0.03176958912874017,0.0618492617212949,-0.03630753036184231,-0.009397854746604928,-0.0348356039131108,-0.07258055047455159,-0.03930348947102402,-0.02054227230031369,0.04404358804297903,-0.051740467966396864
2024-09-29,0,0,0,0,0,0,0,1,0,0,0,-0.0031081913845607545,0.02086191081358546,0.06413914751824734,-0.01970591819775258,0.003484902298863446,0.00700937449257566,0.03215458946911198,-0.028894121126403327,-0.0050542975436735915,-0.002573562370940863,0.04732028800908239,0.04053888422512664,-0.07224979532298104,0.037652869525558685,0.009141271256986272,0.026900872214333127,0.015127246862790322,-0.3892628530679234,0.022802083387041705,0.05996882544750548,-0.009190789780493702,0.053214428321856744,0.021875346465107803,0,5.954153197640366e-4,0.0733236265687296,0.0317857884563173,0.016949221910140366,-0.0771539008365778,-0.006705752089843031,0.04678328083114902,0.004983660996689565,0.017440649818443177,0.02696941935320396,0.08960514727159286,-0.0014731159059753196,0.001638538790323274,-0.2520621617487757,0.05765133330651295,-0.01659619517647215,0.14362375852951725,0.001588247306270496,0.024567399971244797,0.040166041725334445,0.04743325770749607,0.010214096582333632,0.007871202152811563,0.03158399919205479,-0.02008037778995586,0.026819024677394054,-0.022300451390766973,0.03563920580759117,0.06971463261536126,0.0797779683078943,0.013134060055447705,0.03701678408331688,0.06212347770053306,0.023865715076256677,-0.007545726429686539,-0.07599406694593469,0.11938405181529976,0.002056751820074254,0.08311490671050681,-0.0036822960192264276,0.03906083253047221,0.002551021791605379,-0.04250584953263026,-0.00864691249107885,0.0017913713146526788,0.026455783053583204,0.04281401379480787,-0.018780074233156085,0.04277076455436468,-0.049810714427327873,-0.021060882564621686,0.005777977279888269,0.00403794689831205,-4.505977764388547e-4,0.015060864176195565,0.04060876608869979,0.09433504564611894,-0.012864696157418365,0.057505932074578325,0.026469488295854937,0.003132343986316677,0.026391128804437614,0.018493781595131153,-0.004209219715400003,0.03229129786351592,-0.0014779982536028413,-0.38406432722669326,-0.044191535651493474,0.01950195960428669,0.12348215757796766,0.0784264878432035,-0.07936908876630433,-0.004873239805651686,0.015416056926629729,0.06966908023581109,0.033987581165737524,0.010174375116625889,0.03225680745458437,0.03346250102821635,0.007498696091120749,-0.005725066404207446,-0.0026180167125380294,0.0061180737011845565,0.0356316559134644,0.0055790508192608,-0.033388194506036584,0.03230684768682135,0.05647778098342737,0.02286425102306211,0.009864854993842265,-0.06284847431176921,0.030515797404017775,-0.0030112537759521274,0.016139619537442584,0.028626302227898748,0.052542759592135724,8.097166434302139e-4,-0.016330329234166108,0.08345582394670892,-0.003964024096032581,-0.29746080114719575,0.04118666965953022,0.03180017316813544,-0.035331288859701715,0.015634942075448244,0.28527940337347335,-0.024903026733692712,0.003899485010608217,0.009040078151885567,-0.04476357161493816,-0.007832585620767496,0.01063507052323498,0.11141087293376284,0.02935714063482564
2024-10-06,0,0,0,0,0,0,0,0,1,0,0,0.04059208303516382,0.02106531558977842,0.01936350318708513,0.090619867348817,0.015207230713289555,0.023978145029468934,0.048764437718780584,0.02379910957385878,0.01388458218305555,0.006279276255001243,-0.015412778260841087,0.039964334623944,-0.07691085418974275,-0.010094362449400762,0.027957997774834098,-0.02064107086582645,0.0029447217102847034,0.0285635778849338,0.018220895959535355,0.033082195739031484,0.12785028707022672,0.00795571748388646,-0.005340466631317042,0.010426634744049146,-0.012096680232956736,0.017088471627655366,-0.02947711117592977,0.031459612175355645,0.1536036013316373,0.003967922727619921,0.01498756811356472,0.05998033404684655,0.07820485885788031,0.04360223930751861,-0.1404464934318037,0.03381964823978656,0.04356871000031237,-0.017401585037807976,-0.004390258770056832,0.047609836034762765,-0.014079231393158587,-0.001190948929967739,0.056637015932937906,0.035501993147289745,-0.07943054151785223,0.04221275210755504,1.289440771330419e-4,0.020107389033811707,0.061185462930220424,0.022744308973004834,-0.02197890671877456,0.05161862107262927,-0.07229661184477365,-0.03777291613379852,0.06298125469413485,0.017836943333554345,0.04284068098957672,0.0375405653273031,0.11099090710022708,0.10833367590974152,0.00637855456380354,0.024802113054930075,-0.0052397887282831235,0.02120710921873048,0.018809331957496234,0.01940866358378912,0.016027946210419586,-0.024882024467062003,0.0712602484067073,0.07224970727144164,0.018130569367801996,0.147687477532493,0.033530992757070166,-0.02366974408590483,0.013657358531056651,0.005744783956892263,0.007725555352211089,0.1848215066691381,-0.025305222668720262,-0.015154994324951154,0.031429911365512986,0.08048477360214257,0.0070814661127833745,-0.05339114586211924,0.0050692251271016175,6.289308383413683e-4,0.25617559520871147,0.005453000970271127,0.02840490133406348,0.034687849965166606,0.003542334557837812,-0.015377960211998776,0.012238478036470823,-0.01631420917958515,0.014634407518437698,0.12539252425994718,-0.022565881759840423,0.04061344358948116,0.044223144111184,-0.017951662816914293,0.05692877781204153,0.019998217782053018,0.01986229099183312,-0.0056187438790544775,0.012484313126090996,0.027631423440507952,0.038445954281833394,0.0018349619267130635,0.022999097236700017,-0.00514546949620609,-0.008607925441425301,0,0.005470977986078651,0.006267200282509933,-0.038154055973409484,0.04392345195887426,0.023819998085150118,-0.0017104023614349373,0.02928155549338829,0.013360748015279533,0.022409901399583987,0.01766533151838079,0.1205120435871816,0.05336264584432193,-0.09891098837912615,0.017349832793042808,0.020411351316386828,0.07071897087471335,0.07775467539595038,-0.005151517774110381,0.0884297972188195,0.03859681794743519,0.0888570142324312,0.07677603243373632,0.08245927482597448,-0.008750055827463576,0.9345379997925534,0.08420210012201501
2024-10-13,0,0,0,0,0,0,0,0,1,0,0,-0.02491107747301058,-0.020922448241868175,-0.12503942651193256,0.03414684510917887,0.008771986072837024,-0.005347371935544132,0.18398017048777504,0.09383860892757934,0.1136822623037288,0.004202164048386692,0.026301876337681662,-0.01850261883118698,-0.005629443188517769,-0.02461126061622565,-0.014920747883410357,0.052384742223349434,0.007722046093910251,0.06370747079711236,0.006901678862207383,-0.023349181218986104,-0.004475671050522045,-0.07114805563821491,-0.10135249426028725,-0.020481782905509505,-0.04095254085685873,-0.06906697026065078,-0.018683901480328835,0.021395024182004008,0.13842660065537515,0.1617181350940644,-0.034662119480765696,0.08599843846744193,0.08171117655052029,-0.043340116108114835,0.14470038991706335,-0.029406794792886437,0.06397507873464914,-0.023099049249470482,-0.0708251686387662,0.055943681346802165,0.0474952283130019,-0.031473245336825606,0.06721808236105264,-0.002536339277943611,0.09149801091797016,0.0605263776577889,-0.018688727167578634,-0.005464189787290685,0.2653650730924042,0.016004633274825153,0.017095996212162845,0.01727022501173181,-0.0341868685576765,-0.01887476928422327,0.18632875408325056,0.132207793837809,-0.02391469506983679,0.01606951307786808,0.19172610638026022,-0.0190943822137859,-0.08555741069255784,0.05090534890665843,-0.05227957079325929,0.03777778166735679,-0.03509715740361319,-0.04060177209471583,0.03242822777521859,-0.0017063232882081891,0.09700866265550623,0.12815426319859657,0.0015656806079222818,-0.021446106173371504,0.17913376177124807,-0.027520959893758246,0.19796485693454802,-0.013511492419254978,-0.003022520058340916,-0.20505922613261163,0.006432063778214925,-0.06178515711919541,-0.10909186327068454,-0.08613269685175062,-0.05713685119507339,-0.01590973291073361,0.027997993705686675,-0.07953461085183022,0.13538969745662577,0.2092500929620016,0.00881032527033021,-0.01874727165829171,-0.02742353051664992,0.0033368755367337855,-0.040902023330669834,-0.09870343774064505,-0.0691658369807664,0.20384645079456476,0.19462458637730684,0.04673260661624212,-0.15473770655383134,-0.029575512494120382,0.03163375649711764,-0.017692361535139867,-0.053557892254205264,-0.00282125531391042,0.015150711853824106,0.036384719944621224,0.04624972569530961,-0.041617630700290675,-0.02350499943973272,3.9674668245037736e-4,-0.03194139315247657,-0.03255656156034892,-0.028233797129013638,-0.02457753180079081,0.07746700569048315,-0.017899513428036862,0.0737383820249633,-0.018000486023621143,0.07834233305740845,0.02043493841430699,-0.05930228714727903,0.008055518377116933,-0.009015916542347568,0.055821896283180905,0.10024977199526575,-0.08766311171322716,0.004559643128877688,0.12504086079246868,-0.012781404849312672,-0.5823003495331154,0.17579533084110732,-0.015091462273781886,0.0720527116802625,0.09592364751691385,-0.0811044446498963,-0.040678146319090835,-0.3934896785928421,0.048520097229772574
2024-10-20,0,0,0,0,0,0,0,0,1,0,0,0.017062468392900598,-0.04469854626617842,0.04237704137994491,-0.1093608486643749,-0.021745318533682223,-0.011314537746891062,-0.2570793701923595,-0.11867356430756448,-0.09072008616533811,-0.001644690573492369,-0.042645884530569056,-0.055489453845884995,-0.012734034350206258,-0.005508571867691714,-0.025470545810109435,-0.0747195159611147,-0.04725288485054602,-0.0833479125526786,-0.02373814316143985,-0.0546185977562228,-0.12210674235546204,0.037914759182841706,0.04596430570116983,0.03893378371281564,0.02418422572765344,-0.006691474782045681,0.015062518901263644,-0.04193326657406615,-0.27788676334372653,-0.137805951531492,-0.02717937338330234,-0.1377066665209572,-0.137144995952573,0.02113530860902113,-0.11043742666711509,-0.0400951984700173,-0.07643482513142885,-0.0027787952067317434,0.03658800244477334,-0.06883891956742438,-0.08911345677108251,-0.005137173529290884,-0.0989818335488506,-0.01773795028561853,-0.01912104144677862,-0.09023596135350154,0.046609580760442526,-0.008365430700540522,-0.3493729220743127,-0.03075918535444444,-0.039191707047494084,-0.02452478183796636,-0.02272825107755594,-0.03281223957278723,-0.2310752410888739,-0.03346895770330072,-0.01736201094812273,-0.03047930374579977,-0.32144997895519545,-0.07100573699831703,0.03381397519548379,-0.0720235171180601,-0.01527858021803219,-0.0508284785578752,-0.06161969944049073,0.017167377707036025,-0.02166539805553036,-0.01298719552681149,-0.1404594481744681,-0.1997001581242701,-0.03178907217654814,-0.0776350814202349,-0.15185606825072018,0.010206253119192432,-0.241047701232473,-0.10595052968777541,0.013007213196066125,0.024749059843685473,-9.094629627526274e-5,0.020101179321087237,0.06741002346959402,0.005676953775207494,0.017410144946236272,2.717760582013895e-4,-0.0636312172797755,0.02274966869431161,-0.3415150999223968,-0.015368309077531173,-0.016019760066477318,-0.00877256905273871,0.018365658446501953,-0.0849761167914922,0.0260678267699177,0.051595820482734034,0.0038845057262015814,-0.29835542911972013,-0.1940845566625491,-0.07748118578566565,0.05595066451326769,0.009796947471104822,-0.07772005945043059,-0.026421506117797477,-0.09263280203360846,-0.004719852332893737,-0.01893804340202543,-0.07878843594650942,-0.07685275005658632,0.027608605374711104,-0.009235397139559787,0.007114654516758634,0.010332671844940577,0.003608609051277689,0.01779328863992724,-0.09274662959620805,-0.014991478427011984,-0.002809483849739003,-0.10348523171272461,0.0122175115624783,-0.0927941555797469,-0.07129175276388988,0.03770144728050173,-0.03896268193007213,-0.19911426592021186,-0.07843695581855492,-0.15619280529651824,0.01902851335365252,0.00834530355945784,-0.19591238987796977,0.12053987818020495,-0.3406571707419914,-0.2632792910628279,-0.09184207182124027,-0.13910493405811408,-0.16205551998096546,0.019839792839477788,0.014603537152206414,-0.34479958839703606,-0.15969671960620602
2024-10-27,0,0,0,0,0,0,0,0,1,0,0,-0.029635282570493082,-0.026950912049335862,-0.039926488779546965,-0.04820379075244219,-0.03541309530626702,-0.029500132080727326,-0.07788353364003697,-0.031472485107897796,0.08658169257490833,0.009884014837095556,-0.04508725358746979,-0.04762804898925488,-0.020516604514741132,-0.03309236085630207,-0.02802956769449505,-0.08751528226610183,-0.025631596122820177,-0.029532764902467257,-0.054004338075789526,-0.060952145506343314,-0.06620117246252644,-0.009750916370482088,-0.029070771365674375,-0.0546974180025348,0.04866762265834179,-0.04579205203643344,-0.022711714789930504,-0.053044705294899686,-0.1136475957615275,-0.062276265928829844,0.013751707624932052,-0.05549555750168267,-0.06456333817397208,-0.04594586813651258,-0.05856835415106687,0.09049931748868989,-0.06448562088099319,-0.03714904682833353,-0.02343712798449893,-0.03195677022087118,-0.03382368356298837,-0.0012368585373963015,-0.060491304251648614,-0.09395893565945279,-0.06513930217096142,-0.019398407928568062,-0.042283804224606314,-0.03342147065521939,-0.08085023600301255,-0.03334184649168037,-0.12057964614856687,-0.04565880928636723,0.04652001563489261,0.016084905610735944,-0.07156111098453799,-0.1632915230828953,-0.034427562748911456,-0.05526876853087259,-0.06397740637488347,-0.027645390879985854,0.011021925586772063,-0.049023331348511334,-0.05914416886328855,-0.02018105155527472,-0.02442257343305254,-0.02067668095257158,-0.012420471827624624,-0.027874331716660983,-0.056908705996825404,-0.010313318864182186,-0.08466505962978221,-0.09527707994756973,-0.04040744466046853,0.03511933140807244,-0.0758287472587682,0.07049180899653607,-0.004717166472326895,-0.14533444283590669,-0.01720028644707483,-0.01841056184317935,-0.06525562407256835,-0.06615196048534777,-0.045303829317743904,-0.010654382987542732,-0.01420766744468338,-0.04505389061233611,-0.190625665961762,0.05369665001360513,-0.03554332769538959,-0.07237907060133342,-0.05821895397473842,-0.040712098372004846,-0.04505446054876838,-0.04063386224560883,-0.029641514372359623,-0.06502404333158296,-0.045139123744807996,-0.06502945994090759,-0.04543654896441662,-0.018578942161968648,-0.08118396421697405,-0.029223554389331774,0.06832768866507521,-0.023385681109418854,-0.06030542291176921,-0.016260520871780315,-0.0449942090175508,0.00871085647424863,-0.030771658666753687,-0.021900138651308687,-0.062292410775651064,-0.07029998354994937,-0.03188905844032064,0.08241485102919377,-0.04048985009837125,-0.03799059262209781,0.016164638047129642,-0.030547963706461623,-0.059470152718396285,-0.031923893219358845,-0.05613612548940328,-0.01743700653205238,-0.04194211941344683,-0.03669250621711395,0.030382332649715238,-0.011839534317418021,-0.07045252753890985,-0.06965377176616983,-0.20651054739468044,0.020956038214308137,-0.10263311221838034,0.04293574462214611,-0.09279295323188741,-0.08298006733866004,-0.06526438401677037,0.05026183478088786,-0.3862872855808268,-0.034821598269413556
2024-11-03,0,0,0,0,0,0,0,0,0,1,0,-0.024406189063494566,0.010989121575595284,0.04745727493511076,0.007686707731851428,0.011154272912842877,-0.02306191579813266,0.012023511813596954,-0.034940553162577714,-0.04192154547488869,-0.024290849886245525,-0.010068568889940899,-0.026729569500123063,-0.07912074735309815,-0.017069823210425383,0.01857760938414099,0.024978674238606224,-0.006583679140556242,-0.021768590718210135,-0.02350521216097512,0.03773050639204367,0.004727076894583071,-0.019942476554664523,0.01911690318753756,0.06322379757516661,-0.07813820430914298,0.02582529340497608,-0.03894944204173534,0.002828624264923363,0.021567680229996,-0.011176066813234797,-0.040819091126333085,-0.007150296392222089,-0.0233811317883994,0.0076280062074944865,-0.022202329677002197,0.07207902290760693,0.011946970298572168,-0.03905656793911394,-0.013840577225733952,-0.04026038528962417,-0.14264355892397873,-0.02972795846184262,0.00822690381403035,-0.001967858949241119,-0.05360945060538125,-0.008956817826556218,-0.03473541750409659,-0.02856069960233576,0.011887665709929607,-0.026011573582422898,-0.11888701608307617,-0.0023653299598045407,0.03289094016975813,-0.06570933011776425,-0.009923792909924956,-0.057467778524704194,-0.053618019061321576,-0.02741601752341616,0.028614004345371313,-0.004400074792363817,-0.03202129732680792,-0.016741664082532637,0.06620617313058919,-0.024989486731922028,-0.013560159484960366,-0.058317121419605655,-0.04415016864466015,-0.016944489928585327,0.010906110870605445,-0.02422326004395714,0.020643200864851607,-0.007553028678913165,-0.08055386952026655,-0.06396352308194952,-0.04517664103442076,-0.018212280330684116,-0.06648176696859576,0.043958984094626175,-0.0059394170240043564,-0.009845606607213675,0.054444707968352546,-0.014181090375872785,-0.04109225636404634,-0.015778874080612404,-0.00903496905791279,-0.0013932429979250927,0.036801476771205266,-0.04579247831651578,-0.04549606651533544,-0.005035981866170047,-0.009691287252033831,-0.033522692038643775,-0.051321914470264574,-0.02928308138472069,-0.014481347194710281,0.05337106906510236,-8.475773921734486e-4,0.005583587993359451,0.007525361128948305,-0.043798476154102595,0.041168955721908596,-0.019938300470148995,0.007021748576711673,-0.0068032195754277325,-0.006271887865416659,0.010089206147560148,-0.03391345818913827,-0.041617338186778596,-0.05410623576416551,0.13322941466661842,0.03146553857052403,0.04390878315192648,-0.030568089345875293,-0.029779018303903726,-0.025222115232161002,-0.008345227027747093,-0.09510447284727519,-0.020101653594032598,-0.042823794273976645,-0.017778246021284083,-0.07111843330535539,-0.0323727691118032,-0.009561808161645757,-0.02112142128308303,-0.10400917136664312,-0.012330826610394752,-0.027508675888070044,0.015480593599059844,-0.025477846393850534,0.01194213794430432,-0.04087848284644391,0.003984069014873803,0.03804558580498707,0.02751118325143409,0.01713765780705412,-0.0651923295949901,0.3533606341473554,-0.02218010306387086
2024-11-10,0,0,0,0,0,0,0,0,0,1,0,0.01793987507003969,0.020730801002684096,-0.018000317787266518,0.009817029916231235,0.008683610607953085,0.007421097743925742,-0.01991919306601453,0.01458274786015945,-0.043575450256797765,-0.0035187945511463425,0.006180152361549673,0.03323135918880471,0.05261022254409653,0.0076454551564957285,0.007801873005110593,0.030457419853507695,0.027197143740530727,0.003219318675791172,0.043482220307977215,-0.011299555253933669,-0.023402181238973085,0.014907418035051911,0.03631022405659312,-0.019697079860540256,0.0025207979065671182,0.01548076980002211,0.029692497564313136,0.04130002008735367,0.05826890812397423,0.006098660891000307,0.07795791222599213,0.023248715775700646,0.022634347296344615,0.007570259939797985,0.06947963425380355,-0.22130567984425387,0.027387672365017046,0.054142085578751775,0.0018611068615097537,0.07392761158494388,0.1905333188623919,-0.020176687898358026,0.04397247896450995,-0.009676785429244106,0.11261673420738649,0.03957047423222093,0.0093277216984049,0.013051047853814168,-0.07607362347824775,0.030917243797915717,0.1639073531420827,0.03935879554167876,0.039648404211336974,0.018809331957495345,0.02863306937679333,0.03124294099977032,0.10440083681161916,0.03479855405106136,-0.010088094737856323,0.049629767667586755,0.012652464943764485,0.07169905801081988,-0.03130261736305684,0.015309813344718037,0.014666558270144847,0.04812067751894311,0.02539438579424491,-0.00868253813922415,0.008983752585811189,0.04323457017414878,0.016167948679290056,-0.017309508133756424,0.025011205864041486,0.014938037108866986,0.06958570013052601,0.04383512944418655,0.03631034841590175,0.007722538937695589,0.004318858734396969,-0.016974831261610923,-0.01551833971583072,0.035872051396385274,0.04044350518726425,0.03104218484181054,0.009443716253466405,-0.011216381172513223,-0.01602798360039248,-0.11109119036681125,0.03273846684165882,0.020276271146073555,0.004762367320750194,0.033522692038643775,0.01406772755630925,0.06353372418029046,0.004312675147946088,-0.029740740569023316,-0.008515521227656642,0.011074508111662773,0.09562469466774459,0.03353624779806719,-0.025483859864023017,-0.016909371802863227,0.022862828295434845,-0.014877467390073562,0.02328136604290343,0.045702153480855046,-0.056309304678412886,-4.5218178477934856e-4,0.07907285849462653,-0.059150198389881226,0.012837569324846143,0.007934300620706658,0.01578370952148056,0.04201865896132606,-0.014992312605619063,0.033327362241879044,0.07402874829398876,0.010054149001617496,0.05909411402378506,-0.001836173116117834,0.05233752510823031,-0.0018094639877794805,0.09326131052960207,0.06436977887527906,0.25411643563472275,0.01620696738663341,0.087218679493823,0.019972360677025236,0.06814547226196499,0.48450718486572875,0.03382879685724749,0.005287520580683491,0.03393283807278458,0.003668115793249882,-0.0194071623272718,-0.05823620754680725,-0.23324605161988465,0.01024392557013698
2024-11-17,0,0,0,0,0,0,0,0,0,1,0,-0.01818452338930321,0.005929457040438457,-0.02006068129880756,0.007483828826156724,-0.021809171924320303,0.07197995805058888,0.019454538486085582,0.01000322725841496,-0.018509760274155518,0.008974345452683608,0.10312916149791018,0.010929070532189833,-0.016460419567853712,-0.0283943919166596,0.018861221177642662,0.025254948370379005,0.0378438358650639,0.0022473723240166166,0.011385813257523303,0.048396540861850745,0.0301166200727101,0.004197640673083924,0.022315890715224107,-0.008224696815780419,-0.008850734221326206,0.032076482729025635,0.08549252843704824,0.018794693198159962,0.1115497912542267,0.053879293489810465,-0.06669832015699928,0.1804516484088463,0.07166283724602351,-0.0011915007698091173,-0.07245945496066675,0.020137898736840576,0.03800249739098671,0.025426351277262782,0.006623563519088549,0.0028574849780262923,0.06580290365523744,0.017836510253413707,0.017470696785760964,0.020344133780413998,-0.03827586992048371,-0.024686705514581853,-0.01874326965052653,0.02571737290780618,-0.10818906311646437,0.03327239338553589,0.0832596006830073,-0.03406364593384659,0.026847250036188264,0.015643836455893734,0.06336801990445551,0.03731452427192217,-0.038697073570700624,0.04381400030005622,-0.011251085565158192,-0.07609634085574957,-0.014304382723544506,-0.024297943723256665,0.005244112405101475,0.06742079130152057,0.010450182185171464,0.005767203722157888,-0.01876974680277943,0.06458921950762964,0.09323335251295184,-0.022631384704641988,0.0823510351618193,0.06459813697829553,-0.010674858376655827,0.027220856006230143,-0.08668732241600452,0.017931743966705938,0.008932756148332999,-0.08749699069347905,-0.02244652710606765,0.016974831261610923,0.02453553336601999,5.764825621970004e-4,0.07438962463564014,-0.028255891593127025,0.030982160218432142,-0.03683512244752496,-0.023196537995826105,-0.079108940090161,0.027712224479639502,0.02429778125494586,0.041505911109092075,-0.021170320403904874,0.042677193696759375,-0.01729389907679124,0.008836581800498067,0.11545571235572183,0.025193085269449078,0.018218325665197987,-0.035746670775154143,0.08000492283658645,0.0494316270882198,0.004231762493938085,0.022578461856760157,0.011248712535870453,-0.001067371572021969,-0.03215867863353239,-0.2338762816623774,0.023798676397611906,0.01739912341207628,-0.011278315037706932,-0.004096687417329825,0.013735324556618522,0.02935336241036346,0.03118268155904147,0.012372104227512892,-0.015619707147823902,-0.04321003842678195,0.0367821351869031,0.029780128016994922,0.0248071609834577,0.02666251252889751,-8.153282147551622e-4,-6.703434237422812e-4,0.015247849089412568,-0.26076527681876804,-0.020497504155502,-0.019387496866077214,0.10925645309816012,0.007242090597382678,0.10979049032925658,0.011047108365813685,0.01764175123618905,-0.027596031617244776,0.1172062582453588,-0.05038188754568651,0.032398400557250184,0.2647440038193558,0.23954798282944623
2024-11-24,0,0,0,0,0,0,0,0,0,1,0,-0.3764076656074806,-0.2410948782495126,-0.21778901740509848,-0.6353433420198185,-0.41084158076817,-0.32091239807062255,-0.4786602223850327,-0.4922490055699713,-0.5495433650812247,-0.3249247115943863,-0.41995334309778176,-0.3079530368254,-0.19978406715795938,-0.2291441534472236,-0.6378865519705386,-0.5850007950491838,-0.4749674896593481,-0.35645735471197604,-0.3909054639403937,-0.34056524724197157,-0.30263958959218584,-0.25764939655215624,-0.26196003351136987,-0.429948327804448,-0.2598781524282172,-0.35315636429702746,-0.4242277214437502,-0.44774821347706784,-0.29485160231337915,-0.6849078958287302,-0.5479671105025172,-0.3002138989010188,-0.48818016578852585,-0.274304386598315,-0.5611769625270684,-0.255507094741354,-0.3624551446612658,-0.33230635292177446,-0.26568085799779695,-0.7628536581666179,-0.8584796795622154,-0.285200241715021,-0.40785443238374697,-0.33573625806124774,-0.5062392294632225,-0.617110474170576,-0.34489034479812375,-0.31383372160557954,-0.45851200821118976,-0.4192366214269878,-0.35734334848203186,-0.3509920341568389,-0.39441007372743186,-0.385441156183183,-0.47274773995778574,-0.37465269482900165,-0.7362172503375639,-0.46965393029709723,-0.5727667306547319,-0.40651058650971716,-0.3398790725083698,-0.5071257698518057,-0.280155466472384,-0.7121099843951368,-0.32768368499265765,-0.37814793819518666,-0.42999266570973305,-0.32644661590202606,-0.6141547049606517,-0.610455464714831,-0.4498625006912178,-0.2402399956446981,-0.30561568377773796,-0.4543354358112479,-0.46102385068215135,-0.36776134854483455,-0.38915450984826183,-0.01619426108190858,-0.19693903406581192,-0.24926943779317856,-0.2149857142636158,-0.3323011370389928,-0.5316946705442485,-0.20836733826077403,-0.3198909758213988,-0.2369155405358061,-0.01803470885839431,-0.47601150374426915,-0.35653222951006214,-0.5721273389371992,-0.3410405405915924,-0.24342858186500216,-0.37267964685019006,-0.4016891438986292,-0.2856402589677751,-0.41705611921799335,-0.39234790242692874,-0.4288928224326263,-0.2802859893096352,-0.4322489068709432,-0.49448191027881805,-0.2897807091087028,-0.30244754354013637,-0.33677989020570553,-0.3458221578458245,-0.6532664558325028,-0.6654109093343585,-0.2587713010395776,-0.39934169846160916,-0.39157338855893986,-0.2860413829943216,-0.3212764752346233,-0.26135774225422814,-0.2965056858650801,-0.5268253335179933,-0.5404839514522015,-0.46784220022877676,-0.3582486107112288,-0.5441128765445207,-0.39555422420871,-0.3719773912546307,-0.36262231827163305,-0.25552959075768555,-0.37073771478776063,-0.28946258830919014,-0.2661534632040654,-0.5566835927985219,-0.38363409625813993,-0.5420283901435443,-0.2987677329352172,-0.43423063273734197,-0.4422406266593857,-0.40656797142249435,-0.2841448134050495,-0.23720551931223355,-0.3913041051186674,-0.642363353789766,-0.3594916194101163
2024-12-01,0,0,0,0,0,0,0,0,0,0,1,0.2671519078372242,0.1393570501261765,0.1493403097743613,0.5655075142328796,0.3048707973364264,0.22383518849462103,0.30379767999426477,0.352179883725638,0.4926447674227905,0.22616663827083805,0.2445057851259529,0.23333039662120303,0.06433005918513146,0.18785438046890324,0.5922468060998654,0.412119700118609,0.4329225553314551,0.20145112848598234,0.2779832314634474,0.2157137355159362,0.24249815832948496,0.1779228554640886,0.15164566849728978,0.3486266840312737,0.18034331678184934,0.23423879560614935,0.25596552937097883,0.3463674495394784,0.0532082622757013,0.5400147405939952,0.4887589830104089,0.14548192089510614,0.3401950609828681,0.19493483067970097,0.44934471532666276,0.16083185798986044,0.3389134558729099,0.2194738224252477,0.16553258677639704,0.7832909513697999,0.7272201546320094,0.19940798768849533,0.28256854904595485,0.22308296177800369,0.3245229385003148,0.5126913628885283,0.2605275419945805,0.2309161410683762,0.28152253779098135,0.3162047483545978,0.1737487647077085,0.23796117683510332,0.28978512264855993,0.3077084156703487,0.35466617774098275,0.2563876098933644,0.6451851166379594,0.3490362903869091,0.33781481905604505,0.3717799520044309,0.25024477139120727,0.4303083532905525,0.17021828378714599,0.6321318855007805,0.22258657517383362,0.3122633406664548,0.29646947521858547,0.1823215567939549,0.4612875164053696,0.5416749029460934,0.29138585576150344,0.1537975001469576,0.1693046261552027,0.3876302404721299,0.3174443663718165,0.33276405567235123,0.29374466239712316,0.1201955395779688,0.08900028014580119,0.16371477044762095,0.16411753974265064,0.3066472824530795,0.36687511083829527,0.1663156880051444,0.19559908554616445,0.15032962757429313,-0.20600041713471828,0.4608456296562702,0.274587693097482,0.4758993068426447,0.21862051728747822,0.1392754900622144,0.278018255995959,0.30070928581946266,0.19442724614752027,0.2780130069544908,0.2391465054993569,0.302438072994625,0.21462425930019524,0.28039510785549737,0.3776693212168363,0.15699348824256365,0.24591556669378267,0.21104798001600678,0.22597102705814365,0.572962373187571,0.4247385912609438,0.19635778851418628,0.28595579654090475,0.3399815718546293,0.22336210666422218,0.18806319936162996,0.19366023117071762,0.27386362391650554,0.35623715331505235,0.4685658144761078,0.359449156191058,0.251907192240866,0.4402707544422739,0.28397699225923567,0.2966445591942142,0.26001715164138517,0.06878470779606971,0.2852010468104158,0.20802160074287457,0.18702440144302646,0.5235959973533193,0.2175976008645062,0.47994696235878465,0.3067699509857471,0.3149504356491786,0.373779627026984,0.3071157675776677,0.18801749546363133,0.12845415568619778,0.264461700644941,0.3048182516208513,0.10953539047557292
2024-12-08,0,0,0,0,0,0,0,0,0,0,1,-0.011805216028379029,-0.0031958072022648665,0.005548377466467969,-0.051844634761309294,-0.006507199994946866,-0.019743502589760098,-0.0187956361175754,0.02965281072524384,-0.051062593183035965,-3.7936267526283984e-4,-0.032569075136699155,-0.04546237407675768,-0.05107808135746961,-0.012436313958182232,-0.038757838855289606,-0.06400940110540088,-0.11939814783641811,-0.03631910401602223,-0.026563149662595542,-0.026555232725450573,-0.047046580862161846,0.022742043316663185,-0.010780246243792035,0.02026925232628418,-0.018738836886247334,-0.007383134440498651,-0.016909384462927335,0.013854099190416136,0.059746855577481384,-0.3671054891936194,0.028748180089064768,0.06431837543186347,0.010172819345401152,-0.023653428077452965,-0.10313806803126457,-0.020574841591025184,-0.059482348568717036,0.008946785989806472,-0.008848439009719655,-0.06716680703404165,-0.04102913361489691,-0.009092031393167055,0.031495072368010746,0.006040854421842212,-0.12212889120001513,0.005469475804535051,0.018830395352217977,0.0015034770732871294,-0.013131446555116888,0.007439463285174419,0.051265194633421274,0.05616294303132108,-0.013749555583102868,0.006839798672912956,0.03384183566793553,0.03065850137953241,0.019662967285229982,0.041811033261367925,-0.029454603734798468,-0.059813555219456305,-0.04355974373234339,0.004368363404518405,0.0363080689422377,-0.01962321298798031,-0.010386001108340537,-0.03732595761268698,-0.04338158857289187,0.0017551562206481464,-0.010057893689843667,0.018613111883394318,-0.08478682969711038,-0.030776957311624997,0.030473448709039452,-0.009470583054232762,-0.05476111301019326,-0.05625661920763747,-0.03799013049417521,-0.19192618501528003,0.014049297976556296,-0.005839614035227925,-0.08523127293040833,-0.13102266070423418,-0.04395759755684736,0.012114367940995407,-0.005849285518694458,-0.05500259416877462,0.04137684551736864,-0.05036633160066284,0.023462946000169183,-0.062358675493511484,-0.006200929336244165,0.0434188533157398,-0.04795074250392162,0.025253867321203494,0.012768600638799477,0.008378623802869356,-0.22160577431253436,-0.1461660151966795,-0.05422835825317307,-0.05120202762465986,-0.0074718456568785285,0.029620563288075274,-0.031180214353140556,-0.0783001329751567,0.02669992872091953,0.02429555430703534,-0.0020846007722692406,-0.035771503403084104,-0.013377174009007398,-0.1159435660979593,-0.027112496190335733,-0.032323434567520515,-0.008460932512178942,-0.08960694776446143,-0.08871853988047373,-0.04463296082210366,0.03426025394426446,-0.004461577062201627,-0.09929973670908332,-0.02024816082994807,-0.008270205648671869,0.03609503363637678,0.005422582901349671,0.00434824392453681,0.07768375771279779,-0.008584562448461064,-0.029519597243028883,-0.03258792849658043,-0.0045784503533150556,-0.01811558871502683,-0.01350619249997731,-0.03206569867339404,0.002852401924620551,0.0228905278256768,0.05190915532231877,-0.021564177915839977,-0.1399748642273817,0.03445739398959269
2024-12-15,0,0,0,0,0,0,0,0,0,0,1,-0.060918092104675026,-0.022577320211152774,-0.051662230012469834,-0.04744100550977848,-0.07908310679383579,-0.01292235309390044,-0.11958584943159245,-0.06514846321198586,0.0032753355790706706,-0.05358250560973854,-0.05863927253458012,-0.02804517776472082,-0.028243212313395105,-0.009881059509466716,-0.08741692450790861,0.006301083484754777,-0.11588730049148488,-0.03416604038539717,-0.06161424015426942,-0.0022929216122076213,-0.038988990292784464,-0.006542641956359674,-0.011859358580902146,0.021831678293608547,0.005310241656754755,-0.04591246434181695,-0.03847607430436106,-0.02354251895279802,-0.060382346377345186,-0.5517244712281792,-0.04641784161836071,-0.01622842632838406,-0.013248396721872169,-0.03374965678665198,-0.3273648275245211,-0.012150333722487971,-0.04616338225022876,-0.04793223270276048,-0.0034772011115400403,-0.0871586181993127,0.05412647596474596,0,-0.00925410057496201,-0.039808696147632716,-0.3519977884720147,-0.04814598666957881,-0.10042614877069234,-0.015010372644870706,-0.12421996650826905,-0.027827529323838363,-0.08976233013570312,-0.002375632773564007,-0.03357110060696922,0.008296716353843436,-0.05596577316334894,-0.05357526715613847,-0.017673156866573336,-0.03807441004882772,-0.06986180137554054,0.03757015866396429,0.007526917256362786,-0.05354844681139603,-0.049460630168399966,-0.06340490916538855,-0.04137656655417743,-0.016920877488336927,-0.26391415265090323,-0.04299811475469717,-0.07049545063394103,-0.07292095424031508,-0.052564856973731366,-0.07509706862415655,-0.05896989468444236,0.0410987728226031,-0.1597694005779351,-0.001262740313904942,-0.0577924557234164,-1.8943699382312218e-4,0.02605023100366477,-0.012917969816355068,0.0010280134547091535,-0.052887310345672844,-0.02984777221409285,-0.016185324421017278,0.024516494238383757,-0.003968426705049488,0.05924625220220303,-0.017702505464274765,-0.05206213755553257,-0.09454254952199914,-0.05257088700933821,0.3326846564084107,-0.0029671295290762956,-0.06413053364352805,0.003166837251510124,-0.05810290087461212,-0.0606372583701944,-0.10167633439607471,0.06461506444198317,-0.027515814774699443,-0.04127094872026049,-0.03589921085043013,-0.019488436896688555,0.021374859584732953,-0.07376882101570992,-0.0825698282118168,-0.054987048935917215,0.022402478494050193,-0.003348484353281833,0.14110212573411474,-0.0070302227360024006,-0.008246789274737765,-0.03246653373045305,-0.004875382927803429,-0.29263408881227804,0.016034226442084965,-0.048333943406253965,-0.03727139479723185,-0.15869706751847446,-0.0063839706099226845,-0.025465691038641047,-0.07260402214088124,-0.05521008472771527,-0.004474562373514068,-0.12097329358260112,-0.002109705423849917,-0.024126145474265392,-0.09242483412020697,-0.016340554549994835,0.008005065506870856,-0.17772011789578812,0.029403506002066315,-0.047231797432654155,-0.06550231519976357,-0.008254015114970592,-0.03606493492079643,0.19610303907215787,0.003038431865832081
2024-12-22,0,0,0,0,0,0,0,0,0,0,1,-0.4534117772243764,-0.303362917192187,-0.25425969298292017,-0.8804806542397428,-0.477848115770918,-0.4108000348100447,-0.5815413976741013,-0.6311795839525756,-0.7302038767815109,-0.3972920336079824,-0.4085107143735405,-0.2797412645488322,0.10731173578908759,-0.2657326030389049,-0.9001771979303888,-0.6403751546330927,-0.6568810025755507,-0.4128251252007651,-0.4441951441171552,-0.4353180712578455,-0.31631531348430286,-0.2596006656274019,-0.2984511592780059,-0.5568588555719653,-0.2700452558441011,-0.3715635564324833,-0.4048720762153213,-0.657435143934495,-0.21583909797561773,-0.629518826045687,-0.7163566275790769,-0.47337392354133456,-0.6347428868473806,-0.37017478853189534,-0.8294154661848898,-0.23194974736014018,-0.6030206748886009,-0.38678241373307287,-0.2765039517341359,-1.0957619304437536,-1.0825306894497668,-0.2909661476529708,-0.5922865702249718,-0.34928904341555,-0.4539312806985434,-0.828178731905,-0.4672059197362177,-0.3963877942574854,-0.4823014376397161,-0.563511109452107,-0.36854277608094943,-0.5194357796587088,-0.40767018066647864,-0.5967905234209994,-0.6046869147668792,-0.476686033868277,-0.9833020385665519,-0.623976242505865,-0.5805914332852078,-0.4501431633769952,-0.3309172602600441,-0.7213518437835207,-0.33320995800944875,-0.9788539096198203,-0.38539895801260027,-0.45891628860549183,-0.4213834261556251,-0.3521087259591509,-0.773815220990028,-0.791568704455063,-0.511105304931287,-0.2618036563579107,-0.36910222141306814,-0.5299642955227988,-0.5296780553919032,-0.5516601534630858,-0.45610401932614764,-0.017814948279232468,-0.3071946368347298,-0.24139159361264362,-0.2108256880653947,-0.3355002012523194,-0.49843070361897723,-0.24583496251628034,-0.4167571576859297,-0.21241451182198645,-0.05942456359380088,-0.6601473873743071,-0.5132728565566396,-0.7686982876441588,-0.3390980586988803,-0.8322679602715493,-0.35217193804625957,-0.42191585380248053,-0.3401005413474554,-0.47594953645202764,-0.5577378531112229,-0.37314990150959204,-0.333491608483075,-0.3836396053390878,-0.6814213981204729,-0.3302551546724306,-0.3796254859960957,-0.41787818706367474,-0.43994495866854866,-0.9406634600940746,-0.7450256742584109,-0.2959742583808458,-0.5033468714283718,-0.4781109390092322,-0.35708850887432053,-0.361560754004139,-0.31407003630352914,-0.3418013356316445,-0.47585546798947487,-0.7778693539554409,-0.6380031874037027,-0.41644286531725516,-0.7075324681837598,-0.46434719595418983,-0.4070043896861453,-0.4400636691390547,-0.1296041623634938,-0.5601528194278513,-0.5798039061903619,-0.2765763275293356,-0.7903272687493796,-0.3167155564732891,-0.7817116052657953,-0.4694566046550621,-0.4798307258975063,-0.6192213562611082,-0.47680169853263443,-0.4410274879706293,-0.19547753027501535,-0.3102649937929165,-0.5561585930906601,-0.30888704383502663
2024-12-29,0,0,0,0,0,0,0,0,0,0,1,0.15895600783774277,0.08768388152596529,0.09319059335558855,0.3837328129807176,0.3120967414956022,0.06465459909565752,0.18192518616499864,0.3990301068908062,0.21791250189665679,0.21039638064734145,0.04550518367039391,0.19161273324633754,-0.05901772643013192,0.011124236495865247,0.3320066975232381,0.25028155590598455,0.17831811993414526,0.316630576557019,0.11677416019418718,0.08944743178751047,-0.0011814746175851099,0.16879641401691448,0.08640607626640584,0.22117158685643723,0.06878592414213891,0.15593480162076023,0.05524833527982409,0.23305354977910664,0.3704832063318726,0.19465938543064265,0.40699759447038986,0.005406288308645202,0.1585422637575178,0.09636925850493405,0.38420687647928364,0.04012425305065648,0.23589990002956096,0.055934831929783435,0.19066457146352445,0.4676458776849275,0.22666379633746203,0.06342182643749528,0.20580119968936916,0.1800675668723608,0.2000211338933564,0.41877793896854065,0.17280929730966044,0.06056350170706715,0.24005032796419723,0.20292976658961592,0.058377228740362774,0.27835434524683045,0.04452374385573066,0.08370897690356394,0.3318083849548481,0.30772925832095765,0.4459649895639499,0.2110492626455054,0.17968472358881993,0.26071678095929585,0.055479152320228486,0.30764103441575585,0.1443317419589043,0.35960727106495494,0.06496973304570108,0.03832021782003103,0.2106095211551935,0.0401839778190336,0.266329343269299,0.34422200353386767,0.12289813632315383,0.004947028136517595,0.0873966592136215,0.16895094998546778,0.21354767498260507,0.15901860806990253,0.18322429312207955,-0.004716898691235372,0.10042489667135879,0.22304713014647426,0.1507467688545887,0.09314389912618815,0.04051979895093183,0.05084610052155991,0.07277107355888024,0.2364052975696369,0.2656556106582748,0.21926005128781156,0.18344173170271816,0.18525579376557033,0.045571434250816445,0.5557473111575026,0.030663812886115416,0.1336696064415177,0.2218503083276291,0.2063450484619711,0.25002111785219405,0.06142594729489925,0.2063364329978281,0.02669660081705949,0.25346567075109583,0.23681210009010112,0.13115442271750855,0.20092556993785227,0.21486154253651168,0.4561268286413114,0.5194447611384891,0.209828719793288,0.07642659740003754,0.17687993599913465,0.10331602794369577,0.21828153687438956,-0.005948242122394198,0.08974481172603888,0.30059494845456225,0.34825545294720417,0.4219091692748531,0.05447970175695893,0.23270886253499068,0.13303090349971392,0.11156236064468494,0.2183772371501016,-0.029139244271346953,0.18440226314319919,0.9263789982943003,0.22131910321032588,0.2762939437566194,0.23160666328177726,0.24599899379379941,0.1669963906912093,0.23892741901547154,0.18822444487573442,0.21406532646300036,0.1712354553705442,0.09071896566487858,0.0011001101219507703,0.21071896647767563,-0.02727921944568301
